--
-- PostgreSQL database dump
--

-- Dumped from database version 10.4
-- Dumped by pg_dump version 10.4

SET statement_timeout = 0;
SET lock_timeout = 0;
SET idle_in_transaction_session_timeout = 0;
SET client_encoding = 'UTF8';
SET standard_conforming_strings = on;
SELECT pg_catalog.set_config('search_path', '', false);
SET check_function_bodies = false;
SET client_min_messages = warning;
SET row_security = off;

SET default_tablespace = '';

SET default_with_oids = false;

--
-- Name: area; Type: TABLE; Schema: public; Owner: test
--

CREATE TABLE public.area (
    id   bigint                NOT NULL,
    name character varying(32) NOT NULL,
    isp  character varying(32)
);


ALTER TABLE public.area
    OWNER TO test;

--
-- Name: area_area; Type: TABLE; Schema: public; Owner: test
--

CREATE TABLE public.area_area (
    from_id  bigint NOT NULL,
    to_id    bigint NOT NULL,
    distance bigint NOT NULL
);


ALTER TABLE public.area_area
    OWNER TO test;

--
-- Name: area_id_seq; Type: SEQUENCE; Schema: public; Owner: test
--

CREATE SEQUENCE public.area_id_seq
    START WITH 1
    INCREMENT BY 1
    NO MINVALUE
    NO MAXVALUE
    CACHE 1;


ALTER TABLE public.area_id_seq
    OWNER TO test;

--
-- Name: area_id_seq; Type: SEQUENCE OWNED BY; Schema: public; Owner: test
--

ALTER SEQUENCE public.area_id_seq
    OWNED BY public.area.id;

--
-- Name: iprange; Type: TABLE; Schema: public; Owner: test
--

CREATE TABLE public.iprange (
    id bigint NOT NULL,
    ip cidr   NOT NULL
);


ALTER TABLE public.iprange
    OWNER TO test;

--
-- Name: iprange_area; Type: TABLE; Schema: public; Owner: test
--

CREATE TABLE public.iprange_area (
    iprange_id bigint NOT NULL,
    area_id    bigint NOT NULL
);


ALTER TABLE public.iprange_area
    OWNER TO test;

--
-- Name: iprange_id_seq; Type: SEQUENCE; Schema: public; Owner: test
--

CREATE SEQUENCE public.iprange_id_seq
    START WITH 1
    INCREMENT BY 1
    NO MINVALUE
    NO MAXVALUE
    CACHE 1;


ALTER TABLE public.iprange_id_seq
    OWNER TO test;

--
-- Name: iprange_id_seq; Type: SEQUENCE OWNED BY; Schema: public; Owner: test
--

ALTER SEQUENCE public.iprange_id_seq
    OWNED BY public.iprange.id;

--
-- Name: mirror; Type: TABLE; Schema: public; Owner: test
--

CREATE TABLE public.mirror (
    id   bigint                NOT NULL,
    name character varying(64) NOT NULL
);


ALTER TABLE public.mirror
    OWNER TO test;

--
-- Name: mirror_id_seq; Type: SEQUENCE; Schema: public; Owner: test
--

CREATE SEQUENCE public.mirror_id_seq
    START WITH 1
    INCREMENT BY 1
    NO MINVALUE
    NO MAXVALUE
    CACHE 1;


ALTER TABLE public.mirror_id_seq
    OWNER TO test;

--
-- Name: mirror_id_seq; Type: SEQUENCE OWNED BY; Schema: public; Owner: test
--

ALTER SEQUENCE public.mirror_id_seq
    OWNED BY public.mirror.id;

--
-- Name: mirrorignore; Type: TABLE; Schema: public; Owner: test
--

CREATE TABLE public.mirrorignore (
    mirrorstationid bigint                 NOT NULL,
    mirrorname      character varying(128) NOT NULL
);


ALTER TABLE public.mirrorignore
    OWNER TO test;

--
-- Name: mirrorstation; Type: TABLE; Schema: public; Owner: test
--

CREATE TABLE public.mirrorstation (
    id       bigint                 NOT NULL,
    name     character varying(32)  NOT NULL,
    url      character varying(128) NOT NULL,
    selector character varying(128),
    jsonurl  character varying(128),
    alive    boolean DEFAULT false  NOT NULL
);


ALTER TABLE public.mirrorstation
    OWNER TO test;

--
-- Name: mirrorstation_area; Type: TABLE; Schema: public; Owner: test
--

CREATE TABLE public.mirrorstation_area (
    mirrorstation_id bigint NOT NULL,
    area_id          bigint NOT NULL
);


ALTER TABLE public.mirrorstation_area
    OWNER TO test;

--
-- Name: mirrorstation_id_seq; Type: SEQUENCE; Schema: public; Owner: test
--

CREATE SEQUENCE public.mirrorstation_id_seq
    START WITH 1
    INCREMENT BY 1
    NO MINVALUE
    NO MAXVALUE
    CACHE 1;


ALTER TABLE public.mirrorstation_id_seq
    OWNER TO test;

--
-- Name: mirrorstation_id_seq; Type: SEQUENCE OWNED BY; Schema: public; Owner: test
--

ALTER SEQUENCE public.mirrorstation_id_seq
    OWNED BY public.mirrorstation.id;

--
-- Name: mirrorstation_mirror; Type: TABLE; Schema: public; Owner: test
--

CREATE TABLE public.mirrorstation_mirror (
    mirrorstation_id bigint NOT NULL,
    mirror_id        bigint NOT NULL
);


ALTER TABLE public.mirrorstation_mirror
    OWNER TO test;

--
-- Name: area id; Type: DEFAULT; Schema: public; Owner: test
--

ALTER TABLE ONLY public.area
    ALTER COLUMN id SET DEFAULT nextval('public.area_id_seq' :: regclass);

--
-- Name: iprange id; Type: DEFAULT; Schema: public; Owner: test
--

ALTER TABLE ONLY public.iprange
    ALTER COLUMN id SET DEFAULT nextval('public.iprange_id_seq' :: regclass);

--
-- Name: mirror id; Type: DEFAULT; Schema: public; Owner: test
--

ALTER TABLE ONLY public.mirror
    ALTER COLUMN id SET DEFAULT nextval('public.mirror_id_seq' :: regclass);

--
-- Name: mirrorstation id; Type: DEFAULT; Schema: public; Owner: test
--

ALTER TABLE ONLY public.mirrorstation
    ALTER COLUMN id SET DEFAULT nextval('public.mirrorstation_id_seq' :: regclass);

--
-- Data for Name: area; Type: TABLE DATA; Schema: public; Owner: test
--

COPY public.area (id, name, isp) FROM stdin;
1	安徽	CHINAGBN
2	北京	ZHONG-BANG-YA-TONG
3	广东	CHINAGBN
4	广东	EASTERNFIBERNET
5	山东	CHINAGBN
6	广东	GZPRBNET
7	北京	CHINAGBN
8	湖北	CHINAGBN
9	浙江	CHINAGBN
10	重庆	CHINAGBN
11	吉林	CHINAGBN
12	安徽	UNICOM
13	福建	CHINAGBN
14	广东	UNICOM
15	辽宁	CHINAGBN
16	北京	CRTC
17	安徽	CSTN
18	河南	UNICOM
19	北京	GWBN
20	北京	CSTN
21	上海	CRTC
22	北京	CTN
23	广东	CTN
24	重庆	BCN
25	广东	GWBN
26	湖北	CTN
27	山东	CTN
28	重庆	CMNET
29	湖北	GWBN
30	浙江	WASU
31	江苏	CMNET
32	安徽	CNCGROUP
33	北京	FOUNDERBN
34	广西	CMNET
35	陕西	CMNET
36	广东	CNCGROUP
37	河南	CMNET
38	海南	CNCGROUP
39	福建	WSN
40	山西	CMNET
41	江苏	CNCGROUP
42	湖南	CMNET
43	山东	CNCGROUP
44	浙江	CMNET
45	黑龙江	UNICOM
46	安徽	CERNET
47	湖北	HTXX
48	广东	CERNET
49	天津	CNCGROUP
50	江西	BCN
51	福建	BCN
52	北京	CNCGROUP
53	四川	BCN
54	广东	BCN
55	甘肃	CNCGROUP
56	安徽	CHINANET
57	黑龙江	CNCGROUP
58	山东	BCN
59	辽宁	CNCGROUP
60	江西	UNICOM
61	上海	CNCGROUP
62	湖北	BCN
63	新疆	CNCGROUP
64	重庆	CNCGROUP
65	青海	UNICOM
66	天津	BCN
67	湖北	CERNET
68	河南	CNCGROUP
69	陕西	UNICOM
70	湖南	CNCGROUP
71	内蒙古	CNCGROUP
72	西藏	UNICOM
73	北京	UNICOM
74	广东	CHINANET
75	吉林	CERNET
76	内蒙古	CERNET
77	陕西	CNCGROUP
78	陕西	CERNET
79	西藏	CNCGROUP
80	福建	CNCGROUP
81	甘肃	UNICOM
82	河北	CNCGROUP
83	湖北	UNICOM
84	吉林	CNCGROUP
85	北京	CERNET
86	宁夏	CNCGROUP
87	山西	CNCGROUP
88	湖南	UNICOM
89	辽宁	UNICOM
90	甘肃	CERNET
91	云南	CNCGROUP
92	海南	CERNET
93	江苏	CERNET
94	四川	UNICOM
95	四川	CERNET
96	山西	UNICOM
97	云南	UNICOM
98	山西	CERNET
99	重庆	CERNET
100	广西	CERNET
101	重庆	UNICOM
102	黑龙江	CERNET
103	江西	CERNET
104	山东	CERNET
105	天津	CERNET
106	广西	UNICOM
107	福建	CERNET
108	河北	UNICOM
109	河南	CERNET
110	湖南	CERNET
111	辽宁	CERNET
112	上海	CERNET
113	吉林	UNICOM
114	浙江	CERNET
115	内蒙古	UNICOM
116	山东	UNICOM
117	天津	UNICOM
118	浙江	UNICOM
119	福建	UNICOM
120	贵州	UNICOM
121	海南	UNICOM
122	江苏	UNICOM
123	宁夏	UNICOM
124	上海	UNICOM
125	新疆	UNICOM
126	河南	CHINANET
127	香港	CHINANET
128	江苏	CHINANET
129	宁夏	CHINANET
130	上海	CHINANET
131	新疆	CHINANET
132	北京	CHINANET
133	甘肃	CHINANET
134	湖北	CHINANET
135	黑龙江	CHINANET
136	江西	CHINANET
137	青海	CHINANET
138	陕西	CHINANET
139	西藏	CHINANET
140	重庆	CHINANET
141	广西	CHINANET
142	河北	CHINANET
143	湖南	CHINANET
144	辽宁	CHINANET
145	四川	CHINANET
146	山西	CHINANET
147	云南	CHINANET
148	福建	CHINANET
149	贵州	CHINANET
150	海南	CHINANET
151	吉林	CHINANET
152	内蒙古	CHINANET
153	山东	CHINANET
154	天津	CHINANET
155	浙江	CHINANET
156	安徽	CMNET
157	上海	CMNET
\.


--
-- Data for Name: area_area; Type: TABLE DATA; Schema: public; Owner: test
--

COPY public.area_area (from_id, to_id, distance) FROM stdin;
1	1	0
1	2	426
1	3	585
1	4	595
1	5	265
1	6	595
1	7	416
1	8	536
1	9	338
1	10	1194
1	11	1254
1	12	10
1	13	312
1	14	595
1	15	820
1	16	426
1	17	10
1	18	431
1	19	426
1	20	426
1	21	487
1	22	426
1	23	595
1	24	1204
1	25	595
1	26	546
1	27	275
1	28	1204
1	29	546
1	30	348
1	31	258
1	32	10
1	33	426
1	34	1000
1	35	887
1	36	595
1	37	431
1	38	938
1	39	322
1	40	604
1	41	258
1	42	651
1	43	275
1	44	348
1	45	1525
1	46	10
1	47	546
1	48	595
1	49	381
1	50	276
1	51	322
1	52	426
1	53	1605
1	54	595
1	55	1668
1	56	10
1	57	1525
1	58	275
1	59	830
1	60	276
1	61	487
1	62	546
1	63	3521
1	64	1204
1	65	2351
1	66	381
1	67	546
1	68	431
1	69	887
1	70	651
1	71	652
1	72	3136
1	73	426
1	74	595
1	75	1264
1	76	652
1	77	887
1	78	887
1	79	3136
1	80	322
1	81	1668
1	82	387
1	83	546
1	84	1264
1	85	426
1	86	1261
1	87	604
1	88	651
1	89	830
1	90	1668
1	91	1766
1	92	938
1	93	258
1	94	1605
1	95	1605
1	96	604
1	97	1766
1	98	604
1	99	1204
1	100	1000
1	101	1204
1	102	1525
1	103	276
1	104	275
1	105	381
1	106	1000
1	107	322
1	108	387
1	109	431
1	110	651
1	111	830
1	112	487
1	113	1264
1	114	348
1	115	652
1	116	275
1	117	381
1	118	348
1	119	322
1	120	1194
1	121	938
1	122	258
1	123	1261
1	124	487
1	125	3521
1	126	431
1	127	590
1	128	258
1	129	1261
1	130	487
1	131	3521
1	132	426
1	133	1668
1	134	546
1	135	1525
1	136	276
1	137	2351
1	138	887
1	139	3136
1	140	1204
1	141	1000
1	142	387
1	143	651
1	144	830
1	145	1605
1	146	604
1	147	1766
1	148	322
1	149	1194
1	150	938
1	151	1264
1	152	652
1	153	275
1	154	381
1	155	348
1	156	10
1	157	487
2	1	426
2	2	0
2	3	850
2	4	850
2	5	319
2	6	850
2	7	10
2	8	607
2	9	700
2	10	1183
2	11	1165
2	12	426
2	13	737
2	14	850
2	15	724
2	16	10
2	17	426
2	18	401
2	19	10
2	20	10
2	21	744
2	22	10
2	23	850
2	24	1183
2	25	850
2	26	607
2	27	319
2	28	1183
2	29	607
2	30	700
2	31	499
2	32	426
2	33	10
2	34	1092
2	35	797
2	36	850
2	37	401
2	38	1109
2	39	737
2	40	453
2	41	499
2	42	769
2	43	319
2	44	700
2	45	1378
2	46	426
2	47	607
2	48	850
2	49	109
2	50	610
2	51	737
2	52	10
2	53	1550
2	54	850
2	55	1563
2	56	426
2	57	1378
2	58	319
2	59	724
2	60	610
2	61	744
2	62	607
2	63	3437
2	64	1183
2	65	2261
2	66	109
2	67	607
2	68	401
2	69	797
2	70	769
2	71	288
2	72	3044
2	73	10
2	74	850
2	75	1165
2	76	288
2	77	797
2	78	797
2	79	3044
2	80	737
2	81	1563
2	82	114
2	83	607
2	84	1165
2	85	10
2	86	1155
2	87	453
2	88	769
2	89	724
2	90	1563
2	91	1733
2	92	1109
2	93	499
2	94	1550
2	95	1550
2	96	453
2	97	1733
2	98	453
2	99	1183
2	100	1092
2	101	1183
2	102	1378
2	103	610
2	104	319
2	105	109
2	106	1092
2	107	737
2	108	114
2	109	401
2	110	769
2	111	724
2	112	744
2	113	1165
2	114	700
2	115	288
2	116	319
2	117	109
2	118	700
2	119	737
2	120	1205
2	121	1109
2	122	499
2	123	1155
2	124	744
2	125	3437
2	126	401
2	127	887
2	128	499
2	129	1155
2	130	744
2	131	3437
2	132	10
2	133	1563
2	134	607
2	135	1378
2	136	610
2	137	2261
2	138	797
2	139	3044
2	140	1183
2	141	1092
2	142	114
2	143	769
2	144	724
2	145	1550
2	146	453
2	147	1733
2	148	737
2	149	1205
2	150	1109
2	151	1165
2	152	288
2	153	319
2	154	109
2	155	700
2	156	426
2	157	744
3	1	585
3	2	850
3	3	0
3	4	10
3	5	840
3	6	10
3	7	840
3	8	355
3	9	785
3	10	798
3	11	1838
3	12	595
3	13	527
3	14	10
3	15	1403
3	16	850
3	17	595
3	18	515
3	19	850
3	20	850
3	21	995
3	22	850
3	23	10
3	24	808
3	25	10
3	26	365
3	27	850
3	28	808
3	29	365
3	30	795
3	31	826
3	32	595
3	33	850
3	34	508
3	35	675
3	36	10
3	37	515
3	38	377
3	39	537
3	40	644
3	41	826
3	42	272
3	43	850
3	44	795
3	45	2108
3	46	595
3	47	365
3	48	10
3	49	868
3	50	334
3	51	537
3	52	850
3	53	1201
3	54	10
3	55	1319
3	56	595
3	57	2108
3	58	850
3	59	1413
3	60	334
3	61	995
3	62	365
3	63	3081
3	64	808
3	65	1945
3	66	868
3	67	365
3	68	515
3	69	675
3	70	272
3	71	918
3	72	2710
3	73	850
3	74	10
3	75	1848
3	76	918
3	77	675
3	78	675
3	79	2710
3	80	537
3	81	1319
3	82	755
3	83	365
3	84	1848
3	85	850
3	86	967
3	87	644
3	88	272
3	89	1413
3	90	1319
3	91	1325
3	92	377
3	93	826
3	94	1201
3	95	1201
3	96	644
3	97	1325
3	98	644
3	99	808
3	100	508
3	101	808
3	102	2108
3	103	334
3	104	850
3	105	868
3	106	508
3	107	537
3	108	755
3	109	515
3	110	272
3	111	1413
3	112	995
3	113	1848
3	114	795
3	115	918
3	116	850
3	117	868
3	118	795
3	119	537
3	120	763
3	121	377
3	122	826
3	123	967
3	124	995
3	125	3081
3	126	515
3	127	106
3	128	826
3	129	967
3	130	995
3	131	3081
3	132	850
3	133	1319
3	134	365
3	135	2108
3	136	334
3	137	1945
3	138	675
3	139	2710
3	140	808
3	141	508
3	142	755
3	143	272
3	144	1413
3	145	1201
3	146	644
3	147	1325
3	148	537
3	149	763
3	150	377
3	151	1848
3	152	918
3	153	850
3	154	868
3	155	795
3	156	595
3	157	995
4	1	595
4	2	850
4	3	10
4	4	0
4	5	850
4	6	10
4	7	850
4	8	365
4	9	795
4	10	808
4	11	1848
4	12	595
4	13	537
4	14	10
4	15	1413
4	16	850
4	17	595
4	18	515
4	19	850
4	20	850
4	21	995
4	22	850
4	23	10
4	24	808
4	25	10
4	26	365
4	27	850
4	28	808
4	29	365
4	30	795
4	31	826
4	32	595
4	33	850
4	34	508
4	35	675
4	36	10
4	37	515
4	38	377
4	39	537
4	40	644
4	41	826
4	42	272
4	43	850
4	44	795
4	45	2108
4	46	595
4	47	365
4	48	10
4	49	868
4	50	334
4	51	537
4	52	850
4	53	1201
4	54	10
4	55	1319
4	56	595
4	57	2108
4	58	850
4	59	1413
4	60	334
4	61	995
4	62	365
4	63	3081
4	64	808
4	65	1945
4	66	868
4	67	365
4	68	515
4	69	675
4	70	272
4	71	918
4	72	2710
4	73	850
4	74	10
4	75	1848
4	76	918
4	77	675
4	78	675
4	79	2710
4	80	537
4	81	1319
4	82	755
4	83	365
4	84	1848
4	85	850
4	86	967
4	87	644
4	88	272
4	89	1413
4	90	1319
4	91	1325
4	92	377
4	93	826
4	94	1201
4	95	1201
4	96	644
4	97	1325
4	98	644
4	99	808
4	100	508
4	101	808
4	102	2108
4	103	334
4	104	850
4	105	868
4	106	508
4	107	537
4	108	755
4	109	515
4	110	272
4	111	1413
4	112	995
4	113	1848
4	114	795
4	115	918
4	116	850
4	117	868
4	118	795
4	119	537
4	120	763
4	121	377
4	122	826
4	123	967
4	124	995
4	125	3081
4	126	515
4	127	106
4	128	826
4	129	967
4	130	995
4	131	3081
4	132	850
4	133	1319
4	134	365
4	135	2108
4	136	334
4	137	1945
4	138	675
4	139	2710
4	140	808
4	141	508
4	142	755
4	143	272
4	144	1413
4	145	1201
4	146	644
4	147	1325
4	148	537
4	149	763
4	150	377
4	151	1848
4	152	918
4	153	850
4	154	868
4	155	795
4	156	595
4	157	995
5	1	265
5	2	319
5	3	840
5	4	850
5	5	0
5	6	850
5	7	309
5	8	720
5	9	410
5	10	1363
5	11	1007
5	12	275
5	13	533
5	14	850
5	15	565
5	16	319
5	17	275
5	18	557
5	19	319
5	20	319
5	21	436
5	22	319
5	23	850
5	24	1373
5	25	850
5	26	730
5	27	10
5	28	1373
5	29	730
5	30	420
5	31	201
5	32	275
5	33	319
5	34	1213
5	35	1015
5	36	850
5	37	557
5	38	1177
5	39	543
5	40	685
5	41	201
5	42	864
5	43	10
5	44	420
5	45	1270
5	46	275
5	47	730
5	48	850
5	49	226
5	50	539
5	51	543
5	52	319
5	53	1763
5	54	850
5	55	1801
5	56	275
5	57	1270
5	58	10
5	59	575
5	60	539
5	61	436
5	62	730
5	63	3672
5	64	1373
5	65	2496
5	66	226
5	67	730
5	68	557
5	69	1015
5	70	864
5	71	596
5	72	3282
5	73	319
5	74	850
5	75	1017
5	76	596
5	77	1015
5	78	1015
5	79	3282
5	80	543
5	81	1801
5	82	354
5	83	730
5	84	1017
5	85	319
5	86	1389
5	87	685
5	88	864
5	89	575
5	90	1801
5	91	1935
5	92	1177
5	93	201
5	94	1763
5	95	1763
5	96	685
5	97	1935
5	98	685
5	99	1373
5	100	1213
5	101	1373
5	102	1270
5	103	539
5	104	10
5	105	226
5	106	1213
5	107	543
5	108	354
5	109	557
5	110	864
5	111	575
5	112	436
5	113	1017
5	114	420
5	115	596
5	116	10
5	117	226
5	118	420
5	119	543
5	120	1377
5	121	1177
5	122	201
5	123	1389
5	124	436
5	125	3672
5	126	557
5	127	852
5	128	201
5	129	1389
5	130	436
5	131	3672
5	132	319
5	133	1801
5	134	730
5	135	1270
5	136	539
5	137	2496
5	138	1015
5	139	3282
5	140	1373
5	141	1213
5	142	354
5	143	864
5	144	575
5	145	1763
5	146	685
5	147	1935
5	148	543
5	149	1377
5	150	1177
5	151	1017
5	152	596
5	153	10
5	154	226
5	155	420
5	156	275
5	157	436
6	1	595
6	2	850
6	3	10
6	4	10
6	5	850
6	6	0
6	7	850
6	8	365
6	9	795
6	10	808
6	11	1848
6	12	595
6	13	537
6	14	10
6	15	1413
6	16	850
6	17	595
6	18	515
6	19	850
6	20	850
6	21	995
6	22	850
6	23	10
6	24	808
6	25	10
6	26	365
6	27	850
6	28	808
6	29	365
6	30	795
6	31	826
6	32	595
6	33	850
6	34	508
6	35	675
6	36	10
6	37	515
6	38	377
6	39	537
6	40	644
6	41	826
6	42	272
6	43	850
6	44	795
6	45	2108
6	46	595
6	47	365
6	48	10
6	49	868
6	50	334
6	51	537
6	52	850
6	53	1201
6	54	10
6	55	1319
6	56	595
6	57	2108
6	58	850
6	59	1413
6	60	334
6	61	995
6	62	365
6	63	3081
6	64	808
6	65	1945
6	66	868
6	67	365
6	68	515
6	69	675
6	70	272
6	71	918
6	72	2710
6	73	850
6	74	10
6	75	1848
6	76	918
6	77	675
6	78	675
6	79	2710
6	80	537
6	81	1319
6	82	755
6	83	365
6	84	1848
6	85	850
6	86	967
6	87	644
6	88	272
6	89	1413
6	90	1319
6	91	1325
6	92	377
6	93	826
6	94	1201
6	95	1201
6	96	644
6	97	1325
6	98	644
6	99	808
6	100	508
6	101	808
6	102	2108
6	103	334
6	104	850
6	105	868
6	106	508
6	107	537
6	108	755
6	109	515
6	110	272
6	111	1413
6	112	995
6	113	1848
6	114	795
6	115	918
6	116	850
6	117	868
6	118	795
6	119	537
6	120	763
6	121	377
6	122	826
6	123	967
6	124	995
6	125	3081
6	126	515
6	127	106
6	128	826
6	129	967
6	130	995
6	131	3081
6	132	850
6	133	1319
6	134	365
6	135	2108
6	136	334
6	137	1945
6	138	675
6	139	2710
6	140	808
6	141	508
6	142	755
6	143	272
6	144	1413
6	145	1201
6	146	644
6	147	1325
6	148	537
6	149	763
6	150	377
6	151	1848
6	152	918
6	153	850
6	154	868
6	155	795
6	156	595
6	157	995
7	1	416
7	2	10
7	3	840
7	4	850
7	5	309
7	6	850
7	7	0
7	8	597
7	9	690
7	10	1173
7	11	1155
7	12	426
7	13	727
7	14	850
7	15	714
7	16	10
7	17	426
7	18	401
7	19	10
7	20	10
7	21	744
7	22	10
7	23	850
7	24	1183
7	25	850
7	26	607
7	27	319
7	28	1183
7	29	607
7	30	700
7	31	499
7	32	426
7	33	10
7	34	1092
7	35	797
7	36	850
7	37	401
7	38	1109
7	39	737
7	40	453
7	41	499
7	42	769
7	43	319
7	44	700
7	45	1378
7	46	426
7	47	607
7	48	850
7	49	109
7	50	610
7	51	737
7	52	10
7	53	1550
7	54	850
7	55	1563
7	56	426
7	57	1378
7	58	319
7	59	724
7	60	610
7	61	744
7	62	607
7	63	3437
7	64	1183
7	65	2261
7	66	109
7	67	607
7	68	401
7	69	797
7	70	769
7	71	288
7	72	3044
7	73	10
7	74	850
7	75	1165
7	76	288
7	77	797
7	78	797
7	79	3044
7	80	737
7	81	1563
7	82	114
7	83	607
7	84	1165
7	85	10
7	86	1155
7	87	453
7	88	769
7	89	724
7	90	1563
7	91	1733
7	92	1109
7	93	499
7	94	1550
7	95	1550
7	96	453
7	97	1733
7	98	453
7	99	1183
7	100	1092
7	101	1183
7	102	1378
7	103	610
7	104	319
7	105	109
7	106	1092
7	107	737
7	108	114
7	109	401
7	110	769
7	111	724
7	112	744
7	113	1165
7	114	700
7	115	288
7	116	319
7	117	109
7	118	700
7	119	737
7	120	1205
7	121	1109
7	122	499
7	123	1155
7	124	744
7	125	3437
7	126	401
7	127	887
7	128	499
7	129	1155
7	130	744
7	131	3437
7	132	10
7	133	1563
7	134	607
7	135	1378
7	136	610
7	137	2261
7	138	797
7	139	3044
7	140	1183
7	141	1092
7	142	114
7	143	769
7	144	724
7	145	1550
7	146	453
7	147	1733
7	148	737
7	149	1205
7	150	1109
7	151	1165
7	152	288
7	153	319
7	154	109
7	155	700
7	156	426
7	157	744
8	1	536
8	2	607
8	3	355
8	4	365
8	5	720
8	6	365
8	7	597
8	8	0
8	9	846
8	10	658
8	11	1714
8	12	546
8	13	667
8	14	365
8	15	1267
8	16	607
8	17	546
8	18	218
8	19	607
8	20	607
8	21	1021
8	22	607
8	23	365
8	24	668
8	25	365
8	26	10
8	27	730
8	28	668
8	29	10
8	30	856
8	31	790
8	32	546
8	33	607
8	34	501
8	35	383
8	36	365
8	37	218
8	38	518
8	39	677
8	40	294
8	41	790
8	42	176
8	43	730
8	44	856
8	45	1958
8	46	546
8	47	10
8	48	365
8	49	660
8	50	406
8	51	677
8	52	607
8	53	1070
8	54	365
8	55	1140
8	56	546
8	57	1958
8	58	730
8	59	1277
8	60	406
8	61	1021
8	62	10
8	63	2986
8	64	668
8	65	1817
8	66	660
8	67	10
8	68	218
8	69	383
8	70	176
8	71	596
8	72	2601
8	73	607
8	74	365
8	75	1724
8	76	596
8	77	383
8	78	383
8	79	2601
8	80	677
8	81	1140
8	82	504
8	83	10
8	84	1724
8	85	607
8	86	741
8	87	294
8	88	176
8	89	1277
8	90	1140
8	91	1231
8	92	518
8	93	790
8	94	1070
8	95	1070
8	96	294
8	97	1231
8	98	294
8	99	668
8	100	501
8	101	668
8	102	1958
8	103	406
8	104	730
8	105	660
8	106	501
8	107	677
8	108	504
8	109	218
8	110	176
8	111	1277
8	112	1021
8	113	1724
8	114	856
8	115	596
8	116	730
8	117	660
8	118	856
8	119	677
8	120	662
8	121	518
8	122	790
8	123	741
8	124	1021
8	125	2986
8	126	218
8	127	448
8	128	790
8	129	741
8	130	1021
8	131	2986
8	132	607
8	133	1140
8	134	10
8	135	1958
8	136	406
8	137	1817
8	138	383
8	139	2601
8	140	668
8	141	501
8	142	504
8	143	176
8	144	1277
8	145	1070
8	146	294
8	147	1231
8	148	677
8	149	662
8	150	518
8	151	1724
8	152	596
8	153	730
8	154	660
8	155	856
8	156	546
8	157	1021
9	1	338
9	2	700
9	3	785
9	4	795
9	5	410
9	6	795
9	7	690
9	8	846
9	9	0
9	10	1495
9	11	1157
9	12	348
9	13	277
9	14	795
9	15	785
9	16	700
9	17	348
9	18	766
9	19	700
9	20	700
9	21	218
9	22	700
9	23	795
9	24	1505
9	25	795
9	26	856
9	27	420
9	28	1505
9	29	856
9	30	10
9	31	233
9	32	348
9	33	700
9	34	1264
9	35	1214
9	36	795
9	37	766
9	38	1161
9	39	287
9	40	941
9	41	233
9	42	930
9	43	420
9	44	10
9	45	1449
9	46	348
9	47	856
9	48	795
9	49	623
9	50	493
9	51	287
9	52	700
9	53	1910
9	54	795
9	55	1986
9	56	348
9	57	1449
9	58	420
9	59	795
9	60	493
9	61	218
9	62	856
9	63	3822
9	64	1505
9	65	2660
9	66	623
9	67	856
9	68	766
9	69	1214
9	70	930
9	71	961
9	72	3441
9	73	700
9	74	795
9	75	1167
9	76	961
9	77	1214
9	78	1214
9	79	3441
9	80	287
9	81	1986
9	82	695
9	83	856
9	84	1167
9	85	700
9	86	1584
9	87	941
9	88	930
9	89	795
9	90	1986
9	91	2060
9	92	1161
9	93	233
9	94	1910
9	95	1910
9	96	941
9	97	2060
9	98	941
9	99	1505
9	100	1264
9	101	1505
9	102	1449
9	103	493
9	104	420
9	105	623
9	106	1264
9	107	287
9	108	695
9	109	766
9	110	930
9	111	795
9	112	218
9	113	1167
9	114	10
9	115	961
9	116	420
9	117	623
9	118	10
9	119	287
9	120	1485
9	121	1161
9	122	233
9	123	1584
9	124	218
9	125	3822
9	126	766
9	127	750
9	128	233
9	129	1584
9	130	218
9	131	3822
9	132	700
9	133	1986
9	134	856
9	135	1449
9	136	493
9	137	2660
9	138	1214
9	139	3441
9	140	1505
9	141	1264
9	142	695
9	143	930
9	144	795
9	145	1910
9	146	941
9	147	2060
9	148	287
9	149	1485
9	150	1161
9	151	1167
9	152	961
9	153	420
9	154	623
9	155	10
9	156	348
9	157	218
10	1	1194
10	2	1183
10	3	798
10	4	808
10	5	1363
10	6	808
10	7	1173
10	8	658
10	9	1495
10	10	0
10	11	2327
10	12	1204
10	13	1284
10	14	808
10	15	1883
10	16	1183
10	17	1204
10	18	827
10	19	1183
10	20	1183
10	21	1677
10	22	1183
10	23	808
10	24	10
10	25	808
10	26	668
10	27	1373
10	28	10
10	29	668
10	30	1505
10	31	1447
10	32	1204
10	33	1183
10	34	345
10	35	406
10	36	808
10	37	827
10	38	551
10	39	1294
10	40	744
10	41	1447
10	42	592
10	43	1373
10	44	1505
10	45	2548
10	46	1204
10	47	668
10	48	808
10	49	1261
10	50	1031
10	51	1294
10	52	1183
10	53	415
10	54	808
10	55	522
10	56	1204
10	57	2548
10	58	1373
10	59	1893
10	60	1031
10	61	1677
10	62	668
10	63	2329
10	64	10
10	65	1166
10	66	1261
10	67	668
10	68	827
10	69	406
10	70	592
10	71	1036
10	72	1947
10	73	1183
10	74	808
10	75	2337
10	76	1036
10	77	406
10	78	406
10	79	1947
10	80	1294
10	81	522
10	82	1087
10	83	668
10	84	2337
10	85	1183
10	86	257
10	87	744
10	88	592
10	89	1893
10	90	522
10	91	574
10	92	551
10	93	1447
10	94	415
10	95	415
10	96	744
10	97	574
10	98	744
10	99	10
10	100	345
10	101	10
10	102	2548
10	103	1031
10	104	1373
10	105	1261
10	106	345
10	107	1294
10	108	1087
10	109	827
10	110	592
10	111	1893
10	112	1677
10	113	2337
10	114	1505
10	115	1036
10	116	1373
10	117	1261
10	118	1505
10	119	1294
10	120	98
10	121	551
10	122	1447
10	123	257
10	124	1677
10	125	2329
10	126	827
10	127	898
10	128	1447
10	129	257
10	130	1677
10	131	2329
10	132	1183
10	133	522
10	134	668
10	135	2548
10	136	1031
10	137	1166
10	138	406
10	139	1947
10	140	10
10	141	345
10	142	1087
10	143	592
10	144	1893
10	145	415
10	146	744
10	147	574
10	148	1294
10	149	98
10	150	551
10	151	2337
10	152	1036
10	153	1373
10	154	1261
10	155	1505
10	156	1204
10	157	1677
11	1	1254
11	2	1165
11	3	1838
11	4	1848
11	5	1007
11	6	1848
11	7	1155
11	8	1714
11	9	1157
11	10	2327
11	11	0
11	12	1264
11	13	1418
11	14	1848
11	15	448
11	16	1165
11	17	1264
11	18	1532
11	19	1165
11	20	1165
11	21	976
11	22	1165
11	23	1848
11	24	2337
11	25	1848
11	26	1724
11	27	1017
11	28	2337
11	29	1724
11	30	1167
11	31	1044
11	32	1264
11	33	1165
11	34	2213
11	35	1951
11	36	1848
11	37	1532
11	38	2183
11	39	1428
11	40	1607
11	41	1044
11	42	1868
11	43	1017
11	44	1167
11	45	298
11	46	1264
11	47	1724
11	48	1848
11	49	1087
11	50	1527
11	51	1428
11	52	1165
11	53	2703
11	54	1848
11	55	2704
11	56	1264
11	57	298
11	58	1017
11	59	458
11	60	1527
11	61	976
11	62	1724
11	63	4569
11	64	2337
11	65	3399
11	66	1087
11	67	1724
11	68	1532
11	69	1951
11	70	1868
11	71	1363
11	72	4174
11	73	1165
11	74	1848
11	75	10
11	76	1363
11	77	1951
11	78	1951
11	79	4174
11	80	1428
11	81	2704
11	82	1260
11	83	1724
11	84	10
11	85	1165
11	86	2302
11	87	1607
11	88	1868
11	89	458
11	90	2704
11	91	2887
11	92	2183
11	93	1044
11	94	2703
11	95	2703
11	96	1607
11	97	2887
11	98	1607
11	99	2337
11	100	2213
11	101	2337
11	102	298
11	103	1527
11	104	1017
11	105	1087
11	106	2213
11	107	1428
11	108	1260
11	109	1532
11	110	1868
11	111	458
11	112	976
11	113	10
11	114	1167
11	115	1363
11	116	1017
11	117	1087
11	118	1167
11	119	1428
11	120	2354
11	121	2183
11	122	1044
11	123	2302
11	124	976
11	125	4569
11	126	1532
11	127	1838
11	128	1044
11	129	2302
11	130	976
11	131	4569
11	132	1165
11	133	2704
11	134	1724
11	135	298
11	136	1527
11	137	3399
11	138	1951
11	139	4174
11	140	2337
11	141	2213
11	142	1260
11	143	1868
11	144	458
11	145	2703
11	146	1607
11	147	2887
11	148	1428
11	149	2354
11	150	2183
11	151	10
11	152	1363
11	153	1017
11	154	1087
11	155	1167
11	156	1264
11	157	976
12	1	10
12	2	426
12	3	595
12	4	595
12	5	275
12	6	595
12	7	426
12	8	546
12	9	348
12	10	1204
12	11	1264
12	12	0
12	13	322
12	14	585
12	15	830
12	16	426
12	17	10
12	18	421
12	19	426
12	20	426
12	21	487
12	22	426
12	23	595
12	24	1204
12	25	595
12	26	546
12	27	275
12	28	1204
12	29	546
12	30	348
12	31	258
12	32	10
12	33	426
12	34	1000
12	35	887
12	36	595
12	37	431
12	38	938
12	39	322
12	40	604
12	41	258
12	42	651
12	43	275
12	44	348
12	45	1515
12	46	10
12	47	546
12	48	595
12	49	381
12	50	276
12	51	322
12	52	426
12	53	1605
12	54	595
12	55	1668
12	56	10
12	57	1525
12	58	275
12	59	830
12	60	266
12	61	487
12	62	546
12	63	3521
12	64	1204
12	65	2341
12	66	381
12	67	546
12	68	431
12	69	877
12	70	651
12	71	652
12	72	3126
12	73	416
12	74	595
12	75	1264
12	76	652
12	77	887
12	78	887
12	79	3136
12	80	322
12	81	1658
12	82	387
12	83	536
12	84	1264
12	85	426
12	86	1261
12	87	604
12	88	641
12	89	820
12	90	1668
12	91	1766
12	92	938
12	93	258
12	94	1595
12	95	1605
12	96	594
12	97	1756
12	98	604
12	99	1204
12	100	1000
12	101	1194
12	102	1525
12	103	276
12	104	275
12	105	381
12	106	990
12	107	322
12	108	377
12	109	431
12	110	651
12	111	830
12	112	487
12	113	1254
12	114	348
12	115	642
12	116	265
12	117	371
12	118	338
12	119	312
12	120	1184
12	121	928
12	122	248
12	123	1251
12	124	477
12	125	3511
12	126	431
12	127	590
12	128	258
12	129	1261
12	130	487
12	131	3521
12	132	426
12	133	1668
12	134	546
12	135	1525
12	136	276
12	137	2351
12	138	887
12	139	3136
12	140	1204
12	141	1000
12	142	387
12	143	651
12	144	830
12	145	1605
12	146	604
12	147	1766
12	148	322
12	149	1194
12	150	938
12	151	1264
12	152	652
12	153	275
12	154	381
12	155	348
12	156	10
12	157	487
13	1	312
13	2	737
13	3	527
13	4	537
13	5	533
13	6	537
13	7	727
13	8	667
13	9	277
13	10	1284
13	11	1418
13	12	322
13	13	0
13	14	537
13	15	1021
13	16	737
13	17	322
13	18	651
13	19	737
13	20	737
13	21	494
13	22	737
13	23	537
13	24	1294
13	25	537
13	26	677
13	27	543
13	28	1294
13	29	677
13	30	287
13	31	413
13	32	322
13	33	737
13	34	1025
13	35	1049
13	36	537
13	37	651
13	38	903
13	39	10
13	40	836
13	41	413
13	42	712
13	43	543
13	44	287
13	45	1707
13	46	322
13	47	677
13	48	537
13	49	690
13	50	281
13	51	10
13	52	737
13	53	1697
13	54	537
13	55	1791
13	56	322
13	57	1707
13	58	543
13	59	1031
13	60	281
13	61	494
13	62	677
13	63	3597
13	64	1294
13	65	2447
13	66	690
13	67	677
13	68	651
13	69	1049
13	70	712
13	71	950
13	72	3221
13	73	737
13	74	537
13	75	1428
13	76	950
13	77	1049
13	78	1049
13	79	3221
13	80	10
13	81	1791
13	82	691
13	83	677
13	84	1428
13	85	737
13	86	1403
13	87	836
13	88	712
13	89	1031
13	90	1791
13	91	1836
13	92	903
13	93	413
13	94	1697
13	95	1697
13	96	836
13	97	1836
13	98	836
13	99	1294
13	100	1025
13	101	1294
13	102	1707
13	103	281
13	104	543
13	105	690
13	106	1025
13	107	10
13	108	691
13	109	651
13	110	712
13	111	1031
13	112	494
13	113	1428
13	114	287
13	115	950
13	116	543
13	117	690
13	118	287
13	119	10
13	120	1263
13	121	903
13	122	413
13	123	1403
13	124	494
13	125	3597
13	126	651
13	127	482
13	128	413
13	129	1403
13	130	494
13	131	3597
13	132	737
13	133	1791
13	134	677
13	135	1707
13	136	281
13	137	2447
13	138	1049
13	139	3221
13	140	1294
13	141	1025
13	142	691
13	143	712
13	144	1031
13	145	1697
13	146	836
13	147	1836
13	148	10
13	149	1263
13	150	903
13	151	1428
13	152	950
13	153	543
13	154	690
13	155	287
13	156	322
13	157	494
14	1	595
14	2	850
14	3	10
14	4	10
14	5	850
14	6	10
14	7	850
14	8	365
14	9	795
14	10	808
14	11	1848
14	12	585
14	13	537
14	14	0
14	15	1413
14	16	850
14	17	595
14	18	505
14	19	850
14	20	850
14	21	995
14	22	850
14	23	10
14	24	808
14	25	10
14	26	365
14	27	850
14	28	808
14	29	365
14	30	795
14	31	826
14	32	595
14	33	850
14	34	508
14	35	675
14	36	10
14	37	515
14	38	377
14	39	537
14	40	644
14	41	826
14	42	272
14	43	850
14	44	795
14	45	2098
14	46	595
14	47	365
14	48	10
14	49	868
14	50	334
14	51	537
14	52	850
14	53	1201
14	54	10
14	55	1319
14	56	595
14	57	2108
14	58	850
14	59	1413
14	60	324
14	61	995
14	62	365
14	63	3081
14	64	808
14	65	1935
14	66	868
14	67	365
14	68	515
14	69	665
14	70	272
14	71	918
14	72	2700
14	73	840
14	74	10
14	75	1848
14	76	918
14	77	675
14	78	675
14	79	2710
14	80	537
14	81	1309
14	82	755
14	83	355
14	84	1848
14	85	850
14	86	967
14	87	644
14	88	262
14	89	1403
14	90	1319
14	91	1325
14	92	377
14	93	826
14	94	1191
14	95	1201
14	96	634
14	97	1315
14	98	644
14	99	808
14	100	508
14	101	798
14	102	2108
14	103	334
14	104	850
14	105	868
14	106	498
14	107	537
14	108	745
14	109	515
14	110	272
14	111	1413
14	112	995
14	113	1838
14	114	795
14	115	908
14	116	840
14	117	858
14	118	785
14	119	527
14	120	753
14	121	367
14	122	816
14	123	957
14	124	985
14	125	3071
14	126	515
14	127	106
14	128	826
14	129	967
14	130	995
14	131	3081
14	132	850
14	133	1319
14	134	365
14	135	2108
14	136	334
14	137	1945
14	138	675
14	139	2710
14	140	808
14	141	508
14	142	755
14	143	272
14	144	1413
14	145	1201
14	146	644
14	147	1325
14	148	537
14	149	763
14	150	377
14	151	1848
14	152	918
14	153	850
14	154	868
14	155	795
14	156	595
14	157	995
15	1	820
15	2	724
15	3	1403
15	4	1413
15	5	565
15	6	1413
15	7	714
15	8	1267
15	9	785
15	10	1883
15	11	448
15	12	830
15	13	1021
15	14	1413
15	15	0
15	16	724
15	17	830
15	18	1085
15	19	724
15	20	724
15	21	640
15	22	724
15	23	1413
15	24	1893
15	25	1413
15	26	1277
15	27	575
15	28	1893
15	29	1277
15	30	795
15	31	631
15	32	830
15	33	724
15	34	1766
15	35	1511
15	36	1413
15	37	1085
15	38	1740
15	39	1031
15	40	1166
15	41	631
15	42	1421
15	43	575
15	44	795
15	45	706
15	46	830
15	47	1277
15	48	1413
15	49	643
15	50	1096
15	51	1031
15	52	724
15	53	2264
15	54	1413
15	55	2274
15	56	830
15	57	706
15	58	575
15	59	10
15	60	1096
15	61	640
15	62	1277
15	63	4145
15	64	1893
15	65	2971
15	66	643
15	67	1277
15	68	1085
15	69	1511
15	70	1421
15	71	944
15	72	3751
15	73	724
15	74	1413
15	75	458
15	76	944
15	77	1511
15	78	1511
15	79	3751
15	80	1031
15	81	2274
15	82	816
15	83	1277
15	84	458
15	85	724
15	86	1868
15	87	1166
15	88	1421
15	89	10
15	90	2274
15	91	2446
15	92	1740
15	93	631
15	94	2264
15	95	2264
15	96	1166
15	97	2446
15	98	1166
15	99	1893
15	100	1766
15	101	1893
15	102	706
15	103	1096
15	104	575
15	105	643
15	106	1766
15	107	1031
15	108	816
15	109	1085
15	110	1421
15	111	10
15	112	640
15	113	458
15	114	795
15	115	944
15	116	575
15	117	643
15	118	795
15	119	1031
15	120	1908
15	121	1740
15	122	631
15	123	1868
15	124	640
15	125	4145
15	126	1085
15	127	1409
15	128	631
15	129	1868
15	130	640
15	131	4145
15	132	724
15	133	2274
15	134	1277
15	135	706
15	136	1096
15	137	2971
15	138	1511
15	139	3751
15	140	1893
15	141	1766
15	142	816
15	143	1421
15	144	10
15	145	2264
15	146	1166
15	147	2446
15	148	1031
15	149	1908
15	150	1740
15	151	458
15	152	944
15	153	575
15	154	643
15	155	795
15	156	830
15	157	640
16	1	426
16	2	10
16	3	850
16	4	850
16	5	319
16	6	850
16	7	10
16	8	607
16	9	700
16	10	1183
16	11	1165
16	12	426
16	13	737
16	14	850
16	15	724
16	16	0
16	17	426
16	18	401
16	19	10
16	20	10
16	21	734
16	22	10
16	23	850
16	24	1183
16	25	850
16	26	607
16	27	319
16	28	1183
16	29	607
16	30	700
16	31	499
16	32	426
16	33	10
16	34	1092
16	35	797
16	36	850
16	37	401
16	38	1109
16	39	737
16	40	453
16	41	499
16	42	769
16	43	319
16	44	700
16	45	1378
16	46	426
16	47	607
16	48	850
16	49	109
16	50	610
16	51	737
16	52	10
16	53	1550
16	54	850
16	55	1563
16	56	426
16	57	1378
16	58	319
16	59	724
16	60	610
16	61	744
16	62	607
16	63	3437
16	64	1183
16	65	2261
16	66	109
16	67	607
16	68	401
16	69	797
16	70	769
16	71	288
16	72	3044
16	73	10
16	74	850
16	75	1165
16	76	288
16	77	797
16	78	797
16	79	3044
16	80	737
16	81	1563
16	82	114
16	83	607
16	84	1165
16	85	10
16	86	1155
16	87	453
16	88	769
16	89	724
16	90	1563
16	91	1733
16	92	1109
16	93	499
16	94	1550
16	95	1550
16	96	453
16	97	1733
16	98	453
16	99	1183
16	100	1092
16	101	1183
16	102	1378
16	103	610
16	104	319
16	105	109
16	106	1092
16	107	737
16	108	114
16	109	401
16	110	769
16	111	724
16	112	744
16	113	1165
16	114	700
16	115	288
16	116	319
16	117	109
16	118	700
16	119	737
16	120	1205
16	121	1109
16	122	499
16	123	1155
16	124	744
16	125	3437
16	126	401
16	127	887
16	128	499
16	129	1155
16	130	744
16	131	3437
16	132	10
16	133	1563
16	134	607
16	135	1378
16	136	610
16	137	2261
16	138	797
16	139	3044
16	140	1183
16	141	1092
16	142	114
16	143	769
16	144	724
16	145	1550
16	146	453
16	147	1733
16	148	737
16	149	1205
16	150	1109
16	151	1165
16	152	288
16	153	319
16	154	109
16	155	700
16	156	426
16	157	744
17	1	10
17	2	426
17	3	595
17	4	595
17	5	275
17	6	595
17	7	426
17	8	546
17	9	348
17	10	1204
17	11	1264
17	12	10
17	13	322
17	14	595
17	15	830
17	16	426
17	17	0
17	18	431
17	19	426
17	20	416
17	21	487
17	22	426
17	23	595
17	24	1204
17	25	595
17	26	546
17	27	275
17	28	1204
17	29	546
17	30	348
17	31	258
17	32	10
17	33	426
17	34	1000
17	35	887
17	36	595
17	37	431
17	38	938
17	39	322
17	40	604
17	41	258
17	42	651
17	43	275
17	44	348
17	45	1525
17	46	10
17	47	546
17	48	595
17	49	381
17	50	276
17	51	322
17	52	426
17	53	1605
17	54	595
17	55	1668
17	56	10
17	57	1525
17	58	275
17	59	830
17	60	276
17	61	487
17	62	546
17	63	3521
17	64	1204
17	65	2351
17	66	381
17	67	546
17	68	431
17	69	887
17	70	651
17	71	652
17	72	3136
17	73	426
17	74	595
17	75	1264
17	76	652
17	77	887
17	78	887
17	79	3136
17	80	322
17	81	1668
17	82	387
17	83	546
17	84	1264
17	85	426
17	86	1261
17	87	604
17	88	651
17	89	830
17	90	1668
17	91	1766
17	92	938
17	93	258
17	94	1605
17	95	1605
17	96	604
17	97	1766
17	98	604
17	99	1204
17	100	1000
17	101	1204
17	102	1525
17	103	276
17	104	275
17	105	381
17	106	1000
17	107	322
17	108	387
17	109	431
17	110	651
17	111	830
17	112	487
17	113	1264
17	114	348
17	115	652
17	116	275
17	117	381
17	118	348
17	119	322
17	120	1194
17	121	938
17	122	258
17	123	1261
17	124	487
17	125	3521
17	126	431
17	127	590
17	128	258
17	129	1261
17	130	487
17	131	3521
17	132	426
17	133	1668
17	134	546
17	135	1525
17	136	276
17	137	2351
17	138	887
17	139	3136
17	140	1204
17	141	1000
17	142	387
17	143	651
17	144	830
17	145	1605
17	146	604
17	147	1766
17	148	322
17	149	1194
17	150	938
17	151	1264
17	152	652
17	153	275
17	154	381
17	155	348
17	156	10
17	157	487
18	1	431
18	2	401
18	3	515
18	4	515
18	5	557
18	6	515
18	7	401
18	8	218
18	9	766
18	10	827
18	11	1532
18	12	421
18	13	651
18	14	505
18	15	1085
18	16	401
18	17	431
18	18	0
18	19	401
18	20	401
18	21	901
18	22	401
18	23	515
18	24	827
18	25	515
18	26	218
18	27	557
18	28	827
18	29	218
18	30	766
18	31	653
18	32	431
18	33	401
18	34	703
18	35	474
18	36	515
18	37	10
18	38	724
18	39	651
18	40	196
18	41	653
18	42	382
18	43	557
18	44	766
18	45	1749
18	46	431
18	47	218
18	48	515
18	49	459
18	50	406
18	51	651
18	52	401
18	53	1216
18	54	515
18	55	1261
18	56	431
18	57	1759
18	58	557
18	59	1085
18	60	396
18	61	901
18	62	218
18	63	3128
18	64	827
18	65	1943
18	66	459
18	67	218
18	68	10
18	69	464
18	70	382
18	71	414
18	72	2729
18	73	391
18	74	515
18	75	1532
18	76	414
18	77	474
18	78	474
18	79	2739
18	80	651
18	81	1251
18	82	297
18	83	208
18	84	1532
18	85	401
18	86	850
18	87	196
18	88	372
18	89	1075
18	90	1261
18	91	1389
18	92	724
18	93	653
18	94	1206
18	95	1216
18	96	186
18	97	1379
18	98	196
18	99	827
18	100	703
18	101	817
18	102	1759
18	103	406
18	104	557
18	105	459
18	106	693
18	107	651
18	108	287
18	109	10
18	110	382
18	111	1085
18	112	901
18	113	1522
18	114	766
18	115	404
18	116	547
18	117	449
18	118	756
18	119	641
18	120	826
18	121	714
18	122	643
18	123	840
18	124	891
18	125	3118
18	126	10
18	127	578
18	128	653
18	129	850
18	130	901
18	131	3128
18	132	401
18	133	1261
18	134	218
18	135	1759
18	136	406
18	137	1953
18	138	474
18	139	2739
18	140	827
18	141	703
18	142	297
18	143	382
18	144	1085
18	145	1216
18	146	196
18	147	1389
18	148	651
18	149	836
18	150	724
18	151	1532
18	152	414
18	153	557
18	154	459
18	155	766
18	156	431
18	157	901
19	1	426
19	2	10
19	3	850
19	4	850
19	5	319
19	6	850
19	7	10
19	8	607
19	9	700
19	10	1183
19	11	1165
19	12	426
19	13	737
19	14	850
19	15	724
19	16	10
19	17	426
19	18	401
19	19	0
19	20	10
19	21	744
19	22	10
19	23	850
19	24	1183
19	25	840
19	26	607
19	27	319
19	28	1183
19	29	597
19	30	700
19	31	499
19	32	426
19	33	10
19	34	1092
19	35	797
19	36	850
19	37	401
19	38	1109
19	39	737
19	40	453
19	41	499
19	42	769
19	43	319
19	44	700
19	45	1378
19	46	426
19	47	607
19	48	850
19	49	109
19	50	610
19	51	737
19	52	10
19	53	1550
19	54	850
19	55	1563
19	56	426
19	57	1378
19	58	319
19	59	724
19	60	610
19	61	744
19	62	607
19	63	3437
19	64	1183
19	65	2261
19	66	109
19	67	607
19	68	401
19	69	797
19	70	769
19	71	288
19	72	3044
19	73	10
19	74	850
19	75	1165
19	76	288
19	77	797
19	78	797
19	79	3044
19	80	737
19	81	1563
19	82	114
19	83	607
19	84	1165
19	85	10
19	86	1155
19	87	453
19	88	769
19	89	724
19	90	1563
19	91	1733
19	92	1109
19	93	499
19	94	1550
19	95	1550
19	96	453
19	97	1733
19	98	453
19	99	1183
19	100	1092
19	101	1183
19	102	1378
19	103	610
19	104	319
19	105	109
19	106	1092
19	107	737
19	108	114
19	109	401
19	110	769
19	111	724
19	112	744
19	113	1165
19	114	700
19	115	288
19	116	319
19	117	109
19	118	700
19	119	737
19	120	1205
19	121	1109
19	122	499
19	123	1155
19	124	744
19	125	3437
19	126	401
19	127	887
19	128	499
19	129	1155
19	130	744
19	131	3437
19	132	10
19	133	1563
19	134	607
19	135	1378
19	136	610
19	137	2261
19	138	797
19	139	3044
19	140	1183
19	141	1092
19	142	114
19	143	769
19	144	724
19	145	1550
19	146	453
19	147	1733
19	148	737
19	149	1205
19	150	1109
19	151	1165
19	152	288
19	153	319
19	154	109
19	155	700
19	156	426
19	157	744
20	1	426
20	2	10
20	3	850
20	4	850
20	5	319
20	6	850
20	7	10
20	8	607
20	9	700
20	10	1183
20	11	1165
20	12	426
20	13	737
20	14	850
20	15	724
20	16	10
20	17	416
20	18	401
20	19	10
20	20	0
20	21	744
20	22	10
20	23	850
20	24	1183
20	25	850
20	26	607
20	27	319
20	28	1183
20	29	607
20	30	700
20	31	499
20	32	426
20	33	10
20	34	1092
20	35	797
20	36	850
20	37	401
20	38	1109
20	39	737
20	40	453
20	41	499
20	42	769
20	43	319
20	44	700
20	45	1378
20	46	426
20	47	607
20	48	850
20	49	109
20	50	610
20	51	737
20	52	10
20	53	1550
20	54	850
20	55	1563
20	56	426
20	57	1378
20	58	319
20	59	724
20	60	610
20	61	744
20	62	607
20	63	3437
20	64	1183
20	65	2261
20	66	109
20	67	607
20	68	401
20	69	797
20	70	769
20	71	288
20	72	3044
20	73	10
20	74	850
20	75	1165
20	76	288
20	77	797
20	78	797
20	79	3044
20	80	737
20	81	1563
20	82	114
20	83	607
20	84	1165
20	85	10
20	86	1155
20	87	453
20	88	769
20	89	724
20	90	1563
20	91	1733
20	92	1109
20	93	499
20	94	1550
20	95	1550
20	96	453
20	97	1733
20	98	453
20	99	1183
20	100	1092
20	101	1183
20	102	1378
20	103	610
20	104	319
20	105	109
20	106	1092
20	107	737
20	108	114
20	109	401
20	110	769
20	111	724
20	112	744
20	113	1165
20	114	700
20	115	288
20	116	319
20	117	109
20	118	700
20	119	737
20	120	1205
20	121	1109
20	122	499
20	123	1155
20	124	744
20	125	3437
20	126	401
20	127	887
20	128	499
20	129	1155
20	130	744
20	131	3437
20	132	10
20	133	1563
20	134	607
20	135	1378
20	136	610
20	137	2261
20	138	797
20	139	3044
20	140	1183
20	141	1092
20	142	114
20	143	769
20	144	724
20	145	1550
20	146	453
20	147	1733
20	148	737
20	149	1205
20	150	1109
20	151	1165
20	152	288
20	153	319
20	154	109
20	155	700
20	156	426
20	157	744
21	1	487
21	2	744
21	3	995
21	4	995
21	5	436
21	6	995
21	7	744
21	8	1021
21	9	218
21	10	1677
21	11	976
21	12	487
21	13	494
21	14	995
21	15	640
21	16	734
21	17	487
21	18	901
21	19	744
21	20	744
21	21	0
21	22	744
21	23	995
21	24	1677
21	25	995
21	26	1021
21	27	436
21	28	1677
21	29	1021
21	30	218
21	31	267
21	32	487
21	33	744
21	34	1453
21	35	1362
21	36	995
21	37	901
21	38	1360
21	39	494
21	40	1062
21	41	267
21	42	1112
21	43	436
21	44	218
21	45	1262
21	46	487
21	47	1021
21	48	995
21	49	652
21	50	683
21	51	494
21	52	744
21	53	2080
21	54	995
21	55	2145
21	56	487
21	57	1262
21	58	436
21	59	640
21	60	683
21	61	10
21	62	1021
21	63	3996
21	64	1677
21	65	2828
21	66	652
21	67	1021
21	68	901
21	69	1362
21	70	1112
21	71	1020
21	72	3612
21	73	744
21	74	995
21	75	976
21	76	1020
21	77	1362
21	78	1362
21	79	3612
21	80	494
21	81	2145
21	82	767
21	83	1021
21	84	976
21	85	744
21	86	1737
21	87	1062
21	88	1112
21	89	640
21	90	2145
21	91	2237
21	92	1360
21	93	267
21	94	2080
21	95	2080
21	96	1062
21	97	2237
21	98	1062
21	99	1677
21	100	1453
21	101	1677
21	102	1262
21	103	683
21	104	436
21	105	652
21	106	1453
21	107	494
21	108	767
21	109	901
21	110	1112
21	111	640
21	112	10
21	113	976
21	114	218
21	115	1020
21	116	436
21	117	652
21	118	218
21	119	494
21	120	1664
21	121	1360
21	122	267
21	123	1737
21	124	10
21	125	3996
21	126	901
21	127	955
21	128	267
21	129	1737
21	130	10
21	131	3996
21	132	744
21	133	2145
21	134	1021
21	135	1262
21	136	683
21	137	2828
21	138	1362
21	139	3612
21	140	1677
21	141	1453
21	142	767
21	143	1112
21	144	640
21	145	2080
21	146	1062
21	147	2237
21	148	494
21	149	1664
21	150	1360
21	151	976
21	152	1020
21	153	436
21	154	652
21	155	218
21	156	487
21	157	10
22	1	426
22	2	10
22	3	850
22	4	850
22	5	319
22	6	850
22	7	10
22	8	607
22	9	700
22	10	1183
22	11	1165
22	12	426
22	13	737
22	14	850
22	15	724
22	16	10
22	17	426
22	18	401
22	19	10
22	20	10
22	21	744
22	22	0
22	23	840
22	24	1183
22	25	850
22	26	597
22	27	309
22	28	1183
22	29	607
22	30	700
22	31	499
22	32	426
22	33	10
22	34	1092
22	35	797
22	36	850
22	37	401
22	38	1109
22	39	737
22	40	453
22	41	499
22	42	769
22	43	319
22	44	700
22	45	1378
22	46	426
22	47	607
22	48	850
22	49	109
22	50	610
22	51	737
22	52	10
22	53	1550
22	54	850
22	55	1563
22	56	426
22	57	1378
22	58	319
22	59	724
22	60	610
22	61	744
22	62	607
22	63	3437
22	64	1183
22	65	2261
22	66	109
22	67	607
22	68	401
22	69	797
22	70	769
22	71	288
22	72	3044
22	73	10
22	74	850
22	75	1165
22	76	288
22	77	797
22	78	797
22	79	3044
22	80	737
22	81	1563
22	82	114
22	83	607
22	84	1165
22	85	10
22	86	1155
22	87	453
22	88	769
22	89	724
22	90	1563
22	91	1733
22	92	1109
22	93	499
22	94	1550
22	95	1550
22	96	453
22	97	1733
22	98	453
22	99	1183
22	100	1092
22	101	1183
22	102	1378
22	103	610
22	104	319
22	105	109
22	106	1092
22	107	737
22	108	114
22	109	401
22	110	769
22	111	724
22	112	744
22	113	1165
22	114	700
22	115	288
22	116	319
22	117	109
22	118	700
22	119	737
22	120	1205
22	121	1109
22	122	499
22	123	1155
22	124	744
22	125	3437
22	126	401
22	127	887
22	128	499
22	129	1155
22	130	744
22	131	3437
22	132	10
22	133	1563
22	134	607
22	135	1378
22	136	610
22	137	2261
22	138	797
22	139	3044
22	140	1183
22	141	1092
22	142	114
22	143	769
22	144	724
22	145	1550
22	146	453
22	147	1733
22	148	737
22	149	1205
22	150	1109
22	151	1165
22	152	288
22	153	319
22	154	109
22	155	700
22	156	426
22	157	744
23	1	595
23	2	850
23	3	10
23	4	10
23	5	850
23	6	10
23	7	850
23	8	365
23	9	795
23	10	808
23	11	1848
23	12	595
23	13	537
23	14	10
23	15	1413
23	16	850
23	17	595
23	18	515
23	19	850
23	20	850
23	21	995
23	22	840
23	23	0
23	24	808
23	25	10
23	26	355
23	27	840
23	28	808
23	29	365
23	30	795
23	31	826
23	32	595
23	33	850
23	34	508
23	35	675
23	36	10
23	37	515
23	38	377
23	39	537
23	40	644
23	41	826
23	42	272
23	43	850
23	44	795
23	45	2108
23	46	595
23	47	365
23	48	10
23	49	868
23	50	334
23	51	537
23	52	850
23	53	1201
23	54	10
23	55	1319
23	56	595
23	57	2108
23	58	850
23	59	1413
23	60	334
23	61	995
23	62	365
23	63	3081
23	64	808
23	65	1945
23	66	868
23	67	365
23	68	515
23	69	675
23	70	272
23	71	918
23	72	2710
23	73	850
23	74	10
23	75	1848
23	76	918
23	77	675
23	78	675
23	79	2710
23	80	537
23	81	1319
23	82	755
23	83	365
23	84	1848
23	85	850
23	86	967
23	87	644
23	88	272
23	89	1413
23	90	1319
23	91	1325
23	92	377
23	93	826
23	94	1201
23	95	1201
23	96	644
23	97	1325
23	98	644
23	99	808
23	100	508
23	101	808
23	102	2108
23	103	334
23	104	850
23	105	868
23	106	508
23	107	537
23	108	755
23	109	515
23	110	272
23	111	1413
23	112	995
23	113	1848
23	114	795
23	115	918
23	116	850
23	117	868
23	118	795
23	119	537
23	120	763
23	121	377
23	122	826
23	123	967
23	124	995
23	125	3081
23	126	515
23	127	106
23	128	826
23	129	967
23	130	995
23	131	3081
23	132	850
23	133	1319
23	134	365
23	135	2108
23	136	334
23	137	1945
23	138	675
23	139	2710
23	140	808
23	141	508
23	142	755
23	143	272
23	144	1413
23	145	1201
23	146	644
23	147	1325
23	148	537
23	149	763
23	150	377
23	151	1848
23	152	918
23	153	850
23	154	868
23	155	795
23	156	595
23	157	995
24	1	1204
24	2	1183
24	3	808
24	4	808
24	5	1373
24	6	808
24	7	1183
24	8	668
24	9	1505
24	10	10
24	11	2337
24	12	1204
24	13	1294
24	14	808
24	15	1893
24	16	1183
24	17	1204
24	18	827
24	19	1183
24	20	1183
24	21	1677
24	22	1183
24	23	808
24	24	0
24	25	808
24	26	668
24	27	1373
24	28	10
24	29	668
24	30	1505
24	31	1447
24	32	1204
24	33	1183
24	34	345
24	35	406
24	36	808
24	37	827
24	38	551
24	39	1294
24	40	744
24	41	1447
24	42	592
24	43	1373
24	44	1505
24	45	2548
24	46	1204
24	47	668
24	48	808
24	49	1261
24	50	1021
24	51	1284
24	52	1183
24	53	405
24	54	798
24	55	522
24	56	1204
24	57	2548
24	58	1363
24	59	1893
24	60	1031
24	61	1677
24	62	658
24	63	2329
24	64	10
24	65	1166
24	66	1251
24	67	668
24	68	827
24	69	406
24	70	592
24	71	1036
24	72	1947
24	73	1183
24	74	808
24	75	2337
24	76	1036
24	77	406
24	78	406
24	79	1947
24	80	1294
24	81	522
24	82	1087
24	83	668
24	84	2337
24	85	1183
24	86	257
24	87	744
24	88	592
24	89	1893
24	90	522
24	91	574
24	92	551
24	93	1447
24	94	415
24	95	415
24	96	744
24	97	574
24	98	744
24	99	10
24	100	345
24	101	10
24	102	2548
24	103	1031
24	104	1373
24	105	1261
24	106	345
24	107	1294
24	108	1087
24	109	827
24	110	592
24	111	1893
24	112	1677
24	113	2337
24	114	1505
24	115	1036
24	116	1373
24	117	1261
24	118	1505
24	119	1294
24	120	98
24	121	551
24	122	1447
24	123	257
24	124	1677
24	125	2329
24	126	827
24	127	898
24	128	1447
24	129	257
24	130	1677
24	131	2329
24	132	1183
24	133	522
24	134	668
24	135	2548
24	136	1031
24	137	1166
24	138	406
24	139	1947
24	140	10
24	141	345
24	142	1087
24	143	592
24	144	1893
24	145	415
24	146	744
24	147	574
24	148	1294
24	149	98
24	150	551
24	151	2337
24	152	1036
24	153	1373
24	154	1261
24	155	1505
24	156	1204
24	157	1677
25	1	595
25	2	850
25	3	10
25	4	10
25	5	850
25	6	10
25	7	850
25	8	365
25	9	795
25	10	808
25	11	1848
25	12	595
25	13	537
25	14	10
25	15	1413
25	16	850
25	17	595
25	18	515
25	19	840
25	20	850
25	21	995
25	22	850
25	23	10
25	24	808
25	25	0
25	26	365
25	27	850
25	28	808
25	29	355
25	30	795
25	31	826
25	32	595
25	33	850
25	34	508
25	35	675
25	36	10
25	37	515
25	38	377
25	39	537
25	40	644
25	41	826
25	42	272
25	43	850
25	44	795
25	45	2108
25	46	595
25	47	365
25	48	10
25	49	868
25	50	334
25	51	537
25	52	850
25	53	1201
25	54	10
25	55	1319
25	56	595
25	57	2108
25	58	850
25	59	1413
25	60	334
25	61	995
25	62	365
25	63	3081
25	64	808
25	65	1945
25	66	868
25	67	365
25	68	515
25	69	675
25	70	272
25	71	918
25	72	2710
25	73	850
25	74	10
25	75	1848
25	76	918
25	77	675
25	78	675
25	79	2710
25	80	537
25	81	1319
25	82	755
25	83	365
25	84	1848
25	85	850
25	86	967
25	87	644
25	88	272
25	89	1413
25	90	1319
25	91	1325
25	92	377
25	93	826
25	94	1201
25	95	1201
25	96	644
25	97	1325
25	98	644
25	99	808
25	100	508
25	101	808
25	102	2108
25	103	334
25	104	850
25	105	868
25	106	508
25	107	537
25	108	755
25	109	515
25	110	272
25	111	1413
25	112	995
25	113	1848
25	114	795
25	115	918
25	116	850
25	117	868
25	118	795
25	119	537
25	120	763
25	121	377
25	122	826
25	123	967
25	124	995
25	125	3081
25	126	515
25	127	106
25	128	826
25	129	967
25	130	995
25	131	3081
25	132	850
25	133	1319
25	134	365
25	135	2108
25	136	334
25	137	1945
25	138	675
25	139	2710
25	140	808
25	141	508
25	142	755
25	143	272
25	144	1413
25	145	1201
25	146	644
25	147	1325
25	148	537
25	149	763
25	150	377
25	151	1848
25	152	918
25	153	850
25	154	868
25	155	795
25	156	595
25	157	995
26	1	546
26	2	607
26	3	365
26	4	365
26	5	730
26	6	365
26	7	607
26	8	10
26	9	856
26	10	668
26	11	1724
26	12	546
26	13	677
26	14	365
26	15	1277
26	16	607
26	17	546
26	18	218
26	19	607
26	20	607
26	21	1021
26	22	597
26	23	355
26	24	668
26	25	365
26	26	0
26	27	720
26	28	668
26	29	10
26	30	856
26	31	790
26	32	546
26	33	607
26	34	501
26	35	383
26	36	365
26	37	218
26	38	518
26	39	677
26	40	294
26	41	790
26	42	176
26	43	730
26	44	856
26	45	1958
26	46	546
26	47	10
26	48	365
26	49	660
26	50	406
26	51	677
26	52	607
26	53	1070
26	54	365
26	55	1140
26	56	546
26	57	1958
26	58	730
26	59	1277
26	60	406
26	61	1021
26	62	10
26	63	2986
26	64	668
26	65	1817
26	66	660
26	67	10
26	68	218
26	69	383
26	70	176
26	71	596
26	72	2601
26	73	607
26	74	365
26	75	1724
26	76	596
26	77	383
26	78	383
26	79	2601
26	80	677
26	81	1140
26	82	504
26	83	10
26	84	1724
26	85	607
26	86	741
26	87	294
26	88	176
26	89	1277
26	90	1140
26	91	1231
26	92	518
26	93	790
26	94	1070
26	95	1070
26	96	294
26	97	1231
26	98	294
26	99	668
26	100	501
26	101	668
26	102	1958
26	103	406
26	104	730
26	105	660
26	106	501
26	107	677
26	108	504
26	109	218
26	110	176
26	111	1277
26	112	1021
26	113	1724
26	114	856
26	115	596
26	116	730
26	117	660
26	118	856
26	119	677
26	120	662
26	121	518
26	122	790
26	123	741
26	124	1021
26	125	2986
26	126	218
26	127	448
26	128	790
26	129	741
26	130	1021
26	131	2986
26	132	607
26	133	1140
26	134	10
26	135	1958
26	136	406
26	137	1817
26	138	383
26	139	2601
26	140	668
26	141	501
26	142	504
26	143	176
26	144	1277
26	145	1070
26	146	294
26	147	1231
26	148	677
26	149	662
26	150	518
26	151	1724
26	152	596
26	153	730
26	154	660
26	155	856
26	156	546
26	157	1021
27	1	275
27	2	319
27	3	850
27	4	850
27	5	10
27	6	850
27	7	319
27	8	730
27	9	420
27	10	1373
27	11	1017
27	12	275
27	13	543
27	14	850
27	15	575
27	16	319
27	17	275
27	18	557
27	19	319
27	20	319
27	21	436
27	22	309
27	23	840
27	24	1373
27	25	850
27	26	720
27	27	0
27	28	1373
27	29	730
27	30	420
27	31	201
27	32	275
27	33	319
27	34	1213
27	35	1015
27	36	850
27	37	557
27	38	1177
27	39	543
27	40	685
27	41	201
27	42	864
27	43	10
27	44	420
27	45	1270
27	46	275
27	47	730
27	48	850
27	49	226
27	50	539
27	51	543
27	52	319
27	53	1763
27	54	850
27	55	1801
27	56	275
27	57	1270
27	58	10
27	59	575
27	60	539
27	61	436
27	62	730
27	63	3672
27	64	1373
27	65	2496
27	66	226
27	67	730
27	68	557
27	69	1015
27	70	864
27	71	596
27	72	3282
27	73	319
27	74	850
27	75	1017
27	76	596
27	77	1015
27	78	1015
27	79	3282
27	80	543
27	81	1801
27	82	354
27	83	730
27	84	1017
27	85	319
27	86	1389
27	87	685
27	88	864
27	89	575
27	90	1801
27	91	1935
27	92	1177
27	93	201
27	94	1763
27	95	1763
27	96	685
27	97	1935
27	98	685
27	99	1373
27	100	1213
27	101	1373
27	102	1270
27	103	539
27	104	10
27	105	226
27	106	1213
27	107	543
27	108	354
27	109	557
27	110	864
27	111	575
27	112	436
27	113	1017
27	114	420
27	115	596
27	116	10
27	117	226
27	118	420
27	119	543
27	120	1377
27	121	1177
27	122	201
27	123	1389
27	124	436
27	125	3672
27	126	557
27	127	852
27	128	201
27	129	1389
27	130	436
27	131	3672
27	132	319
27	133	1801
27	134	730
27	135	1270
27	136	539
27	137	2496
27	138	1015
27	139	3282
27	140	1373
27	141	1213
27	142	354
27	143	864
27	144	575
27	145	1763
27	146	685
27	147	1935
27	148	543
27	149	1377
27	150	1177
27	151	1017
27	152	596
27	153	10
27	154	226
27	155	420
27	156	275
27	157	436
28	1	1204
28	2	1183
28	3	808
28	4	808
28	5	1373
28	6	808
28	7	1183
28	8	668
28	9	1505
28	10	10
28	11	2337
28	12	1204
28	13	1294
28	14	808
28	15	1893
28	16	1183
28	17	1204
28	18	827
28	19	1183
28	20	1183
28	21	1677
28	22	1183
28	23	808
28	24	10
28	25	808
28	26	668
28	27	1373
28	28	0
28	29	668
28	30	1505
28	31	1437
28	32	1204
28	33	1183
28	34	335
28	35	396
28	36	808
28	37	817
28	38	551
28	39	1294
28	40	734
28	41	1447
28	42	582
28	43	1373
28	44	1495
28	45	2548
28	46	1204
28	47	668
28	48	808
28	49	1261
28	50	1031
28	51	1294
28	52	1183
28	53	415
28	54	808
28	55	522
28	56	1204
28	57	2548
28	58	1373
28	59	1893
28	60	1031
28	61	1677
28	62	668
28	63	2329
28	64	10
28	65	1166
28	66	1261
28	67	668
28	68	827
28	69	406
28	70	592
28	71	1036
28	72	1947
28	73	1183
28	74	808
28	75	2337
28	76	1036
28	77	406
28	78	406
28	79	1947
28	80	1294
28	81	522
28	82	1087
28	83	668
28	84	2337
28	85	1183
28	86	257
28	87	744
28	88	592
28	89	1893
28	90	522
28	91	574
28	92	551
28	93	1447
28	94	415
28	95	415
28	96	744
28	97	574
28	98	744
28	99	10
28	100	345
28	101	10
28	102	2548
28	103	1031
28	104	1373
28	105	1261
28	106	345
28	107	1294
28	108	1087
28	109	827
28	110	592
28	111	1893
28	112	1677
28	113	2337
28	114	1505
28	115	1036
28	116	1373
28	117	1261
28	118	1505
28	119	1294
28	120	98
28	121	551
28	122	1447
28	123	257
28	124	1677
28	125	2329
28	126	827
28	127	898
28	128	1447
28	129	257
28	130	1677
28	131	2329
28	132	1183
28	133	522
28	134	668
28	135	2548
28	136	1031
28	137	1166
28	138	406
28	139	1947
28	140	10
28	141	345
28	142	1087
28	143	592
28	144	1893
28	145	415
28	146	744
28	147	574
28	148	1294
28	149	98
28	150	551
28	151	2337
28	152	1036
28	153	1373
28	154	1261
28	155	1505
28	156	1194
28	157	1667
29	1	546
29	2	607
29	3	365
29	4	365
29	5	730
29	6	365
29	7	607
29	8	10
29	9	856
29	10	668
29	11	1724
29	12	546
29	13	677
29	14	365
29	15	1277
29	16	607
29	17	546
29	18	218
29	19	597
29	20	607
29	21	1021
29	22	607
29	23	365
29	24	668
29	25	355
29	26	10
29	27	730
29	28	668
29	29	0
29	30	856
29	31	790
29	32	546
29	33	607
29	34	501
29	35	383
29	36	365
29	37	218
29	38	518
29	39	677
29	40	294
29	41	790
29	42	176
29	43	730
29	44	856
29	45	1958
29	46	546
29	47	10
29	48	365
29	49	660
29	50	406
29	51	677
29	52	607
29	53	1070
29	54	365
29	55	1140
29	56	546
29	57	1958
29	58	730
29	59	1277
29	60	406
29	61	1021
29	62	10
29	63	2986
29	64	668
29	65	1817
29	66	660
29	67	10
29	68	218
29	69	383
29	70	176
29	71	596
29	72	2601
29	73	607
29	74	365
29	75	1724
29	76	596
29	77	383
29	78	383
29	79	2601
29	80	677
29	81	1140
29	82	504
29	83	10
29	84	1724
29	85	607
29	86	741
29	87	294
29	88	176
29	89	1277
29	90	1140
29	91	1231
29	92	518
29	93	790
29	94	1070
29	95	1070
29	96	294
29	97	1231
29	98	294
29	99	668
29	100	501
29	101	668
29	102	1958
29	103	406
29	104	730
29	105	660
29	106	501
29	107	677
29	108	504
29	109	218
29	110	176
29	111	1277
29	112	1021
29	113	1724
29	114	856
29	115	596
29	116	730
29	117	660
29	118	856
29	119	677
29	120	662
29	121	518
29	122	790
29	123	741
29	124	1021
29	125	2986
29	126	218
29	127	448
29	128	790
29	129	741
29	130	1021
29	131	2986
29	132	607
29	133	1140
29	134	10
29	135	1958
29	136	406
29	137	1817
29	138	383
29	139	2601
29	140	668
29	141	501
29	142	504
29	143	176
29	144	1277
29	145	1070
29	146	294
29	147	1231
29	148	677
29	149	662
29	150	518
29	151	1724
29	152	596
29	153	730
29	154	660
29	155	856
29	156	546
29	157	1021
30	1	348
30	2	700
30	3	795
30	4	795
30	5	420
30	6	795
30	7	700
30	8	856
30	9	10
30	10	1505
30	11	1167
30	12	348
30	13	287
30	14	795
30	15	795
30	16	700
30	17	348
30	18	766
30	19	700
30	20	700
30	21	218
30	22	700
30	23	795
30	24	1505
30	25	795
30	26	856
30	27	420
30	28	1505
30	29	856
30	30	0
30	31	233
30	32	348
30	33	700
30	34	1264
30	35	1214
30	36	795
30	37	766
30	38	1161
30	39	287
30	40	941
30	41	233
30	42	930
30	43	420
30	44	10
30	45	1449
30	46	348
30	47	856
30	48	795
30	49	623
30	50	493
30	51	287
30	52	700
30	53	1910
30	54	795
30	55	1986
30	56	348
30	57	1449
30	58	420
30	59	795
30	60	493
30	61	218
30	62	856
30	63	3822
30	64	1505
30	65	2660
30	66	623
30	67	856
30	68	766
30	69	1214
30	70	930
30	71	961
30	72	3441
30	73	700
30	74	795
30	75	1167
30	76	961
30	77	1214
30	78	1214
30	79	3441
30	80	287
30	81	1986
30	82	695
30	83	856
30	84	1167
30	85	700
30	86	1584
30	87	941
30	88	930
30	89	795
30	90	1986
30	91	2060
30	92	1161
30	93	233
30	94	1910
30	95	1910
30	96	941
30	97	2060
30	98	941
30	99	1505
30	100	1264
30	101	1505
30	102	1449
30	103	493
30	104	420
30	105	623
30	106	1264
30	107	287
30	108	695
30	109	766
30	110	930
30	111	795
30	112	218
30	113	1167
30	114	10
30	115	961
30	116	420
30	117	623
30	118	10
30	119	287
30	120	1485
30	121	1161
30	122	233
30	123	1584
30	124	218
30	125	3822
30	126	766
30	127	750
30	128	233
30	129	1584
30	130	218
30	131	3822
30	132	700
30	133	1986
30	134	856
30	135	1449
30	136	493
30	137	2660
30	138	1214
30	139	3441
30	140	1505
30	141	1264
30	142	695
30	143	930
30	144	795
30	145	1910
30	146	941
30	147	2060
30	148	287
30	149	1485
30	150	1161
30	151	1167
30	152	961
30	153	420
30	154	623
30	155	10
30	156	348
30	157	218
31	1	258
31	2	499
31	3	826
31	4	826
31	5	201
31	6	826
31	7	499
31	8	790
31	9	233
31	10	1447
31	11	1044
31	12	258
31	13	413
31	14	826
31	15	631
31	16	499
31	17	258
31	18	653
31	19	499
31	20	499
31	21	267
31	22	499
31	23	826
31	24	1447
31	25	826
31	26	790
31	27	201
31	28	1437
31	29	790
31	30	233
31	31	0
31	32	258
31	33	499
31	34	1237
31	35	1106
31	36	826
31	37	643
31	38	1179
31	39	413
31	40	799
31	41	10
31	42	888
31	43	201
31	44	223
31	45	1316
31	46	258
31	47	790
31	48	826
31	49	413
31	50	502
31	51	413
31	52	499
31	53	1846
31	54	826
31	55	1902
31	56	258
31	57	1316
31	58	201
31	59	631
31	60	502
31	61	267
31	62	790
31	63	3762
31	64	1447
31	65	2590
31	66	413
31	67	790
31	68	653
31	69	1116
31	70	898
31	71	771
31	72	3376
31	73	499
31	74	826
31	75	1044
31	76	771
31	77	1116
31	78	1116
31	79	3376
31	80	413
31	81	1902
31	82	513
31	83	790
31	84	1044
31	85	499
31	86	1492
31	87	809
31	88	898
31	89	631
31	90	1902
31	91	2010
31	92	1179
31	93	10
31	94	1846
31	95	1846
31	96	809
31	97	2010
31	98	809
31	99	1447
31	100	1247
31	101	1447
31	102	1316
31	103	502
31	104	201
31	105	413
31	106	1247
31	107	413
31	108	513
31	109	653
31	110	898
31	111	631
31	112	267
31	113	1044
31	114	233
31	115	771
31	116	201
31	117	413
31	118	233
31	119	413
31	120	1440
31	121	1179
31	122	10
31	123	1492
31	124	267
31	125	3762
31	126	653
31	127	807
31	128	10
31	129	1492
31	130	267
31	131	3762
31	132	499
31	133	1902
31	134	790
31	135	1316
31	136	502
31	137	2590
31	138	1116
31	139	3376
31	140	1447
31	141	1247
31	142	513
31	143	898
31	144	631
31	145	1846
31	146	809
31	147	2010
31	148	413
31	149	1440
31	150	1179
31	151	1044
31	152	771
31	153	201
31	154	413
31	155	233
31	156	248
31	157	257
32	1	10
32	2	426
32	3	595
32	4	595
32	5	275
32	6	595
32	7	426
32	8	546
32	9	348
32	10	1204
32	11	1264
32	12	10
32	13	322
32	14	595
32	15	830
32	16	426
32	17	10
32	18	431
32	19	426
32	20	426
32	21	487
32	22	426
32	23	595
32	24	1204
32	25	595
32	26	546
32	27	275
32	28	1204
32	29	546
32	30	348
32	31	258
32	32	0
32	33	426
32	34	1000
32	35	887
32	36	585
32	37	431
32	38	928
32	39	322
32	40	604
32	41	248
32	42	651
32	43	265
32	44	348
32	45	1525
32	46	10
32	47	546
32	48	595
32	49	371
32	50	276
32	51	322
32	52	416
32	53	1605
32	54	595
32	55	1658
32	56	10
32	57	1515
32	58	275
32	59	820
32	60	276
32	61	477
32	62	546
32	63	3511
32	64	1194
32	65	2351
32	66	381
32	67	546
32	68	421
32	69	887
32	70	641
32	71	642
32	72	3136
32	73	426
32	74	595
32	75	1264
32	76	652
32	77	877
32	78	887
32	79	3126
32	80	312
32	81	1668
32	82	377
32	83	546
32	84	1254
32	85	426
32	86	1251
32	87	594
32	88	651
32	89	830
32	90	1668
32	91	1756
32	92	938
32	93	258
32	94	1605
32	95	1605
32	96	604
32	97	1766
32	98	604
32	99	1204
32	100	1000
32	101	1204
32	102	1525
32	103	276
32	104	275
32	105	381
32	106	1000
32	107	322
32	108	387
32	109	431
32	110	651
32	111	830
32	112	487
32	113	1264
32	114	348
32	115	652
32	116	275
32	117	381
32	118	348
32	119	322
32	120	1194
32	121	938
32	122	258
32	123	1261
32	124	487
32	125	3521
32	126	431
32	127	590
32	128	258
32	129	1261
32	130	487
32	131	3521
32	132	426
32	133	1668
32	134	546
32	135	1525
32	136	276
32	137	2351
32	138	887
32	139	3136
32	140	1204
32	141	1000
32	142	387
32	143	651
32	144	830
32	145	1605
32	146	604
32	147	1766
32	148	322
32	149	1194
32	150	938
32	151	1264
32	152	652
32	153	275
32	154	381
32	155	348
32	156	10
32	157	487
33	1	426
33	2	10
33	3	850
33	4	850
33	5	319
33	6	850
33	7	10
33	8	607
33	9	700
33	10	1183
33	11	1165
33	12	426
33	13	737
33	14	850
33	15	724
33	16	10
33	17	426
33	18	401
33	19	10
33	20	10
33	21	744
33	22	10
33	23	850
33	24	1183
33	25	850
33	26	607
33	27	319
33	28	1183
33	29	607
33	30	700
33	31	499
33	32	426
33	33	0
33	34	1092
33	35	797
33	36	850
33	37	401
33	38	1109
33	39	737
33	40	453
33	41	499
33	42	769
33	43	319
33	44	700
33	45	1378
33	46	426
33	47	607
33	48	850
33	49	109
33	50	610
33	51	737
33	52	10
33	53	1550
33	54	850
33	55	1563
33	56	426
33	57	1378
33	58	319
33	59	724
33	60	610
33	61	744
33	62	607
33	63	3437
33	64	1183
33	65	2261
33	66	109
33	67	607
33	68	401
33	69	797
33	70	769
33	71	288
33	72	3044
33	73	10
33	74	850
33	75	1165
33	76	288
33	77	797
33	78	797
33	79	3044
33	80	737
33	81	1563
33	82	114
33	83	607
33	84	1165
33	85	10
33	86	1155
33	87	453
33	88	769
33	89	724
33	90	1563
33	91	1733
33	92	1109
33	93	499
33	94	1550
33	95	1550
33	96	453
33	97	1733
33	98	453
33	99	1183
33	100	1092
33	101	1183
33	102	1378
33	103	610
33	104	319
33	105	109
33	106	1092
33	107	737
33	108	114
33	109	401
33	110	769
33	111	724
33	112	744
33	113	1165
33	114	700
33	115	288
33	116	319
33	117	109
33	118	700
33	119	737
33	120	1205
33	121	1109
33	122	499
33	123	1155
33	124	744
33	125	3437
33	126	401
33	127	887
33	128	499
33	129	1155
33	130	744
33	131	3437
33	132	10
33	133	1563
33	134	607
33	135	1378
33	136	610
33	137	2261
33	138	797
33	139	3044
33	140	1183
33	141	1092
33	142	114
33	143	769
33	144	724
33	145	1550
33	146	453
33	147	1733
33	148	737
33	149	1205
33	150	1109
33	151	1165
33	152	288
33	153	319
33	154	109
33	155	700
33	156	426
33	157	744
34	1	1000
34	2	1092
34	3	508
34	4	508
34	5	1213
34	6	508
34	7	1092
34	8	501
34	9	1264
34	10	345
34	11	2213
34	12	1000
34	13	1025
34	14	508
34	15	1766
34	16	1092
34	17	1000
34	18	703
34	19	1092
34	20	1092
34	21	1453
34	22	1092
34	23	508
34	24	345
34	25	508
34	26	501
34	27	1213
34	28	335
34	29	501
34	30	1264
34	31	1237
34	32	1000
34	33	1092
34	34	0
34	35	455
34	36	508
34	37	693
34	38	217
34	39	1025
34	40	689
34	41	1247
34	42	350
34	43	1213
34	44	1254
34	45	2449
34	46	1000
34	47	501
34	48	508
34	49	1149
34	50	782
34	51	1025
34	52	1092
34	53	712
34	54	508
34	55	848
34	56	1000
34	57	2449
34	58	1213
34	59	1766
34	60	782
34	61	1453
34	62	501
34	63	2584
34	64	345
34	65	1448
34	66	1149
34	67	501
34	68	703
34	69	465
34	70	360
34	71	1024
34	72	2212
34	73	1092
34	74	508
34	75	2213
34	76	1024
34	77	465
34	78	465
34	79	2212
34	80	1025
34	81	848
34	82	988
34	83	501
34	84	2213
34	85	1092
34	86	564
34	87	699
34	88	360
34	89	1766
34	90	848
34	91	827
34	92	217
34	93	1247
34	94	712
34	95	712
34	96	699
34	97	827
34	98	699
34	99	345
34	100	10
34	101	345
34	102	2449
34	103	782
34	104	1213
34	105	1149
34	106	10
34	107	1025
34	108	988
34	109	703
34	110	360
34	111	1766
34	112	1453
34	113	2213
34	114	1264
34	115	1024
34	116	1213
34	117	1149
34	118	1264
34	119	1025
34	120	280
34	121	217
34	122	1247
34	123	564
34	124	1453
34	125	2584
34	126	703
34	127	589
34	128	1247
34	129	564
34	130	1453
34	131	2584
34	132	1092
34	133	848
34	134	501
34	135	2449
34	136	782
34	137	1448
34	138	465
34	139	2212
34	140	345
34	141	10
34	142	988
34	143	360
34	144	1766
34	145	712
34	146	699
34	147	827
34	148	1025
34	149	280
34	150	217
34	151	2213
34	152	1024
34	153	1213
34	154	1149
34	155	1264
34	156	990
34	157	1443
35	1	887
35	2	797
35	3	675
35	4	675
35	5	1015
35	6	675
35	7	797
35	8	383
35	9	1214
35	10	406
35	11	1951
35	12	887
35	13	1049
35	14	675
35	15	1511
35	16	797
35	17	887
35	18	474
35	19	797
35	20	797
35	21	1362
35	22	797
35	23	675
35	24	406
35	25	675
35	26	383
35	27	1015
35	28	396
35	29	383
35	30	1214
35	31	1106
35	32	887
35	33	797
35	34	455
35	35	0
35	36	675
35	37	464
35	38	617
35	39	1049
35	40	345
35	41	1116
35	42	404
35	43	1015
35	44	1204
35	45	2156
35	46	887
35	47	383
35	48	675
35	49	880
35	50	779
35	51	1049
35	52	797
35	53	764
35	54	675
35	55	798
35	56	887
35	57	2156
35	58	1015
35	59	1511
35	60	779
35	61	1362
35	62	383
35	63	2667
35	64	406
35	65	1491
35	66	880
35	67	383
35	68	474
35	69	10
35	70	414
35	71	641
35	72	2277
35	73	797
35	74	675
35	75	1951
35	76	641
35	77	10
35	78	10
35	79	2277
35	80	1049
35	81	798
35	82	706
35	83	383
35	84	1951
35	85	797
35	86	387
35	87	355
35	88	414
35	89	1511
35	90	798
35	91	946
35	92	617
35	93	1116
35	94	764
35	95	764
35	96	355
35	97	946
35	98	355
35	99	406
35	100	465
35	101	406
35	102	2156
35	103	779
35	104	1015
35	105	880
35	106	465
35	107	1049
35	108	706
35	109	474
35	110	414
35	111	1511
35	112	1362
35	113	1951
35	114	1214
35	115	641
35	116	1015
35	117	880
35	118	1214
35	119	1049
35	120	447
35	121	617
35	122	1116
35	123	387
35	124	1362
35	125	2667
35	126	474
35	127	769
35	128	1116
35	129	387
35	130	1362
35	131	2667
35	132	797
35	133	798
35	134	383
35	135	2156
35	136	779
35	137	1491
35	138	10
35	139	2277
35	140	406
35	141	465
35	142	706
35	143	414
35	144	1511
35	145	764
35	146	355
35	147	946
35	148	1049
35	149	447
35	150	617
35	151	1951
35	152	641
35	153	1015
35	154	880
35	155	1214
35	156	877
35	157	1352
36	1	595
36	2	850
36	3	10
36	4	10
36	5	850
36	6	10
36	7	850
36	8	365
36	9	795
36	10	808
36	11	1848
36	12	595
36	13	537
36	14	10
36	15	1413
36	16	850
36	17	595
36	18	515
36	19	850
36	20	850
36	21	995
36	22	850
36	23	10
36	24	808
36	25	10
36	26	365
36	27	850
36	28	808
36	29	365
36	30	795
36	31	826
36	32	585
36	33	850
36	34	508
36	35	675
36	36	0
36	37	515
36	38	367
36	39	537
36	40	644
36	41	816
36	42	272
36	43	840
36	44	795
36	45	2108
36	46	595
36	47	365
36	48	10
36	49	858
36	50	334
36	51	537
36	52	840
36	53	1201
36	54	10
36	55	1309
36	56	595
36	57	2098
36	58	850
36	59	1403
36	60	334
36	61	985
36	62	365
36	63	3071
36	64	798
36	65	1945
36	66	868
36	67	365
36	68	505
36	69	675
36	70	262
36	71	908
36	72	2710
36	73	850
36	74	10
36	75	1848
36	76	918
36	77	665
36	78	675
36	79	2700
36	80	527
36	81	1319
36	82	745
36	83	365
36	84	1838
36	85	850
36	86	957
36	87	634
36	88	272
36	89	1413
36	90	1319
36	91	1315
36	92	377
36	93	826
36	94	1201
36	95	1201
36	96	644
36	97	1325
36	98	644
36	99	808
36	100	508
36	101	808
36	102	2108
36	103	334
36	104	850
36	105	868
36	106	508
36	107	537
36	108	755
36	109	515
36	110	272
36	111	1413
36	112	995
36	113	1848
36	114	795
36	115	918
36	116	850
36	117	868
36	118	795
36	119	537
36	120	763
36	121	377
36	122	826
36	123	967
36	124	995
36	125	3081
36	126	515
36	127	106
36	128	826
36	129	967
36	130	995
36	131	3081
36	132	850
36	133	1319
36	134	365
36	135	2108
36	136	334
36	137	1945
36	138	675
36	139	2710
36	140	808
36	141	508
36	142	755
36	143	272
36	144	1413
36	145	1201
36	146	644
36	147	1325
36	148	537
36	149	763
36	150	377
36	151	1848
36	152	918
36	153	850
36	154	868
36	155	795
36	156	595
36	157	995
37	1	431
37	2	401
37	3	515
37	4	515
37	5	557
37	6	515
37	7	401
37	8	218
37	9	766
37	10	827
37	11	1532
37	12	431
37	13	651
37	14	515
37	15	1085
37	16	401
37	17	431
37	18	10
37	19	401
37	20	401
37	21	901
37	22	401
37	23	515
37	24	827
37	25	515
37	26	218
37	27	557
37	28	817
37	29	218
37	30	766
37	31	643
37	32	431
37	33	401
37	34	693
37	35	464
37	36	515
37	37	0
37	38	724
37	39	651
37	40	186
37	41	653
37	42	372
37	43	557
37	44	756
37	45	1759
37	46	431
37	47	218
37	48	515
37	49	459
37	50	406
37	51	651
37	52	401
37	53	1216
37	54	515
37	55	1261
37	56	431
37	57	1759
37	58	557
37	59	1085
37	60	406
37	61	901
37	62	218
37	63	3128
37	64	827
37	65	1953
37	66	459
37	67	218
37	68	10
37	69	474
37	70	382
37	71	414
37	72	2739
37	73	401
37	74	515
37	75	1532
37	76	414
37	77	474
37	78	474
37	79	2739
37	80	651
37	81	1261
37	82	297
37	83	218
37	84	1532
37	85	401
37	86	850
37	87	196
37	88	382
37	89	1085
37	90	1261
37	91	1389
37	92	724
37	93	653
37	94	1216
37	95	1216
37	96	196
37	97	1389
37	98	196
37	99	827
37	100	703
37	101	827
37	102	1759
37	103	406
37	104	557
37	105	459
37	106	703
37	107	651
37	108	297
37	109	10
37	110	382
37	111	1085
37	112	901
37	113	1532
37	114	766
37	115	414
37	116	557
37	117	459
37	118	766
37	119	651
37	120	836
37	121	724
37	122	653
37	123	850
37	124	901
37	125	3128
37	126	10
37	127	578
37	128	653
37	129	850
37	130	901
37	131	3128
37	132	401
37	133	1261
37	134	218
37	135	1759
37	136	406
37	137	1953
37	138	474
37	139	2739
37	140	827
37	141	703
37	142	297
37	143	382
37	144	1085
37	145	1216
37	146	196
37	147	1389
37	148	651
37	149	836
37	150	724
37	151	1532
37	152	414
37	153	557
37	154	459
37	155	766
37	156	421
37	157	891
38	1	938
38	2	1109
38	3	377
38	4	377
38	5	1177
38	6	377
38	7	1109
38	8	518
38	9	1161
38	10	551
38	11	2183
38	12	938
38	13	903
38	14	377
38	15	1740
38	16	1109
38	17	938
38	18	724
38	19	1109
38	20	1109
38	21	1360
38	22	1109
38	23	377
38	24	551
38	25	377
38	26	518
38	27	1177
38	28	551
38	29	518
38	30	1161
38	31	1179
38	32	928
38	33	1109
38	34	217
38	35	617
38	36	367
38	37	724
38	38	0
38	39	903
38	40	772
38	41	1169
38	42	353
38	43	1167
38	44	1161
38	45	2433
38	46	938
38	47	518
38	48	377
38	49	1141
38	50	691
38	51	903
38	52	1099
38	53	900
38	54	377
38	55	1037
38	56	938
38	57	2423
38	58	1177
38	59	1730
38	60	691
38	61	1350
38	62	518
38	63	2724
38	64	541
38	65	1621
38	66	1151
38	67	518
38	68	714
38	69	617
38	70	343
38	71	1084
38	72	2370
38	73	1109
38	74	377
38	75	2183
38	76	1094
38	77	607
38	78	617
38	79	2360
38	80	893
38	81	1047
38	82	996
38	83	518
38	84	2173
38	85	1109
38	86	759
38	87	762
38	88	353
38	89	1740
38	90	1047
38	91	986
38	92	10
38	93	1179
38	94	900
38	95	900
38	96	772
38	97	996
38	98	772
38	99	551
38	100	217
38	101	551
38	102	2433
38	103	691
38	104	1177
38	105	1151
38	106	217
38	107	903
38	108	1006
38	109	724
38	110	353
38	111	1740
38	112	1360
38	113	2183
38	114	1161
38	115	1094
38	116	1177
38	117	1151
38	118	1161
38	119	903
38	120	480
38	121	10
38	122	1179
38	123	769
38	124	1360
38	125	2734
38	126	724
38	127	438
38	128	1179
38	129	769
38	130	1360
38	131	2734
38	132	1109
38	133	1047
38	134	518
38	135	2433
38	136	691
38	137	1621
38	138	617
38	139	2370
38	140	551
38	141	217
38	142	1006
38	143	353
38	144	1740
38	145	900
38	146	772
38	147	996
38	148	903
38	149	480
38	150	10
38	151	2183
38	152	1094
38	153	1177
38	154	1151
38	155	1161
38	156	938
38	157	1360
39	1	322
39	2	737
39	3	537
39	4	537
39	5	543
39	6	537
39	7	737
39	8	677
39	9	287
39	10	1294
39	11	1428
39	12	322
39	13	10
39	14	537
39	15	1031
39	16	737
39	17	322
39	18	651
39	19	737
39	20	737
39	21	494
39	22	737
39	23	537
39	24	1294
39	25	537
39	26	677
39	27	543
39	28	1294
39	29	677
39	30	287
39	31	413
39	32	322
39	33	737
39	34	1025
39	35	1049
39	36	537
39	37	651
39	38	903
39	39	0
39	40	836
39	41	413
39	42	712
39	43	543
39	44	287
39	45	1707
39	46	322
39	47	677
39	48	537
39	49	690
39	50	281
39	51	10
39	52	737
39	53	1697
39	54	537
39	55	1791
39	56	322
39	57	1707
39	58	543
39	59	1031
39	60	281
39	61	494
39	62	677
39	63	3597
39	64	1294
39	65	2447
39	66	690
39	67	677
39	68	651
39	69	1049
39	70	712
39	71	950
39	72	3221
39	73	737
39	74	537
39	75	1428
39	76	950
39	77	1049
39	78	1049
39	79	3221
39	80	10
39	81	1791
39	82	691
39	83	677
39	84	1428
39	85	737
39	86	1403
39	87	836
39	88	712
39	89	1031
39	90	1791
39	91	1836
39	92	903
39	93	413
39	94	1697
39	95	1697
39	96	836
39	97	1836
39	98	836
39	99	1294
39	100	1025
39	101	1294
39	102	1707
39	103	281
39	104	543
39	105	690
39	106	1025
39	107	10
39	108	691
39	109	651
39	110	712
39	111	1031
39	112	494
39	113	1428
39	114	287
39	115	950
39	116	543
39	117	690
39	118	287
39	119	10
39	120	1263
39	121	903
39	122	413
39	123	1403
39	124	494
39	125	3597
39	126	651
39	127	482
39	128	413
39	129	1403
39	130	494
39	131	3597
39	132	737
39	133	1791
39	134	677
39	135	1707
39	136	281
39	137	2447
39	138	1049
39	139	3221
39	140	1294
39	141	1025
39	142	691
39	143	712
39	144	1031
39	145	1697
39	146	836
39	147	1836
39	148	10
39	149	1263
39	150	903
39	151	1428
39	152	950
39	153	543
39	154	690
39	155	287
39	156	322
39	157	494
40	1	604
40	2	453
40	3	644
40	4	644
40	5	685
40	6	644
40	7	453
40	8	294
40	9	941
40	10	744
40	11	1607
40	12	604
40	13	836
40	14	644
40	15	1166
40	16	453
40	17	604
40	18	196
40	19	453
40	20	453
40	21	1062
40	22	453
40	23	644
40	24	744
40	25	644
40	26	294
40	27	685
40	28	734
40	29	294
40	30	941
40	31	799
40	32	604
40	33	453
40	34	689
40	35	345
40	36	644
40	37	186
40	38	772
40	39	836
40	40	0
40	41	809
40	42	435
40	43	685
40	44	931
40	45	1815
40	46	604
40	47	294
40	48	644
40	49	537
40	50	588
40	51	836
40	52	453
40	53	1109
40	54	644
40	55	1130
40	56	604
40	57	1815
40	58	685
40	59	1166
40	60	588
40	61	1062
40	62	294
40	63	3004
40	64	744
40	65	1827
40	66	537
40	67	294
40	68	196
40	69	355
40	70	445
40	71	336
40	72	2612
40	73	453
40	74	644
40	75	1607
40	76	336
40	77	355
40	78	355
40	79	2612
40	80	836
40	81	1130
40	82	362
40	83	294
40	84	1607
40	85	453
40	86	719
40	87	10
40	88	445
40	89	1166
40	90	1130
40	91	1291
40	92	772
40	93	809
40	94	1109
40	95	1109
40	96	10
40	97	1291
40	98	10
40	99	744
40	100	699
40	101	744
40	102	1815
40	103	588
40	104	685
40	105	537
40	106	699
40	107	836
40	108	362
40	109	196
40	110	445
40	111	1166
40	112	1062
40	113	1607
40	114	941
40	115	336
40	116	685
40	117	537
40	118	941
40	119	836
40	120	771
40	121	772
40	122	809
40	123	719
40	124	1062
40	125	3004
40	126	196
40	127	721
40	128	809
40	129	719
40	130	1062
40	131	3004
40	132	453
40	133	1130
40	134	294
40	135	1815
40	136	588
40	137	1827
40	138	355
40	139	2612
40	140	744
40	141	699
40	142	362
40	143	445
40	144	1166
40	145	1109
40	146	10
40	147	1291
40	148	836
40	149	771
40	150	772
40	151	1607
40	152	336
40	153	685
40	154	537
40	155	941
40	156	594
40	157	1052
41	1	258
41	2	499
41	3	826
41	4	826
41	5	201
41	6	826
41	7	499
41	8	790
41	9	233
41	10	1447
41	11	1044
41	12	258
41	13	413
41	14	826
41	15	631
41	16	499
41	17	258
41	18	653
41	19	499
41	20	499
41	21	267
41	22	499
41	23	826
41	24	1447
41	25	826
41	26	790
41	27	201
41	28	1447
41	29	790
41	30	233
41	31	10
41	32	248
41	33	499
41	34	1247
41	35	1116
41	36	816
41	37	653
41	38	1169
41	39	413
41	40	809
41	41	0
41	42	898
41	43	191
41	44	233
41	45	1316
41	46	258
41	47	790
41	48	826
41	49	403
41	50	502
41	51	413
41	52	489
41	53	1846
41	54	826
41	55	1892
41	56	258
41	57	1306
41	58	201
41	59	621
41	60	502
41	61	257
41	62	790
41	63	3752
41	64	1437
41	65	2590
41	66	413
41	67	790
41	68	643
41	69	1116
41	70	888
41	71	761
41	72	3376
41	73	499
41	74	826
41	75	1044
41	76	771
41	77	1106
41	78	1116
41	79	3366
41	80	403
41	81	1902
41	82	503
41	83	790
41	84	1034
41	85	499
41	86	1482
41	87	799
41	88	898
41	89	631
41	90	1902
41	91	2000
41	92	1179
41	93	10
41	94	1846
41	95	1846
41	96	809
41	97	2010
41	98	809
41	99	1447
41	100	1247
41	101	1447
41	102	1316
41	103	502
41	104	201
41	105	413
41	106	1247
41	107	413
41	108	513
41	109	653
41	110	898
41	111	631
41	112	267
41	113	1044
41	114	233
41	115	771
41	116	201
41	117	413
41	118	233
41	119	413
41	120	1440
41	121	1179
41	122	10
41	123	1492
41	124	267
41	125	3762
41	126	653
41	127	807
41	128	10
41	129	1492
41	130	267
41	131	3762
41	132	499
41	133	1902
41	134	790
41	135	1316
41	136	502
41	137	2590
41	138	1116
41	139	3376
41	140	1447
41	141	1247
41	142	513
41	143	898
41	144	631
41	145	1846
41	146	809
41	147	2010
41	148	413
41	149	1440
41	150	1179
41	151	1044
41	152	771
41	153	201
41	154	413
41	155	233
41	156	258
41	157	267
42	1	651
42	2	769
42	3	272
42	4	272
42	5	864
42	6	272
42	7	769
42	8	176
42	9	930
42	10	592
42	11	1868
42	12	651
42	13	712
42	14	272
42	15	1421
42	16	769
42	17	651
42	18	382
42	19	769
42	20	769
42	21	1112
42	22	769
42	23	272
42	24	592
42	25	272
42	26	176
42	27	864
42	28	582
42	29	176
42	30	930
42	31	888
42	32	651
42	33	769
42	34	350
42	35	404
42	36	272
42	37	372
42	38	353
42	39	712
42	40	435
42	41	898
42	42	0
42	43	864
42	44	920
42	45	2109
42	46	651
42	47	176
42	48	272
42	49	815
42	50	451
42	51	712
42	52	769
42	53	996
42	54	272
42	55	1092
42	56	651
42	57	2109
42	58	864
42	59	1421
42	60	451
42	61	1112
42	62	176
42	63	2904
42	64	592
42	65	1747
42	66	815
42	67	176
42	68	382
42	69	414
42	70	10
42	71	758
42	72	2524
42	73	769
42	74	272
42	75	1868
42	76	758
42	77	414
42	78	414
42	79	2524
42	80	712
42	81	1092
42	82	665
42	83	176
42	84	1868
42	85	769
42	86	719
42	87	445
42	88	10
42	89	1421
42	90	1092
42	91	1141
42	92	353
42	93	898
42	94	996
42	95	996
42	96	445
42	97	1141
42	98	445
42	99	592
42	100	360
42	101	592
42	102	2109
42	103	451
42	104	864
42	105	815
42	106	360
42	107	712
42	108	665
42	109	382
42	110	10
42	111	1421
42	112	1112
42	113	1868
42	114	930
42	115	758
42	116	864
42	117	815
42	118	930
42	119	712
42	120	566
42	121	353
42	122	898
42	123	719
42	124	1112
42	125	2904
42	126	382
42	127	366
42	128	898
42	129	719
42	130	1112
42	131	2904
42	132	769
42	133	1092
42	134	176
42	135	2109
42	136	451
42	137	1747
42	138	414
42	139	2524
42	140	592
42	141	360
42	142	665
42	143	10
42	144	1421
42	145	996
42	146	445
42	147	1141
42	148	712
42	149	566
42	150	353
42	151	1868
42	152	758
42	153	864
42	154	815
42	155	930
42	156	641
42	157	1102
43	1	275
43	2	319
43	3	850
43	4	850
43	5	10
43	6	850
43	7	319
43	8	730
43	9	420
43	10	1373
43	11	1017
43	12	275
43	13	543
43	14	850
43	15	575
43	16	319
43	17	275
43	18	557
43	19	319
43	20	319
43	21	436
43	22	319
43	23	850
43	24	1373
43	25	850
43	26	730
43	27	10
43	28	1373
43	29	730
43	30	420
43	31	201
43	32	265
43	33	319
43	34	1213
43	35	1015
43	36	840
43	37	557
43	38	1167
43	39	543
43	40	685
43	41	191
43	42	864
43	43	0
43	44	420
43	45	1270
43	46	275
43	47	730
43	48	850
43	49	216
43	50	539
43	51	543
43	52	309
43	53	1763
43	54	850
43	55	1791
43	56	275
43	57	1260
43	58	10
43	59	565
43	60	539
43	61	426
43	62	730
43	63	3662
43	64	1363
43	65	2496
43	66	226
43	67	730
43	68	547
43	69	1015
43	70	854
43	71	586
43	72	3282
43	73	319
43	74	850
43	75	1017
43	76	596
43	77	1005
43	78	1015
43	79	3272
43	80	533
43	81	1801
43	82	344
43	83	730
43	84	1007
43	85	319
43	86	1379
43	87	675
43	88	864
43	89	575
43	90	1801
43	91	1925
43	92	1177
43	93	201
43	94	1763
43	95	1763
43	96	685
43	97	1935
43	98	685
43	99	1373
43	100	1213
43	101	1373
43	102	1270
43	103	539
43	104	10
43	105	226
43	106	1213
43	107	543
43	108	354
43	109	557
43	110	864
43	111	575
43	112	436
43	113	1017
43	114	420
43	115	596
43	116	10
43	117	226
43	118	420
43	119	543
43	120	1377
43	121	1177
43	122	201
43	123	1389
43	124	436
43	125	3672
43	126	557
43	127	852
43	128	201
43	129	1389
43	130	436
43	131	3672
43	132	319
43	133	1801
43	134	730
43	135	1270
43	136	539
43	137	2496
43	138	1015
43	139	3282
43	140	1373
43	141	1213
43	142	354
43	143	864
43	144	575
43	145	1763
43	146	685
43	147	1935
43	148	543
43	149	1377
43	150	1177
43	151	1017
43	152	596
43	153	10
43	154	226
43	155	420
43	156	275
43	157	436
44	1	348
44	2	700
44	3	795
44	4	795
44	5	420
44	6	795
44	7	700
44	8	856
44	9	10
44	10	1505
44	11	1167
44	12	348
44	13	287
44	14	795
44	15	795
44	16	700
44	17	348
44	18	766
44	19	700
44	20	700
44	21	218
44	22	700
44	23	795
44	24	1505
44	25	795
44	26	856
44	27	420
44	28	1495
44	29	856
44	30	10
44	31	223
44	32	348
44	33	700
44	34	1254
44	35	1204
44	36	795
44	37	756
44	38	1161
44	39	287
44	40	931
44	41	233
44	42	920
44	43	420
44	44	0
44	45	1449
44	46	348
44	47	856
44	48	795
44	49	623
44	50	493
44	51	287
44	52	700
44	53	1910
44	54	795
44	55	1986
44	56	348
44	57	1449
44	58	420
44	59	795
44	60	493
44	61	218
44	62	856
44	63	3822
44	64	1505
44	65	2660
44	66	623
44	67	856
44	68	766
44	69	1214
44	70	930
44	71	961
44	72	3441
44	73	700
44	74	795
44	75	1167
44	76	961
44	77	1214
44	78	1214
44	79	3441
44	80	287
44	81	1986
44	82	695
44	83	856
44	84	1167
44	85	700
44	86	1584
44	87	941
44	88	930
44	89	795
44	90	1986
44	91	2060
44	92	1161
44	93	233
44	94	1910
44	95	1910
44	96	941
44	97	2060
44	98	941
44	99	1505
44	100	1264
44	101	1505
44	102	1449
44	103	493
44	104	420
44	105	623
44	106	1264
44	107	287
44	108	695
44	109	766
44	110	930
44	111	795
44	112	218
44	113	1167
44	114	10
44	115	961
44	116	420
44	117	623
44	118	10
44	119	287
44	120	1485
44	121	1161
44	122	233
44	123	1584
44	124	218
44	125	3822
44	126	766
44	127	750
44	128	233
44	129	1584
44	130	218
44	131	3822
44	132	700
44	133	1986
44	134	856
44	135	1449
44	136	493
44	137	2660
44	138	1214
44	139	3441
44	140	1505
44	141	1264
44	142	695
44	143	930
44	144	795
44	145	1910
44	146	941
44	147	2060
44	148	287
44	149	1485
44	150	1161
44	151	1167
44	152	961
44	153	420
44	154	623
44	155	10
44	156	338
44	157	208
45	1	1525
45	2	1378
45	3	2108
45	4	2108
45	5	1270
45	6	2108
45	7	1378
45	8	1958
45	9	1449
45	10	2548
45	11	298
45	12	1515
45	13	1707
45	14	2098
45	15	706
45	16	1378
45	17	1525
45	18	1749
45	19	1378
45	20	1378
45	21	1262
45	22	1378
45	23	2108
45	24	2548
45	25	2108
45	26	1958
45	27	1270
45	28	2548
45	29	1958
45	30	1449
45	31	1316
45	32	1525
45	33	1378
45	34	2449
45	35	2156
45	36	2108
45	37	1759
45	38	2433
45	39	1707
45	40	1815
45	41	1316
45	42	2109
45	43	1270
45	44	1449
45	45	0
45	46	1525
45	47	1958
45	48	2108
45	49	1311
45	50	1791
45	51	1707
45	52	1378
45	53	2899
45	54	2108
45	55	2885
45	56	1525
45	57	10
45	58	1270
45	59	706
45	60	1781
45	61	1262
45	62	1958
45	63	4732
45	64	2548
45	65	3563
45	66	1311
45	67	1958
45	68	1759
45	69	2146
45	70	2109
45	71	1544
45	72	4328
45	73	1368
45	74	2108
45	75	298
45	76	1544
45	77	2156
45	78	2156
45	79	4338
45	80	1707
45	81	2875
45	82	1479
45	83	1948
45	84	298
45	85	1378
45	86	2492
45	87	1815
45	88	2099
45	89	696
45	90	2885
45	91	3087
45	92	2433
45	93	1316
45	94	2889
45	95	2899
45	96	1805
45	97	3077
45	98	1815
45	99	2548
45	100	2449
45	101	2538
45	102	10
45	103	1791
45	104	1270
45	105	1311
45	106	2439
45	107	1707
45	108	1469
45	109	1759
45	110	2109
45	111	706
45	112	1262
45	113	288
45	114	1449
45	115	1534
45	116	1260
45	117	1301
45	118	1439
45	119	1697
45	120	2562
45	121	2423
45	122	1306
45	123	2482
45	124	1252
45	125	4722
45	126	1759
45	127	2103
45	128	1316
45	129	2492
45	130	1262
45	131	4732
45	132	1378
45	133	2885
45	134	1958
45	135	10
45	136	1791
45	137	3573
45	138	2156
45	139	4338
45	140	2548
45	141	2449
45	142	1479
45	143	2109
45	144	706
45	145	2899
45	146	1815
45	147	3087
45	148	1707
45	149	2572
45	150	2433
45	151	298
45	152	1544
45	153	1270
45	154	1311
45	155	1449
45	156	1525
45	157	1262
46	1	10
46	2	426
46	3	595
46	4	595
46	5	275
46	6	595
46	7	426
46	8	546
46	9	348
46	10	1204
46	11	1264
46	12	10
46	13	322
46	14	595
46	15	830
46	16	426
46	17	10
46	18	431
46	19	426
46	20	426
46	21	487
46	22	426
46	23	595
46	24	1204
46	25	595
46	26	546
46	27	275
46	28	1204
46	29	546
46	30	348
46	31	258
46	32	10
46	33	426
46	34	1000
46	35	887
46	36	595
46	37	431
46	38	938
46	39	322
46	40	604
46	41	258
46	42	651
46	43	275
46	44	348
46	45	1525
46	46	0
46	47	546
46	48	585
46	49	381
46	50	276
46	51	322
46	52	426
46	53	1605
46	54	595
46	55	1668
46	56	10
46	57	1525
46	58	275
46	59	830
46	60	276
46	61	487
46	62	546
46	63	3521
46	64	1204
46	65	2351
46	66	381
46	67	536
46	68	431
46	69	887
46	70	651
46	71	652
46	72	3136
46	73	426
46	74	595
46	75	1254
46	76	642
46	77	887
46	78	877
46	79	3136
46	80	322
46	81	1668
46	82	387
46	83	546
46	84	1264
46	85	416
46	86	1261
46	87	604
46	88	651
46	89	830
46	90	1658
46	91	1766
46	92	928
46	93	248
46	94	1605
46	95	1595
46	96	604
46	97	1766
46	98	594
46	99	1194
46	100	990
46	101	1204
46	102	1515
46	103	266
46	104	265
46	105	371
46	106	1000
46	107	312
46	108	387
46	109	421
46	110	641
46	111	820
46	112	477
46	113	1264
46	114	338
46	115	652
46	116	275
46	117	381
46	118	348
46	119	322
46	120	1194
46	121	938
46	122	258
46	123	1261
46	124	487
46	125	3521
46	126	431
46	127	590
46	128	258
46	129	1261
46	130	487
46	131	3521
46	132	426
46	133	1668
46	134	546
46	135	1525
46	136	276
46	137	2351
46	138	887
46	139	3136
46	140	1204
46	141	1000
46	142	387
46	143	651
46	144	830
46	145	1605
46	146	604
46	147	1766
46	148	322
46	149	1194
46	150	938
46	151	1264
46	152	652
46	153	275
46	154	381
46	155	348
46	156	10
46	157	487
47	1	546
47	2	607
47	3	365
47	4	365
47	5	730
47	6	365
47	7	607
47	8	10
47	9	856
47	10	668
47	11	1724
47	12	546
47	13	677
47	14	365
47	15	1277
47	16	607
47	17	546
47	18	218
47	19	607
47	20	607
47	21	1021
47	22	607
47	23	365
47	24	668
47	25	365
47	26	10
47	27	730
47	28	668
47	29	10
47	30	856
47	31	790
47	32	546
47	33	607
47	34	501
47	35	383
47	36	365
47	37	218
47	38	518
47	39	677
47	40	294
47	41	790
47	42	176
47	43	730
47	44	856
47	45	1958
47	46	546
47	47	0
47	48	365
47	49	660
47	50	406
47	51	677
47	52	607
47	53	1070
47	54	365
47	55	1140
47	56	546
47	57	1958
47	58	730
47	59	1277
47	60	406
47	61	1021
47	62	10
47	63	2986
47	64	668
47	65	1817
47	66	660
47	67	10
47	68	218
47	69	383
47	70	176
47	71	596
47	72	2601
47	73	607
47	74	365
47	75	1724
47	76	596
47	77	383
47	78	383
47	79	2601
47	80	677
47	81	1140
47	82	504
47	83	10
47	84	1724
47	85	607
47	86	741
47	87	294
47	88	176
47	89	1277
47	90	1140
47	91	1231
47	92	518
47	93	790
47	94	1070
47	95	1070
47	96	294
47	97	1231
47	98	294
47	99	668
47	100	501
47	101	668
47	102	1958
47	103	406
47	104	730
47	105	660
47	106	501
47	107	677
47	108	504
47	109	218
47	110	176
47	111	1277
47	112	1021
47	113	1724
47	114	856
47	115	596
47	116	730
47	117	660
47	118	856
47	119	677
47	120	662
47	121	518
47	122	790
47	123	741
47	124	1021
47	125	2986
47	126	218
47	127	448
47	128	790
47	129	741
47	130	1021
47	131	2986
47	132	607
47	133	1140
47	134	10
47	135	1958
47	136	406
47	137	1817
47	138	383
47	139	2601
47	140	668
47	141	501
47	142	504
47	143	176
47	144	1277
47	145	1070
47	146	294
47	147	1231
47	148	677
47	149	662
47	150	518
47	151	1724
47	152	596
47	153	730
47	154	660
47	155	856
47	156	546
47	157	1021
48	1	595
48	2	850
48	3	10
48	4	10
48	5	850
48	6	10
48	7	850
48	8	365
48	9	795
48	10	808
48	11	1848
48	12	595
48	13	537
48	14	10
48	15	1413
48	16	850
48	17	595
48	18	515
48	19	850
48	20	850
48	21	995
48	22	850
48	23	10
48	24	808
48	25	10
48	26	365
48	27	850
48	28	808
48	29	365
48	30	795
48	31	826
48	32	595
48	33	850
48	34	508
48	35	675
48	36	10
48	37	515
48	38	377
48	39	537
48	40	644
48	41	826
48	42	272
48	43	850
48	44	795
48	45	2108
48	46	585
48	47	365
48	48	0
48	49	868
48	50	334
48	51	537
48	52	850
48	53	1201
48	54	10
48	55	1319
48	56	595
48	57	2108
48	58	850
48	59	1413
48	60	334
48	61	995
48	62	365
48	63	3081
48	64	808
48	65	1945
48	66	868
48	67	355
48	68	515
48	69	675
48	70	272
48	71	918
48	72	2710
48	73	850
48	74	10
48	75	1838
48	76	908
48	77	675
48	78	665
48	79	2710
48	80	537
48	81	1319
48	82	755
48	83	365
48	84	1848
48	85	840
48	86	967
48	87	644
48	88	272
48	89	1413
48	90	1309
48	91	1325
48	92	367
48	93	816
48	94	1201
48	95	1191
48	96	644
48	97	1325
48	98	634
48	99	798
48	100	498
48	101	808
48	102	2098
48	103	324
48	104	840
48	105	858
48	106	508
48	107	527
48	108	755
48	109	505
48	110	262
48	111	1403
48	112	985
48	113	1848
48	114	785
48	115	918
48	116	850
48	117	868
48	118	795
48	119	537
48	120	763
48	121	377
48	122	826
48	123	967
48	124	995
48	125	3081
48	126	515
48	127	106
48	128	826
48	129	967
48	130	995
48	131	3081
48	132	850
48	133	1319
48	134	365
48	135	2108
48	136	334
48	137	1945
48	138	675
48	139	2710
48	140	808
48	141	508
48	142	755
48	143	272
48	144	1413
48	145	1201
48	146	644
48	147	1325
48	148	537
48	149	763
48	150	377
48	151	1848
48	152	918
48	153	850
48	154	868
48	155	795
48	156	595
48	157	995
49	1	381
49	2	109
49	3	868
49	4	868
49	5	226
49	6	868
49	7	109
49	8	660
49	9	623
49	10	1261
49	11	1087
49	12	381
49	13	690
49	14	868
49	15	643
49	16	109
49	17	381
49	18	459
49	19	109
49	20	109
49	21	652
49	22	109
49	23	868
49	24	1261
49	25	868
49	26	660
49	27	226
49	28	1261
49	29	660
49	30	623
49	31	413
49	32	371
49	33	109
49	34	1149
49	35	880
49	36	858
49	37	459
49	38	1141
49	39	690
49	40	537
49	41	403
49	42	815
49	43	216
49	44	623
49	45	1311
49	46	381
49	47	660
49	48	868
49	49	0
49	50	599
49	51	690
49	52	99
49	53	1634
49	54	868
49	55	1643
49	56	381
49	57	1301
49	58	226
49	59	633
49	60	599
49	61	642
49	62	660
49	63	3517
49	64	1251
49	65	2351
49	66	10
49	67	660
49	68	449
49	69	880
49	70	805
49	71	375
49	72	3135
49	73	109
49	74	868
49	75	1087
49	76	385
49	77	870
49	78	880
49	79	3125
49	80	680
49	81	1653
49	82	175
49	83	660
49	84	1077
49	85	109
49	86	1233
49	87	527
49	88	815
49	89	643
49	90	1653
49	91	1805
49	92	1151
49	93	413
49	94	1634
49	95	1634
49	96	537
49	97	1815
49	98	537
49	99	1261
49	100	1149
49	101	1261
49	102	1311
49	103	599
49	104	226
49	105	10
49	106	1149
49	107	690
49	108	185
49	109	459
49	110	815
49	111	643
49	112	652
49	113	1087
49	114	623
49	115	385
49	116	226
49	117	10
49	118	623
49	119	690
49	120	1277
49	121	1151
49	122	413
49	123	1243
49	124	652
49	125	3527
49	126	459
49	127	894
49	128	413
49	129	1243
49	130	652
49	131	3527
49	132	109
49	133	1653
49	134	660
49	135	1311
49	136	599
49	137	2351
49	138	880
49	139	3135
49	140	1261
49	141	1149
49	142	185
49	143	815
49	144	643
49	145	1634
49	146	537
49	147	1815
49	148	690
49	149	1277
49	150	1151
49	151	1087
49	152	385
49	153	226
49	154	10
49	155	623
49	156	381
49	157	652
50	1	276
50	2	610
50	3	334
50	4	334
50	5	539
50	6	334
50	7	610
50	8	406
50	9	493
50	10	1031
50	11	1527
50	12	276
50	13	281
50	14	334
50	15	1096
50	16	610
50	17	276
50	18	406
50	19	610
50	20	610
50	21	683
50	22	610
50	23	334
50	24	1021
50	25	334
50	26	406
50	27	539
50	28	1031
50	29	406
50	30	493
50	31	502
50	32	276
50	33	610
50	34	782
50	35	779
50	36	334
50	37	406
50	38	691
50	39	281
50	40	588
50	41	502
50	42	451
50	43	539
50	44	493
50	45	1791
50	46	276
50	47	406
50	48	334
50	49	599
50	50	0
50	51	271
50	52	610
50	53	1426
50	54	324
50	55	1524
50	56	276
50	57	1791
50	58	529
50	59	1096
50	60	10
50	61	683
50	62	396
50	63	3344
50	64	1031
50	65	2186
50	66	589
50	67	406
50	68	406
50	69	779
50	70	451
50	71	762
50	72	2964
50	73	610
50	74	334
50	75	1527
50	76	762
50	77	779
50	78	779
50	79	2964
50	80	281
50	81	1524
50	82	533
50	83	406
50	84	1527
50	85	610
50	86	1133
50	87	588
50	88	451
50	89	1096
50	90	1524
50	91	1581
50	92	691
50	93	502
50	94	1436
50	95	1436
50	96	588
50	97	1581
50	98	588
50	99	1031
50	100	782
50	101	1031
50	102	1791
50	103	10
50	104	539
50	105	599
50	106	782
50	107	281
50	108	533
50	109	406
50	110	451
50	111	1096
50	112	683
50	113	1527
50	114	493
50	115	762
50	116	539
50	117	599
50	118	493
50	119	281
50	120	1006
50	121	691
50	122	502
50	123	1133
50	124	683
50	125	3344
50	126	406
50	127	324
50	128	502
50	129	1133
50	130	683
50	131	3344
50	132	610
50	133	1524
50	134	406
50	135	1791
50	136	10
50	137	2186
50	138	779
50	139	2964
50	140	1031
50	141	782
50	142	533
50	143	451
50	144	1096
50	145	1436
50	146	588
50	147	1581
50	148	281
50	149	1006
50	150	691
50	151	1527
50	152	762
50	153	539
50	154	599
50	155	493
50	156	276
50	157	683
51	1	322
51	2	737
51	3	537
51	4	537
51	5	543
51	6	537
51	7	737
51	8	677
51	9	287
51	10	1294
51	11	1428
51	12	322
51	13	10
51	14	537
51	15	1031
51	16	737
51	17	322
51	18	651
51	19	737
51	20	737
51	21	494
51	22	737
51	23	537
51	24	1284
51	25	537
51	26	677
51	27	543
51	28	1294
51	29	677
51	30	287
51	31	413
51	32	322
51	33	737
51	34	1025
51	35	1049
51	36	537
51	37	651
51	38	903
51	39	10
51	40	836
51	41	413
51	42	712
51	43	543
51	44	287
51	45	1707
51	46	322
51	47	677
51	48	537
51	49	690
51	50	271
51	51	0
51	52	737
51	53	1687
51	54	527
51	55	1791
51	56	322
51	57	1707
51	58	533
51	59	1031
51	60	281
51	61	494
51	62	667
51	63	3597
51	64	1294
51	65	2447
51	66	680
51	67	677
51	68	651
51	69	1049
51	70	712
51	71	950
51	72	3221
51	73	737
51	74	537
51	75	1428
51	76	950
51	77	1049
51	78	1049
51	79	3221
51	80	10
51	81	1791
51	82	691
51	83	677
51	84	1428
51	85	737
51	86	1403
51	87	836
51	88	712
51	89	1031
51	90	1791
51	91	1836
51	92	903
51	93	413
51	94	1697
51	95	1697
51	96	836
51	97	1836
51	98	836
51	99	1294
51	100	1025
51	101	1294
51	102	1707
51	103	281
51	104	543
51	105	690
51	106	1025
51	107	10
51	108	691
51	109	651
51	110	712
51	111	1031
51	112	494
51	113	1428
51	114	287
51	115	950
51	116	543
51	117	690
51	118	287
51	119	10
51	120	1263
51	121	903
51	122	413
51	123	1403
51	124	494
51	125	3597
51	126	651
51	127	482
51	128	413
51	129	1403
51	130	494
51	131	3597
51	132	737
51	133	1791
51	134	677
51	135	1707
51	136	281
51	137	2447
51	138	1049
51	139	3221
51	140	1294
51	141	1025
51	142	691
51	143	712
51	144	1031
51	145	1697
51	146	836
51	147	1836
51	148	10
51	149	1263
51	150	903
51	151	1428
51	152	950
51	153	543
51	154	690
51	155	287
51	156	322
51	157	494
52	1	426
52	2	10
52	3	850
52	4	850
52	5	319
52	6	850
52	7	10
52	8	607
52	9	700
52	10	1183
52	11	1165
52	12	426
52	13	737
52	14	850
52	15	724
52	16	10
52	17	426
52	18	401
52	19	10
52	20	10
52	21	744
52	22	10
52	23	850
52	24	1183
52	25	850
52	26	607
52	27	319
52	28	1183
52	29	607
52	30	700
52	31	499
52	32	416
52	33	10
52	34	1092
52	35	797
52	36	840
52	37	401
52	38	1099
52	39	737
52	40	453
52	41	489
52	42	769
52	43	309
52	44	700
52	45	1378
52	46	426
52	47	607
52	48	850
52	49	99
52	50	610
52	51	737
52	52	0
52	53	1550
52	54	850
52	55	1553
52	56	426
52	57	1368
52	58	319
52	59	714
52	60	610
52	61	734
52	62	607
52	63	3427
52	64	1173
52	65	2261
52	66	109
52	67	607
52	68	391
52	69	797
52	70	759
52	71	278
52	72	3044
52	73	10
52	74	850
52	75	1165
52	76	288
52	77	787
52	78	797
52	79	3034
52	80	727
52	81	1563
52	82	104
52	83	607
52	84	1155
52	85	10
52	86	1145
52	87	443
52	88	769
52	89	724
52	90	1563
52	91	1723
52	92	1109
52	93	499
52	94	1550
52	95	1550
52	96	453
52	97	1733
52	98	453
52	99	1183
52	100	1092
52	101	1183
52	102	1378
52	103	610
52	104	319
52	105	109
52	106	1092
52	107	737
52	108	114
52	109	401
52	110	769
52	111	724
52	112	744
52	113	1165
52	114	700
52	115	288
52	116	319
52	117	109
52	118	700
52	119	737
52	120	1205
52	121	1109
52	122	499
52	123	1155
52	124	744
52	125	3437
52	126	401
52	127	887
52	128	499
52	129	1155
52	130	744
52	131	3437
52	132	10
52	133	1563
52	134	607
52	135	1378
52	136	610
52	137	2261
52	138	797
52	139	3044
52	140	1183
52	141	1092
52	142	114
52	143	769
52	144	724
52	145	1550
52	146	453
52	147	1733
52	148	737
52	149	1205
52	150	1109
52	151	1165
52	152	288
52	153	319
52	154	109
52	155	700
52	156	426
52	157	744
53	1	1605
53	2	1550
53	3	1201
53	4	1201
53	5	1763
53	6	1201
53	7	1550
53	8	1070
53	9	1910
53	10	415
53	11	2703
53	12	1605
53	13	1697
53	14	1201
53	15	2264
53	16	1550
53	17	1605
53	18	1216
53	19	1550
53	20	1550
53	21	2080
53	22	1550
53	23	1201
53	24	405
53	25	1201
53	26	1070
53	27	1763
53	28	415
53	29	1070
53	30	1910
53	31	1846
53	32	1605
53	33	1550
53	34	712
53	35	764
53	36	1201
53	37	1216
53	38	900
53	39	1697
53	40	1109
53	41	1846
53	42	996
53	43	1763
53	44	1910
53	45	2899
53	46	1605
53	47	1070
53	48	1201
53	49	1634
53	50	1426
53	51	1687
53	52	1550
53	53	0
53	54	1191
53	55	206
53	56	1605
53	57	2899
53	58	1753
53	59	2264
53	60	1436
53	61	2080
53	62	1060
53	63	1927
53	64	415
53	65	761
53	66	1624
53	67	1070
53	68	1216
53	69	764
53	70	996
53	71	1367
53	72	1542
53	73	1550
53	74	1201
53	75	2703
53	76	1367
53	77	764
53	78	764
53	79	1542
53	80	1697
53	81	206
53	82	1460
53	83	1070
53	84	2703
53	85	1550
53	86	421
53	87	1109
53	88	996
53	89	2264
53	90	206
53	91	205
53	92	900
53	93	1846
53	94	10
53	95	10
53	96	1109
53	97	205
53	98	1109
53	99	415
53	100	712
53	101	415
53	102	2899
53	103	1436
53	104	1763
53	105	1634
53	106	712
53	107	1697
53	108	1460
53	109	1216
53	110	996
53	111	2264
53	112	2080
53	113	2703
53	114	1910
53	115	1367
53	116	1763
53	117	1634
53	118	1910
53	119	1697
53	120	449
53	121	900
53	122	1846
53	123	421
53	124	2080
53	125	1927
53	126	1216
53	127	1287
53	128	1846
53	129	421
53	130	2080
53	131	1927
53	132	1550
53	133	206
53	134	1070
53	135	2899
53	136	1436
53	137	761
53	138	764
53	139	1542
53	140	415
53	141	712
53	142	1460
53	143	996
53	144	2264
53	145	10
53	146	1109
53	147	205
53	148	1697
53	149	449
53	150	900
53	151	2703
53	152	1367
53	153	1763
53	154	1634
53	155	1910
53	156	1605
53	157	2080
54	1	595
54	2	850
54	3	10
54	4	10
54	5	850
54	6	10
54	7	850
54	8	365
54	9	795
54	10	808
54	11	1848
54	12	595
54	13	537
54	14	10
54	15	1413
54	16	850
54	17	595
54	18	515
54	19	850
54	20	850
54	21	995
54	22	850
54	23	10
54	24	798
54	25	10
54	26	365
54	27	850
54	28	808
54	29	365
54	30	795
54	31	826
54	32	595
54	33	850
54	34	508
54	35	675
54	36	10
54	37	515
54	38	377
54	39	537
54	40	644
54	41	826
54	42	272
54	43	850
54	44	795
54	45	2108
54	46	595
54	47	365
54	48	10
54	49	868
54	50	324
54	51	527
54	52	850
54	53	1191
54	54	0
54	55	1319
54	56	595
54	57	2108
54	58	840
54	59	1413
54	60	334
54	61	995
54	62	355
54	63	3081
54	64	808
54	65	1945
54	66	858
54	67	365
54	68	515
54	69	675
54	70	272
54	71	918
54	72	2710
54	73	850
54	74	10
54	75	1848
54	76	918
54	77	675
54	78	675
54	79	2710
54	80	537
54	81	1319
54	82	755
54	83	365
54	84	1848
54	85	850
54	86	967
54	87	644
54	88	272
54	89	1413
54	90	1319
54	91	1325
54	92	377
54	93	826
54	94	1201
54	95	1201
54	96	644
54	97	1325
54	98	644
54	99	808
54	100	508
54	101	808
54	102	2108
54	103	334
54	104	850
54	105	868
54	106	508
54	107	537
54	108	755
54	109	515
54	110	272
54	111	1413
54	112	995
54	113	1848
54	114	795
54	115	918
54	116	850
54	117	868
54	118	795
54	119	537
54	120	763
54	121	377
54	122	826
54	123	967
54	124	995
54	125	3081
54	126	515
54	127	106
54	128	826
54	129	967
54	130	995
54	131	3081
54	132	850
54	133	1319
54	134	365
54	135	2108
54	136	334
54	137	1945
54	138	675
54	139	2710
54	140	808
54	141	508
54	142	755
54	143	272
54	144	1413
54	145	1201
54	146	644
54	147	1325
54	148	537
54	149	763
54	150	377
54	151	1848
54	152	918
54	153	850
54	154	868
54	155	795
54	156	595
54	157	995
55	1	1668
55	2	1563
55	3	1319
55	4	1319
55	5	1801
55	6	1319
55	7	1563
55	8	1140
55	9	1986
55	10	522
55	11	2704
55	12	1668
55	13	1791
55	14	1319
55	15	2274
55	16	1563
55	17	1668
55	18	1261
55	19	1563
55	20	1563
55	21	2145
55	22	1563
55	23	1319
55	24	522
55	25	1319
55	26	1140
55	27	1801
55	28	522
55	29	1140
55	30	1986
55	31	1902
55	32	1658
55	33	1563
55	34	848
55	35	798
55	36	1309
55	37	1261
55	38	1037
55	39	1791
55	40	1130
55	41	1892
55	42	1092
55	43	1791
55	44	1986
55	45	2885
55	46	1668
55	47	1140
55	48	1319
55	49	1643
55	50	1524
55	51	1791
55	52	1553
55	53	206
55	54	1319
55	55	0
55	56	1668
55	57	2875
55	58	1801
55	59	2264
55	60	1524
55	61	2135
55	62	1140
55	63	1874
55	64	512
55	65	708
55	66	1653
55	67	1140
55	68	1251
55	69	798
55	70	1082
55	71	1344
55	72	1493
55	73	1563
55	74	1319
55	75	2704
55	76	1354
55	77	788
55	78	798
55	79	1483
55	80	1781
55	81	10
55	82	1470
55	83	1140
55	84	2694
55	85	1563
55	86	413
55	87	1120
55	88	1092
55	89	2274
55	90	10
55	91	321
55	92	1047
55	93	1902
55	94	206
55	95	206
55	96	1130
55	97	331
55	98	1130
55	99	522
55	100	848
55	101	522
55	102	2885
55	103	1524
55	104	1801
55	105	1653
55	106	848
55	107	1791
55	108	1480
55	109	1261
55	110	1092
55	111	2274
55	112	2145
55	113	2704
55	114	1986
55	115	1354
55	116	1801
55	117	1653
55	118	1986
55	119	1791
55	120	579
55	121	1047
55	122	1902
55	123	423
55	124	2145
55	125	1884
55	126	1261
55	127	1409
55	128	1902
55	129	423
55	130	2145
55	131	1884
55	132	1563
55	133	10
55	134	1140
55	135	2885
55	136	1524
55	137	708
55	138	798
55	139	1493
55	140	522
55	141	848
55	142	1480
55	143	1092
55	144	2274
55	145	206
55	146	1130
55	147	331
55	148	1791
55	149	579
55	150	1047
55	151	2704
55	152	1354
55	153	1801
55	154	1653
55	155	1986
55	156	1668
55	157	2145
56	1	10
56	2	426
56	3	595
56	4	595
56	5	275
56	6	595
56	7	426
56	8	546
56	9	348
56	10	1204
56	11	1264
56	12	10
56	13	322
56	14	595
56	15	830
56	16	426
56	17	10
56	18	431
56	19	426
56	20	426
56	21	487
56	22	426
56	23	595
56	24	1204
56	25	595
56	26	546
56	27	275
56	28	1204
56	29	546
56	30	348
56	31	258
56	32	10
56	33	426
56	34	1000
56	35	887
56	36	595
56	37	431
56	38	938
56	39	322
56	40	604
56	41	258
56	42	651
56	43	275
56	44	348
56	45	1525
56	46	10
56	47	546
56	48	595
56	49	381
56	50	276
56	51	322
56	52	426
56	53	1605
56	54	595
56	55	1668
56	56	0
56	57	1525
56	58	275
56	59	830
56	60	276
56	61	487
56	62	546
56	63	3521
56	64	1204
56	65	2351
56	66	381
56	67	546
56	68	431
56	69	887
56	70	651
56	71	652
56	72	3136
56	73	426
56	74	585
56	75	1264
56	76	652
56	77	887
56	78	887
56	79	3136
56	80	322
56	81	1668
56	82	387
56	83	546
56	84	1264
56	85	426
56	86	1261
56	87	604
56	88	651
56	89	830
56	90	1668
56	91	1766
56	92	938
56	93	258
56	94	1605
56	95	1605
56	96	604
56	97	1766
56	98	604
56	99	1204
56	100	1000
56	101	1204
56	102	1525
56	103	276
56	104	275
56	105	381
56	106	1000
56	107	322
56	108	387
56	109	431
56	110	651
56	111	830
56	112	487
56	113	1264
56	114	348
56	115	652
56	116	275
56	117	381
56	118	348
56	119	322
56	120	1194
56	121	938
56	122	258
56	123	1261
56	124	487
56	125	3521
56	126	421
56	127	580
56	128	248
56	129	1251
56	130	477
56	131	3511
56	132	416
56	133	1658
56	134	536
56	135	1515
56	136	266
56	137	2341
56	138	877
56	139	3126
56	140	1194
56	141	990
56	142	377
56	143	641
56	144	820
56	145	1595
56	146	594
56	147	1756
56	148	312
56	149	1184
56	150	928
56	151	1254
56	152	642
56	153	265
56	154	371
56	155	338
56	156	10
56	157	487
57	1	1525
57	2	1378
57	3	2108
57	4	2108
57	5	1270
57	6	2108
57	7	1378
57	8	1958
57	9	1449
57	10	2548
57	11	298
57	12	1525
57	13	1707
57	14	2108
57	15	706
57	16	1378
57	17	1525
57	18	1759
57	19	1378
57	20	1378
57	21	1262
57	22	1378
57	23	2108
57	24	2548
57	25	2108
57	26	1958
57	27	1270
57	28	2548
57	29	1958
57	30	1449
57	31	1316
57	32	1515
57	33	1378
57	34	2449
57	35	2156
57	36	2098
57	37	1759
57	38	2423
57	39	1707
57	40	1815
57	41	1306
57	42	2109
57	43	1260
57	44	1449
57	45	10
57	46	1525
57	47	1958
57	48	2108
57	49	1301
57	50	1791
57	51	1707
57	52	1368
57	53	2899
57	54	2108
57	55	2875
57	56	1525
57	57	0
57	58	1270
57	59	696
57	60	1791
57	61	1252
57	62	1958
57	63	4722
57	64	2538
57	65	3573
57	66	1311
57	67	1958
57	68	1749
57	69	2156
57	70	2099
57	71	1534
57	72	4338
57	73	1378
57	74	2108
57	75	298
57	76	1544
57	77	2146
57	78	2156
57	79	4328
57	80	1697
57	81	2885
57	82	1469
57	83	1958
57	84	288
57	85	1378
57	86	2482
57	87	1805
57	88	2109
57	89	706
57	90	2885
57	91	3077
57	92	2433
57	93	1316
57	94	2899
57	95	2899
57	96	1815
57	97	3087
57	98	1815
57	99	2548
57	100	2449
57	101	2548
57	102	10
57	103	1791
57	104	1270
57	105	1311
57	106	2449
57	107	1707
57	108	1479
57	109	1759
57	110	2109
57	111	706
57	112	1262
57	113	298
57	114	1449
57	115	1544
57	116	1270
57	117	1311
57	118	1449
57	119	1707
57	120	2572
57	121	2433
57	122	1316
57	123	2492
57	124	1262
57	125	4732
57	126	1759
57	127	2103
57	128	1316
57	129	2492
57	130	1262
57	131	4732
57	132	1378
57	133	2885
57	134	1958
57	135	10
57	136	1791
57	137	3573
57	138	2156
57	139	4338
57	140	2548
57	141	2449
57	142	1479
57	143	2109
57	144	706
57	145	2899
57	146	1815
57	147	3087
57	148	1707
57	149	2572
57	150	2433
57	151	298
57	152	1544
57	153	1270
57	154	1311
57	155	1449
57	156	1525
57	157	1262
58	1	275
58	2	319
58	3	850
58	4	850
58	5	10
58	6	850
58	7	319
58	8	730
58	9	420
58	10	1373
58	11	1017
58	12	275
58	13	543
58	14	850
58	15	575
58	16	319
58	17	275
58	18	557
58	19	319
58	20	319
58	21	436
58	22	319
58	23	850
58	24	1363
58	25	850
58	26	730
58	27	10
58	28	1373
58	29	730
58	30	420
58	31	201
58	32	275
58	33	319
58	34	1213
58	35	1015
58	36	850
58	37	557
58	38	1177
58	39	543
58	40	685
58	41	201
58	42	864
58	43	10
58	44	420
58	45	1270
58	46	275
58	47	730
58	48	850
58	49	226
58	50	529
58	51	533
58	52	319
58	53	1753
58	54	840
58	55	1801
58	56	275
58	57	1270
58	58	0
58	59	575
58	60	539
58	61	436
58	62	720
58	63	3672
58	64	1373
58	65	2496
58	66	216
58	67	730
58	68	557
58	69	1015
58	70	864
58	71	596
58	72	3282
58	73	319
58	74	850
58	75	1017
58	76	596
58	77	1015
58	78	1015
58	79	3282
58	80	543
58	81	1801
58	82	354
58	83	730
58	84	1017
58	85	319
58	86	1389
58	87	685
58	88	864
58	89	575
58	90	1801
58	91	1935
58	92	1177
58	93	201
58	94	1763
58	95	1763
58	96	685
58	97	1935
58	98	685
58	99	1373
58	100	1213
58	101	1373
58	102	1270
58	103	539
58	104	10
58	105	226
58	106	1213
58	107	543
58	108	354
58	109	557
58	110	864
58	111	575
58	112	436
58	113	1017
58	114	420
58	115	596
58	116	10
58	117	226
58	118	420
58	119	543
58	120	1377
58	121	1177
58	122	201
58	123	1389
58	124	436
58	125	3672
58	126	557
58	127	852
58	128	201
58	129	1389
58	130	436
58	131	3672
58	132	319
58	133	1801
58	134	730
58	135	1270
58	136	539
58	137	2496
58	138	1015
58	139	3282
58	140	1373
58	141	1213
58	142	354
58	143	864
58	144	575
58	145	1763
58	146	685
58	147	1935
58	148	543
58	149	1377
58	150	1177
58	151	1017
58	152	596
58	153	10
58	154	226
58	155	420
58	156	275
58	157	436
59	1	830
59	2	724
59	3	1413
59	4	1413
59	5	575
59	6	1413
59	7	724
59	8	1277
59	9	795
59	10	1893
59	11	458
59	12	830
59	13	1031
59	14	1413
59	15	10
59	16	724
59	17	830
59	18	1085
59	19	724
59	20	724
59	21	640
59	22	724
59	23	1413
59	24	1893
59	25	1413
59	26	1277
59	27	575
59	28	1893
59	29	1277
59	30	795
59	31	631
59	32	820
59	33	724
59	34	1766
59	35	1511
59	36	1403
59	37	1085
59	38	1730
59	39	1031
59	40	1166
59	41	621
59	42	1421
59	43	565
59	44	795
59	45	706
59	46	830
59	47	1277
59	48	1413
59	49	633
59	50	1096
59	51	1031
59	52	714
59	53	2264
59	54	1413
59	55	2264
59	56	830
59	57	696
59	58	575
59	59	0
59	60	1096
59	61	630
59	62	1277
59	63	4135
59	64	1883
59	65	2971
59	66	643
59	67	1277
59	68	1075
59	69	1511
59	70	1411
59	71	934
59	72	3751
59	73	724
59	74	1413
59	75	458
59	76	944
59	77	1501
59	78	1511
59	79	3741
59	80	1021
59	81	2274
59	82	806
59	83	1277
59	84	448
59	85	724
59	86	1858
59	87	1156
59	88	1421
59	89	10
59	90	2274
59	91	2436
59	92	1740
59	93	631
59	94	2264
59	95	2264
59	96	1166
59	97	2446
59	98	1166
59	99	1893
59	100	1766
59	101	1893
59	102	706
59	103	1096
59	104	575
59	105	643
59	106	1766
59	107	1031
59	108	816
59	109	1085
59	110	1421
59	111	10
59	112	640
59	113	458
59	114	795
59	115	944
59	116	575
59	117	643
59	118	795
59	119	1031
59	120	1908
59	121	1740
59	122	631
59	123	1868
59	124	640
59	125	4145
59	126	1085
59	127	1409
59	128	631
59	129	1868
59	130	640
59	131	4145
59	132	724
59	133	2274
59	134	1277
59	135	706
59	136	1096
59	137	2971
59	138	1511
59	139	3751
59	140	1893
59	141	1766
59	142	816
59	143	1421
59	144	10
59	145	2264
59	146	1166
59	147	2446
59	148	1031
59	149	1908
59	150	1740
59	151	458
59	152	944
59	153	575
59	154	643
59	155	795
59	156	830
59	157	640
60	1	276
60	2	610
60	3	334
60	4	334
60	5	539
60	6	334
60	7	610
60	8	406
60	9	493
60	10	1031
60	11	1527
60	12	266
60	13	281
60	14	324
60	15	1096
60	16	610
60	17	276
60	18	396
60	19	610
60	20	610
60	21	683
60	22	610
60	23	334
60	24	1031
60	25	334
60	26	406
60	27	539
60	28	1031
60	29	406
60	30	493
60	31	502
60	32	276
60	33	610
60	34	782
60	35	779
60	36	334
60	37	406
60	38	691
60	39	281
60	40	588
60	41	502
60	42	451
60	43	539
60	44	493
60	45	1781
60	46	276
60	47	406
60	48	334
60	49	599
60	50	10
60	51	281
60	52	610
60	53	1436
60	54	334
60	55	1524
60	56	276
60	57	1791
60	58	539
60	59	1096
60	60	0
60	61	683
60	62	406
60	63	3344
60	64	1031
60	65	2176
60	66	599
60	67	406
60	68	406
60	69	769
60	70	451
60	71	762
60	72	2954
60	73	600
60	74	334
60	75	1527
60	76	762
60	77	779
60	78	779
60	79	2964
60	80	281
60	81	1514
60	82	533
60	83	396
60	84	1527
60	85	610
60	86	1133
60	87	588
60	88	441
60	89	1086
60	90	1524
60	91	1581
60	92	691
60	93	502
60	94	1426
60	95	1436
60	96	578
60	97	1571
60	98	588
60	99	1031
60	100	782
60	101	1021
60	102	1791
60	103	10
60	104	539
60	105	599
60	106	772
60	107	281
60	108	523
60	109	406
60	110	451
60	111	1096
60	112	683
60	113	1517
60	114	493
60	115	752
60	116	529
60	117	589
60	118	483
60	119	271
60	120	996
60	121	681
60	122	492
60	123	1123
60	124	673
60	125	3334
60	126	406
60	127	324
60	128	502
60	129	1133
60	130	683
60	131	3344
60	132	610
60	133	1524
60	134	406
60	135	1791
60	136	10
60	137	2186
60	138	779
60	139	2964
60	140	1031
60	141	782
60	142	533
60	143	451
60	144	1096
60	145	1436
60	146	588
60	147	1581
60	148	281
60	149	1006
60	150	691
60	151	1527
60	152	762
60	153	539
60	154	599
60	155	493
60	156	276
60	157	683
61	1	487
61	2	744
61	3	995
61	4	995
61	5	436
61	6	995
61	7	744
61	8	1021
61	9	218
61	10	1677
61	11	976
61	12	487
61	13	494
61	14	995
61	15	640
61	16	744
61	17	487
61	18	901
61	19	744
61	20	744
61	21	10
61	22	744
61	23	995
61	24	1677
61	25	995
61	26	1021
61	27	436
61	28	1677
61	29	1021
61	30	218
61	31	267
61	32	477
61	33	744
61	34	1453
61	35	1362
61	36	985
61	37	901
61	38	1350
61	39	494
61	40	1062
61	41	257
61	42	1112
61	43	426
61	44	218
61	45	1262
61	46	487
61	47	1021
61	48	995
61	49	642
61	50	683
61	51	494
61	52	734
61	53	2080
61	54	995
61	55	2135
61	56	487
61	57	1252
61	58	436
61	59	630
61	60	683
61	61	0
61	62	1021
61	63	3986
61	64	1667
61	65	2828
61	66	652
61	67	1021
61	68	891
61	69	1362
61	70	1102
61	71	1010
61	72	3612
61	73	744
61	74	995
61	75	976
61	76	1020
61	77	1352
61	78	1362
61	79	3602
61	80	484
61	81	2145
61	82	757
61	83	1021
61	84	966
61	85	744
61	86	1727
61	87	1052
61	88	1112
61	89	640
61	90	2145
61	91	2227
61	92	1360
61	93	267
61	94	2080
61	95	2080
61	96	1062
61	97	2237
61	98	1062
61	99	1677
61	100	1453
61	101	1677
61	102	1262
61	103	683
61	104	436
61	105	652
61	106	1453
61	107	494
61	108	767
61	109	901
61	110	1112
61	111	640
61	112	10
61	113	976
61	114	218
61	115	1020
61	116	436
61	117	652
61	118	218
61	119	494
61	120	1664
61	121	1360
61	122	267
61	123	1737
61	124	10
61	125	3996
61	126	901
61	127	955
61	128	267
61	129	1737
61	130	10
61	131	3996
61	132	744
61	133	2145
61	134	1021
61	135	1262
61	136	683
61	137	2828
61	138	1362
61	139	3612
61	140	1677
61	141	1453
61	142	767
61	143	1112
61	144	640
61	145	2080
61	146	1062
61	147	2237
61	148	494
61	149	1664
61	150	1360
61	151	976
61	152	1020
61	153	436
61	154	652
61	155	218
61	156	487
61	157	10
62	1	546
62	2	607
62	3	365
62	4	365
62	5	730
62	6	365
62	7	607
62	8	10
62	9	856
62	10	668
62	11	1724
62	12	546
62	13	677
62	14	365
62	15	1277
62	16	607
62	17	546
62	18	218
62	19	607
62	20	607
62	21	1021
62	22	607
62	23	365
62	24	658
62	25	365
62	26	10
62	27	730
62	28	668
62	29	10
62	30	856
62	31	790
62	32	546
62	33	607
62	34	501
62	35	383
62	36	365
62	37	218
62	38	518
62	39	677
62	40	294
62	41	790
62	42	176
62	43	730
62	44	856
62	45	1958
62	46	546
62	47	10
62	48	365
62	49	660
62	50	396
62	51	667
62	52	607
62	53	1060
62	54	355
62	55	1140
62	56	546
62	57	1958
62	58	720
62	59	1277
62	60	406
62	61	1021
62	62	0
62	63	2986
62	64	668
62	65	1817
62	66	650
62	67	10
62	68	218
62	69	383
62	70	176
62	71	596
62	72	2601
62	73	607
62	74	365
62	75	1724
62	76	596
62	77	383
62	78	383
62	79	2601
62	80	677
62	81	1140
62	82	504
62	83	10
62	84	1724
62	85	607
62	86	741
62	87	294
62	88	176
62	89	1277
62	90	1140
62	91	1231
62	92	518
62	93	790
62	94	1070
62	95	1070
62	96	294
62	97	1231
62	98	294
62	99	668
62	100	501
62	101	668
62	102	1958
62	103	406
62	104	730
62	105	660
62	106	501
62	107	677
62	108	504
62	109	218
62	110	176
62	111	1277
62	112	1021
62	113	1724
62	114	856
62	115	596
62	116	730
62	117	660
62	118	856
62	119	677
62	120	662
62	121	518
62	122	790
62	123	741
62	124	1021
62	125	2986
62	126	218
62	127	448
62	128	790
62	129	741
62	130	1021
62	131	2986
62	132	607
62	133	1140
62	134	10
62	135	1958
62	136	406
62	137	1817
62	138	383
62	139	2601
62	140	668
62	141	501
62	142	504
62	143	176
62	144	1277
62	145	1070
62	146	294
62	147	1231
62	148	677
62	149	662
62	150	518
62	151	1724
62	152	596
62	153	730
62	154	660
62	155	856
62	156	546
62	157	1021
63	1	3521
63	2	3437
63	3	3081
63	4	3081
63	5	3672
63	6	3081
63	7	3437
63	8	2986
63	9	3822
63	10	2329
63	11	4569
63	12	3521
63	13	3597
63	14	3081
63	15	4145
63	16	3437
63	17	3521
63	18	3128
63	19	3437
63	20	3437
63	21	3996
63	22	3437
63	23	3081
63	24	2329
63	25	3081
63	26	2986
63	27	3672
63	28	2329
63	29	2986
63	30	3822
63	31	3762
63	32	3511
63	33	3437
63	34	2584
63	35	2667
63	36	3071
63	37	3128
63	38	2724
63	39	3597
63	40	3004
63	41	3752
63	42	2904
63	43	3662
63	44	3822
63	45	4732
63	46	3521
63	47	2986
63	48	3081
63	49	3517
63	50	3344
63	51	3597
63	52	3427
63	53	1927
63	54	3081
63	55	1874
63	56	3521
63	57	4722
63	58	3672
63	59	4135
63	60	3344
63	61	3986
63	62	2986
63	63	0
63	64	2319
63	65	1187
63	66	3527
63	67	2986
63	68	3118
63	69	2667
63	70	2894
63	71	3206
63	72	405
63	73	3437
63	74	3081
63	75	4569
63	76	3216
63	77	2657
63	78	2667
63	79	395
63	80	3587
63	81	1884
63	82	3344
63	83	2986
63	84	4559
63	85	3437
63	86	2286
63	87	2994
63	88	2904
63	89	4145
63	90	1884
63	91	1763
63	92	2734
63	93	3762
63	94	1927
63	95	1927
63	96	3004
63	97	1773
63	98	3004
63	99	2329
63	100	2584
63	101	2329
63	102	4732
63	103	3344
63	104	3672
63	105	3527
63	106	2584
63	107	3597
63	108	3354
63	109	3128
63	110	2904
63	111	4145
63	112	3996
63	113	4569
63	114	3822
63	115	3216
63	116	3672
63	117	3527
63	118	3822
63	119	3597
63	120	2348
63	121	2734
63	122	3762
63	123	2296
63	124	3996
63	125	10
63	126	3128
63	127	3156
63	128	3762
63	129	2296
63	130	3996
63	131	10
63	132	3437
63	133	1884
63	134	2986
63	135	4732
63	136	3344
63	137	1187
63	138	2667
63	139	405
63	140	2329
63	141	2584
63	142	3354
63	143	2904
63	144	4145
63	145	1927
63	146	3004
63	147	1773
63	148	3597
63	149	2348
63	150	2734
63	151	4569
63	152	3216
63	153	3672
63	154	3527
63	155	3822
63	156	3521
63	157	3996
64	1	1204
64	2	1183
64	3	808
64	4	808
64	5	1373
64	6	808
64	7	1183
64	8	668
64	9	1505
64	10	10
64	11	2337
64	12	1204
64	13	1294
64	14	808
64	15	1893
64	16	1183
64	17	1204
64	18	827
64	19	1183
64	20	1183
64	21	1677
64	22	1183
64	23	808
64	24	10
64	25	808
64	26	668
64	27	1373
64	28	10
64	29	668
64	30	1505
64	31	1447
64	32	1194
64	33	1183
64	34	345
64	35	406
64	36	798
64	37	827
64	38	541
64	39	1294
64	40	744
64	41	1437
64	42	592
64	43	1363
64	44	1505
64	45	2548
64	46	1204
64	47	668
64	48	808
64	49	1251
64	50	1031
64	51	1294
64	52	1173
64	53	415
64	54	808
64	55	512
64	56	1204
64	57	2538
64	58	1373
64	59	1883
64	60	1031
64	61	1667
64	62	668
64	63	2319
64	64	0
64	65	1166
64	66	1261
64	67	668
64	68	817
64	69	406
64	70	582
64	71	1026
64	72	1947
64	73	1183
64	74	808
64	75	2337
64	76	1036
64	77	396
64	78	406
64	79	1937
64	80	1284
64	81	522
64	82	1077
64	83	668
64	84	2327
64	85	1183
64	86	247
64	87	734
64	88	592
64	89	1893
64	90	522
64	91	564
64	92	551
64	93	1447
64	94	415
64	95	415
64	96	744
64	97	574
64	98	744
64	99	10
64	100	345
64	101	10
64	102	2548
64	103	1031
64	104	1373
64	105	1261
64	106	345
64	107	1294
64	108	1087
64	109	827
64	110	592
64	111	1893
64	112	1677
64	113	2337
64	114	1505
64	115	1036
64	116	1373
64	117	1261
64	118	1505
64	119	1294
64	120	98
64	121	551
64	122	1447
64	123	257
64	124	1677
64	125	2329
64	126	827
64	127	898
64	128	1447
64	129	257
64	130	1677
64	131	2329
64	132	1183
64	133	522
64	134	668
64	135	2548
64	136	1031
64	137	1166
64	138	406
64	139	1947
64	140	10
64	141	345
64	142	1087
64	143	592
64	144	1893
64	145	415
64	146	744
64	147	574
64	148	1294
64	149	98
64	150	551
64	151	2337
64	152	1036
64	153	1373
64	154	1261
64	155	1505
64	156	1204
64	157	1677
65	1	2351
65	2	2261
65	3	1945
65	4	1945
65	5	2496
65	6	1945
65	7	2261
65	8	1817
65	9	2660
65	10	1166
65	11	3399
65	12	2341
65	13	2447
65	14	1935
65	15	2971
65	16	2261
65	17	2351
65	18	1943
65	19	2261
65	20	2261
65	21	2828
65	22	2261
65	23	1945
65	24	1166
65	25	1945
65	26	1817
65	27	2496
65	28	1166
65	29	1817
65	30	2660
65	31	2590
65	32	2351
65	33	2261
65	34	1448
65	35	1491
65	36	1945
65	37	1953
65	38	1621
65	39	2447
65	40	1827
65	41	2590
65	42	1747
65	43	2496
65	44	2660
65	45	3563
65	46	2351
65	47	1817
65	48	1945
65	49	2351
65	50	2186
65	51	2447
65	52	2261
65	53	761
65	54	1945
65	55	708
65	56	2351
65	57	3573
65	58	2496
65	59	2971
65	60	2176
65	61	2828
65	62	1817
65	63	1187
65	64	1166
65	65	0
65	66	2351
65	67	1817
65	68	1953
65	69	1481
65	70	1747
65	71	2047
65	72	787
65	73	2251
65	74	1945
65	75	3399
65	76	2047
65	77	1491
65	78	1491
65	79	797
65	80	2447
65	81	698
65	82	2178
65	83	1807
65	84	3399
65	85	2261
65	86	1119
65	87	1827
65	88	1737
65	89	2961
65	90	708
65	91	635
65	92	1621
65	93	2590
65	94	751
65	95	761
65	96	1817
65	97	625
65	98	1827
65	99	1166
65	100	1448
65	101	1156
65	102	3573
65	103	2186
65	104	2496
65	105	2351
65	106	1438
65	107	2447
65	108	2168
65	109	1953
65	110	1747
65	111	2971
65	112	2828
65	113	3389
65	114	2660
65	115	2037
65	116	2486
65	117	2341
65	118	2650
65	119	2437
65	120	1185
65	121	1611
65	122	2580
65	123	1109
65	124	2818
65	125	1177
65	126	1953
65	127	2027
65	128	2590
65	129	1119
65	130	2828
65	131	1187
65	132	2261
65	133	708
65	134	1817
65	135	3573
65	136	2186
65	137	10
65	138	1491
65	139	797
65	140	1166
65	141	1448
65	142	2178
65	143	1747
65	144	2971
65	145	761
65	146	1827
65	147	635
65	148	2447
65	149	1195
65	150	1621
65	151	3399
65	152	2047
65	153	2496
65	154	2351
65	155	2660
65	156	2351
65	157	2828
66	1	381
66	2	109
66	3	868
66	4	868
66	5	226
66	6	868
66	7	109
66	8	660
66	9	623
66	10	1261
66	11	1087
66	12	381
66	13	690
66	14	868
66	15	643
66	16	109
66	17	381
66	18	459
66	19	109
66	20	109
66	21	652
66	22	109
66	23	868
66	24	1251
66	25	868
66	26	660
66	27	226
66	28	1261
66	29	660
66	30	623
66	31	413
66	32	381
66	33	109
66	34	1149
66	35	880
66	36	868
66	37	459
66	38	1151
66	39	690
66	40	537
66	41	413
66	42	815
66	43	226
66	44	623
66	45	1311
66	46	381
66	47	660
66	48	868
66	49	10
66	50	589
66	51	680
66	52	109
66	53	1624
66	54	858
66	55	1653
66	56	381
66	57	1311
66	58	216
66	59	643
66	60	599
66	61	652
66	62	650
66	63	3527
66	64	1261
66	65	2351
66	66	0
66	67	660
66	68	459
66	69	880
66	70	815
66	71	385
66	72	3135
66	73	109
66	74	868
66	75	1087
66	76	385
66	77	880
66	78	880
66	79	3135
66	80	690
66	81	1653
66	82	185
66	83	660
66	84	1087
66	85	109
66	86	1243
66	87	537
66	88	815
66	89	643
66	90	1653
66	91	1815
66	92	1151
66	93	413
66	94	1634
66	95	1634
66	96	537
66	97	1815
66	98	537
66	99	1261
66	100	1149
66	101	1261
66	102	1311
66	103	599
66	104	226
66	105	10
66	106	1149
66	107	690
66	108	185
66	109	459
66	110	815
66	111	643
66	112	652
66	113	1087
66	114	623
66	115	385
66	116	226
66	117	10
66	118	623
66	119	690
66	120	1277
66	121	1151
66	122	413
66	123	1243
66	124	652
66	125	3527
66	126	459
66	127	894
66	128	413
66	129	1243
66	130	652
66	131	3527
66	132	109
66	133	1653
66	134	660
66	135	1311
66	136	599
66	137	2351
66	138	880
66	139	3135
66	140	1261
66	141	1149
66	142	185
66	143	815
66	144	643
66	145	1634
66	146	537
66	147	1815
66	148	690
66	149	1277
66	150	1151
66	151	1087
66	152	385
66	153	226
66	154	10
66	155	623
66	156	381
66	157	652
67	1	546
67	2	607
67	3	365
67	4	365
67	5	730
67	6	365
67	7	607
67	8	10
67	9	856
67	10	668
67	11	1724
67	12	546
67	13	677
67	14	365
67	15	1277
67	16	607
67	17	546
67	18	218
67	19	607
67	20	607
67	21	1021
67	22	607
67	23	365
67	24	668
67	25	365
67	26	10
67	27	730
67	28	668
67	29	10
67	30	856
67	31	790
67	32	546
67	33	607
67	34	501
67	35	383
67	36	365
67	37	218
67	38	518
67	39	677
67	40	294
67	41	790
67	42	176
67	43	730
67	44	856
67	45	1958
67	46	536
67	47	10
67	48	355
67	49	660
67	50	406
67	51	677
67	52	607
67	53	1070
67	54	365
67	55	1140
67	56	546
67	57	1958
67	58	730
67	59	1277
67	60	406
67	61	1021
67	62	10
67	63	2986
67	64	668
67	65	1817
67	66	660
67	67	0
67	68	218
67	69	383
67	70	176
67	71	596
67	72	2601
67	73	607
67	74	365
67	75	1714
67	76	586
67	77	383
67	78	373
67	79	2601
67	80	677
67	81	1140
67	82	504
67	83	10
67	84	1724
67	85	597
67	86	741
67	87	294
67	88	176
67	89	1277
67	90	1130
67	91	1231
67	92	508
67	93	780
67	94	1070
67	95	1060
67	96	294
67	97	1231
67	98	284
67	99	658
67	100	491
67	101	668
67	102	1948
67	103	396
67	104	720
67	105	650
67	106	501
67	107	667
67	108	504
67	109	208
67	110	166
67	111	1267
67	112	1011
67	113	1724
67	114	846
67	115	596
67	116	730
67	117	660
67	118	856
67	119	677
67	120	662
67	121	518
67	122	790
67	123	741
67	124	1021
67	125	2986
67	126	218
67	127	448
67	128	790
67	129	741
67	130	1021
67	131	2986
67	132	607
67	133	1140
67	134	10
67	135	1958
67	136	406
67	137	1817
67	138	383
67	139	2601
67	140	668
67	141	501
67	142	504
67	143	176
67	144	1277
67	145	1070
67	146	294
67	147	1231
67	148	677
67	149	662
67	150	518
67	151	1724
67	152	596
67	153	730
67	154	660
67	155	856
67	156	546
67	157	1021
68	1	431
68	2	401
68	3	515
68	4	515
68	5	557
68	6	515
68	7	401
68	8	218
68	9	766
68	10	827
68	11	1532
68	12	431
68	13	651
68	14	515
68	15	1085
68	16	401
68	17	431
68	18	10
68	19	401
68	20	401
68	21	901
68	22	401
68	23	515
68	24	827
68	25	515
68	26	218
68	27	557
68	28	827
68	29	218
68	30	766
68	31	653
68	32	421
68	33	401
68	34	703
68	35	474
68	36	505
68	37	10
68	38	714
68	39	651
68	40	196
68	41	643
68	42	382
68	43	547
68	44	766
68	45	1759
68	46	431
68	47	218
68	48	515
68	49	449
68	50	406
68	51	651
68	52	391
68	53	1216
68	54	515
68	55	1251
68	56	431
68	57	1749
68	58	557
68	59	1075
68	60	406
68	61	891
68	62	218
68	63	3118
68	64	817
68	65	1953
68	66	459
68	67	218
68	68	0
68	69	474
68	70	372
68	71	404
68	72	2739
68	73	401
68	74	515
68	75	1532
68	76	414
68	77	464
68	78	474
68	79	2729
68	80	641
68	81	1261
68	82	287
68	83	218
68	84	1522
68	85	401
68	86	840
68	87	186
68	88	382
68	89	1085
68	90	1261
68	91	1379
68	92	724
68	93	653
68	94	1216
68	95	1216
68	96	196
68	97	1389
68	98	196
68	99	827
68	100	703
68	101	827
68	102	1759
68	103	406
68	104	557
68	105	459
68	106	703
68	107	651
68	108	297
68	109	10
68	110	382
68	111	1085
68	112	901
68	113	1532
68	114	766
68	115	414
68	116	557
68	117	459
68	118	766
68	119	651
68	120	836
68	121	724
68	122	653
68	123	850
68	124	901
68	125	3128
68	126	10
68	127	578
68	128	653
68	129	850
68	130	901
68	131	3128
68	132	401
68	133	1261
68	134	218
68	135	1759
68	136	406
68	137	1953
68	138	474
68	139	2739
68	140	827
68	141	703
68	142	297
68	143	382
68	144	1085
68	145	1216
68	146	196
68	147	1389
68	148	651
68	149	836
68	150	724
68	151	1532
68	152	414
68	153	557
68	154	459
68	155	766
68	156	431
68	157	901
69	1	887
69	2	797
69	3	675
69	4	675
69	5	1015
69	6	675
69	7	797
69	8	383
69	9	1214
69	10	406
69	11	1951
69	12	877
69	13	1049
69	14	665
69	15	1511
69	16	797
69	17	887
69	18	464
69	19	797
69	20	797
69	21	1362
69	22	797
69	23	675
69	24	406
69	25	675
69	26	383
69	27	1015
69	28	406
69	29	383
69	30	1214
69	31	1116
69	32	887
69	33	797
69	34	465
69	35	10
69	36	675
69	37	474
69	38	617
69	39	1049
69	40	355
69	41	1116
69	42	414
69	43	1015
69	44	1214
69	45	2146
69	46	887
69	47	383
69	48	675
69	49	880
69	50	779
69	51	1049
69	52	797
69	53	764
69	54	675
69	55	798
69	56	887
69	57	2156
69	58	1015
69	59	1511
69	60	769
69	61	1362
69	62	383
69	63	2667
69	64	406
69	65	1481
69	66	880
69	67	383
69	68	474
69	69	0
69	70	414
69	71	641
69	72	2267
69	73	787
69	74	675
69	75	1951
69	76	641
69	77	10
69	78	10
69	79	2277
69	80	1049
69	81	788
69	82	706
69	83	373
69	84	1951
69	85	797
69	86	387
69	87	355
69	88	404
69	89	1501
69	90	798
69	91	946
69	92	617
69	93	1116
69	94	754
69	95	764
69	96	345
69	97	936
69	98	355
69	99	406
69	100	465
69	101	396
69	102	2156
69	103	779
69	104	1015
69	105	880
69	106	455
69	107	1049
69	108	696
69	109	474
69	110	414
69	111	1511
69	112	1362
69	113	1941
69	114	1214
69	115	631
69	116	1005
69	117	870
69	118	1204
69	119	1039
69	120	437
69	121	607
69	122	1106
69	123	377
69	124	1352
69	125	2657
69	126	474
69	127	769
69	128	1116
69	129	387
69	130	1362
69	131	2667
69	132	797
69	133	798
69	134	383
69	135	2156
69	136	779
69	137	1491
69	138	10
69	139	2277
69	140	406
69	141	465
69	142	706
69	143	414
69	144	1511
69	145	764
69	146	355
69	147	946
69	148	1049
69	149	447
69	150	617
69	151	1951
69	152	641
69	153	1015
69	154	880
69	155	1214
69	156	887
69	157	1362
70	1	651
70	2	769
70	3	272
70	4	272
70	5	864
70	6	272
70	7	769
70	8	176
70	9	930
70	10	592
70	11	1868
70	12	651
70	13	712
70	14	272
70	15	1421
70	16	769
70	17	651
70	18	382
70	19	769
70	20	769
70	21	1112
70	22	769
70	23	272
70	24	592
70	25	272
70	26	176
70	27	864
70	28	592
70	29	176
70	30	930
70	31	898
70	32	641
70	33	769
70	34	360
70	35	414
70	36	262
70	37	382
70	38	343
70	39	712
70	40	445
70	41	888
70	42	10
70	43	854
70	44	930
70	45	2109
70	46	651
70	47	176
70	48	272
70	49	805
70	50	451
70	51	712
70	52	759
70	53	996
70	54	272
70	55	1082
70	56	651
70	57	2099
70	58	864
70	59	1411
70	60	451
70	61	1102
70	62	176
70	63	2894
70	64	582
70	65	1747
70	66	815
70	67	176
70	68	372
70	69	414
70	70	0
70	71	748
70	72	2524
70	73	769
70	74	272
70	75	1868
70	76	758
70	77	404
70	78	414
70	79	2514
70	80	702
70	81	1092
70	82	655
70	83	176
70	84	1858
70	85	769
70	86	709
70	87	435
70	88	10
70	89	1421
70	90	1092
70	91	1131
70	92	353
70	93	898
70	94	996
70	95	996
70	96	445
70	97	1141
70	98	445
70	99	592
70	100	360
70	101	592
70	102	2109
70	103	451
70	104	864
70	105	815
70	106	360
70	107	712
70	108	665
70	109	382
70	110	10
70	111	1421
70	112	1112
70	113	1868
70	114	930
70	115	758
70	116	864
70	117	815
70	118	930
70	119	712
70	120	566
70	121	353
70	122	898
70	123	719
70	124	1112
70	125	2904
70	126	382
70	127	366
70	128	898
70	129	719
70	130	1112
70	131	2904
70	132	769
70	133	1092
70	134	176
70	135	2109
70	136	451
70	137	1747
70	138	414
70	139	2524
70	140	592
70	141	360
70	142	665
70	143	10
70	144	1421
70	145	996
70	146	445
70	147	1141
70	148	712
70	149	566
70	150	353
70	151	1868
70	152	758
70	153	864
70	154	815
70	155	930
70	156	651
70	157	1112
71	1	652
71	2	288
71	3	918
71	4	918
71	5	596
71	6	918
71	7	288
71	8	596
71	9	961
71	10	1036
71	11	1363
71	12	652
71	13	950
71	14	918
71	15	944
71	16	288
71	17	652
71	18	414
71	19	288
71	20	288
71	21	1020
71	22	288
71	23	918
71	24	1036
71	25	918
71	26	596
71	27	596
71	28	1036
71	29	596
71	30	961
71	31	771
71	32	642
71	33	288
71	34	1024
71	35	641
71	36	908
71	37	414
71	38	1084
71	39	950
71	40	336
71	41	761
71	42	758
71	43	586
71	44	961
71	45	1544
71	46	652
71	47	596
71	48	918
71	49	375
71	50	762
71	51	950
71	52	278
71	53	1367
71	54	918
71	55	1344
71	56	652
71	57	1534
71	58	596
71	59	934
71	60	762
71	61	1010
71	62	596
71	63	3206
71	64	1026
71	65	2047
71	66	385
71	67	596
71	68	404
71	69	641
71	70	748
71	71	0
71	72	2822
71	73	288
71	74	918
71	75	1363
71	76	10
71	77	631
71	78	641
71	79	2812
71	80	940
71	81	1354
71	82	268
71	83	596
71	84	1353
71	85	288
71	86	949
71	87	326
71	88	758
71	89	944
71	90	1354
71	91	1548
71	92	1094
71	93	771
71	94	1367
71	95	1367
71	96	336
71	97	1558
71	98	336
71	99	1036
71	100	1024
71	101	1036
71	102	1544
71	103	762
71	104	596
71	105	385
71	106	1024
71	107	950
71	108	278
71	109	414
71	110	758
71	111	944
71	112	1020
71	113	1363
71	114	961
71	115	10
71	116	596
71	117	385
71	118	961
71	119	950
71	120	1076
71	121	1094
71	122	771
71	123	959
71	124	1020
71	125	3216
71	126	414
71	127	979
71	128	771
71	129	959
71	130	1020
71	131	3216
71	132	288
71	133	1354
71	134	596
71	135	1544
71	136	762
71	137	2047
71	138	641
71	139	2822
71	140	1036
71	141	1024
71	142	278
71	143	758
71	144	944
71	145	1367
71	146	336
71	147	1558
71	148	950
71	149	1076
71	150	1094
71	151	1363
71	152	10
71	153	596
71	154	385
71	155	961
71	156	652
71	157	1020
72	1	3136
72	2	3044
72	3	2710
72	4	2710
72	5	3282
72	6	2710
72	7	3044
72	8	2601
72	9	3441
72	10	1947
72	11	4174
72	12	3126
72	13	3221
72	14	2700
72	15	3751
72	16	3044
72	17	3136
72	18	2729
72	19	3044
72	20	3044
72	21	3612
72	22	3044
72	23	2710
72	24	1947
72	25	2710
72	26	2601
72	27	3282
72	28	1947
72	29	2601
72	30	3441
72	31	3376
72	32	3136
72	33	3044
72	34	2212
72	35	2277
72	36	2710
72	37	2739
72	38	2370
72	39	3221
72	40	2612
72	41	3376
72	42	2524
72	43	3282
72	44	3441
72	45	4328
72	46	3136
72	47	2601
72	48	2710
72	49	3135
72	50	2964
72	51	3221
72	52	3044
72	53	1542
72	54	2710
72	55	1493
72	56	3136
72	57	4338
72	58	3282
72	59	3751
72	60	2954
72	61	3612
72	62	2601
72	63	405
72	64	1947
72	65	787
72	66	3135
72	67	2601
72	68	2739
72	69	2267
72	70	2524
72	71	2822
72	72	0
72	73	3034
72	74	2710
72	75	4174
72	76	2822
72	77	2277
72	78	2277
72	79	10
72	80	3221
72	81	1483
72	82	2962
72	83	2591
72	84	4174
72	85	3044
72	86	1904
72	87	2612
72	88	2514
72	89	3741
72	90	1493
72	91	1396
72	92	2370
72	93	3376
72	94	1532
72	95	1542
72	96	2602
72	97	1386
72	98	2612
72	99	1947
72	100	2212
72	101	1937
72	102	4338
72	103	2964
72	104	3282
72	105	3135
72	106	2202
72	107	3221
72	108	2952
72	109	2739
72	110	2524
72	111	3751
72	112	3612
72	113	4164
72	114	3441
72	115	2812
72	116	3272
72	117	3125
72	118	3431
72	119	3211
72	120	1959
72	121	2360
72	122	3366
72	123	1894
72	124	3602
72	125	395
72	126	2739
72	127	2788
72	128	3376
72	129	1904
72	130	3612
72	131	405
72	132	3044
72	133	1493
72	134	2601
72	135	4338
72	136	2964
72	137	797
72	138	2277
72	139	10
72	140	1947
72	141	2212
72	142	2962
72	143	2524
72	144	3751
72	145	1542
72	146	2612
72	147	1396
72	148	3221
72	149	1969
72	150	2370
72	151	4174
72	152	2822
72	153	3282
72	154	3135
72	155	3441
72	156	3136
72	157	3612
73	1	426
73	2	10
73	3	850
73	4	850
73	5	319
73	6	850
73	7	10
73	8	607
73	9	700
73	10	1183
73	11	1165
73	12	416
73	13	737
73	14	840
73	15	724
73	16	10
73	17	426
73	18	391
73	19	10
73	20	10
73	21	744
73	22	10
73	23	850
73	24	1183
73	25	850
73	26	607
73	27	319
73	28	1183
73	29	607
73	30	700
73	31	499
73	32	426
73	33	10
73	34	1092
73	35	797
73	36	850
73	37	401
73	38	1109
73	39	737
73	40	453
73	41	499
73	42	769
73	43	319
73	44	700
73	45	1368
73	46	426
73	47	607
73	48	850
73	49	109
73	50	610
73	51	737
73	52	10
73	53	1550
73	54	850
73	55	1563
73	56	426
73	57	1378
73	58	319
73	59	724
73	60	600
73	61	744
73	62	607
73	63	3437
73	64	1183
73	65	2251
73	66	109
73	67	607
73	68	401
73	69	787
73	70	769
73	71	288
73	72	3034
73	73	0
73	74	850
73	75	1165
73	76	288
73	77	797
73	78	797
73	79	3044
73	80	737
73	81	1553
73	82	114
73	83	597
73	84	1165
73	85	10
73	86	1155
73	87	453
73	88	759
73	89	714
73	90	1563
73	91	1733
73	92	1109
73	93	499
73	94	1540
73	95	1550
73	96	443
73	97	1723
73	98	453
73	99	1183
73	100	1092
73	101	1173
73	102	1378
73	103	610
73	104	319
73	105	109
73	106	1082
73	107	737
73	108	104
73	109	401
73	110	769
73	111	724
73	112	744
73	113	1155
73	114	700
73	115	278
73	116	309
73	117	99
73	118	690
73	119	727
73	120	1195
73	121	1099
73	122	489
73	123	1145
73	124	734
73	125	3427
73	126	401
73	127	887
73	128	499
73	129	1155
73	130	744
73	131	3437
73	132	10
73	133	1563
73	134	607
73	135	1378
73	136	610
73	137	2261
73	138	797
73	139	3044
73	140	1183
73	141	1092
73	142	114
73	143	769
73	144	724
73	145	1550
73	146	453
73	147	1733
73	148	737
73	149	1205
73	150	1109
73	151	1165
73	152	288
73	153	319
73	154	109
73	155	700
73	156	426
73	157	744
74	1	595
74	2	850
74	3	10
74	4	10
74	5	850
74	6	10
74	7	850
74	8	365
74	9	795
74	10	808
74	11	1848
74	12	595
74	13	537
74	14	10
74	15	1413
74	16	850
74	17	595
74	18	515
74	19	850
74	20	850
74	21	995
74	22	850
74	23	10
74	24	808
74	25	10
74	26	365
74	27	850
74	28	808
74	29	365
74	30	795
74	31	826
74	32	595
74	33	850
74	34	508
74	35	675
74	36	10
74	37	515
74	38	377
74	39	537
74	40	644
74	41	826
74	42	272
74	43	850
74	44	795
74	45	2108
74	46	595
74	47	365
74	48	10
74	49	868
74	50	334
74	51	537
74	52	850
74	53	1201
74	54	10
74	55	1319
74	56	585
74	57	2108
74	58	850
74	59	1413
74	60	334
74	61	995
74	62	365
74	63	3081
74	64	808
74	65	1945
74	66	868
74	67	365
74	68	515
74	69	675
74	70	272
74	71	918
74	72	2710
74	73	850
74	74	0
74	75	1848
74	76	918
74	77	675
74	78	675
74	79	2710
74	80	537
74	81	1319
74	82	755
74	83	365
74	84	1848
74	85	850
74	86	967
74	87	644
74	88	272
74	89	1413
74	90	1319
74	91	1325
74	92	377
74	93	826
74	94	1201
74	95	1201
74	96	644
74	97	1325
74	98	644
74	99	808
74	100	508
74	101	808
74	102	2108
74	103	334
74	104	850
74	105	868
74	106	508
74	107	537
74	108	755
74	109	515
74	110	272
74	111	1413
74	112	995
74	113	1848
74	114	795
74	115	918
74	116	850
74	117	868
74	118	795
74	119	537
74	120	763
74	121	377
74	122	826
74	123	967
74	124	995
74	125	3081
74	126	505
74	127	96
74	128	816
74	129	957
74	130	985
74	131	3071
74	132	840
74	133	1309
74	134	355
74	135	2098
74	136	324
74	137	1935
74	138	665
74	139	2700
74	140	798
74	141	498
74	142	745
74	143	262
74	144	1403
74	145	1191
74	146	634
74	147	1315
74	148	527
74	149	753
74	150	367
74	151	1838
74	152	908
74	153	840
74	154	858
74	155	785
74	156	595
74	157	995
75	1	1264
75	2	1165
75	3	1848
75	4	1848
75	5	1017
75	6	1848
75	7	1165
75	8	1724
75	9	1167
75	10	2337
75	11	10
75	12	1264
75	13	1428
75	14	1848
75	15	458
75	16	1165
75	17	1264
75	18	1532
75	19	1165
75	20	1165
75	21	976
75	22	1165
75	23	1848
75	24	2337
75	25	1848
75	26	1724
75	27	1017
75	28	2337
75	29	1724
75	30	1167
75	31	1044
75	32	1264
75	33	1165
75	34	2213
75	35	1951
75	36	1848
75	37	1532
75	38	2183
75	39	1428
75	40	1607
75	41	1044
75	42	1868
75	43	1017
75	44	1167
75	45	298
75	46	1254
75	47	1724
75	48	1838
75	49	1087
75	50	1527
75	51	1428
75	52	1165
75	53	2703
75	54	1848
75	55	2704
75	56	1264
75	57	298
75	58	1017
75	59	458
75	60	1527
75	61	976
75	62	1724
75	63	4569
75	64	2337
75	65	3399
75	66	1087
75	67	1714
75	68	1532
75	69	1951
75	70	1868
75	71	1363
75	72	4174
75	73	1165
75	74	1848
75	75	0
75	76	1353
75	77	1951
75	78	1941
75	79	4174
75	80	1428
75	81	2704
75	82	1260
75	83	1724
75	84	10
75	85	1155
75	86	2302
75	87	1607
75	88	1868
75	89	458
75	90	2694
75	91	2887
75	92	2173
75	93	1034
75	94	2703
75	95	2693
75	96	1607
75	97	2887
75	98	1597
75	99	2327
75	100	2203
75	101	2337
75	102	288
75	103	1517
75	104	1007
75	105	1077
75	106	2213
75	107	1418
75	108	1260
75	109	1522
75	110	1858
75	111	448
75	112	966
75	113	10
75	114	1157
75	115	1363
75	116	1017
75	117	1087
75	118	1167
75	119	1428
75	120	2354
75	121	2183
75	122	1044
75	123	2302
75	124	976
75	125	4569
75	126	1532
75	127	1838
75	128	1044
75	129	2302
75	130	976
75	131	4569
75	132	1165
75	133	2704
75	134	1724
75	135	298
75	136	1527
75	137	3399
75	138	1951
75	139	4174
75	140	2337
75	141	2213
75	142	1260
75	143	1868
75	144	458
75	145	2703
75	146	1607
75	147	2887
75	148	1428
75	149	2354
75	150	2183
75	151	10
75	152	1363
75	153	1017
75	154	1087
75	155	1167
75	156	1264
75	157	976
76	1	652
76	2	288
76	3	918
76	4	918
76	5	596
76	6	918
76	7	288
76	8	596
76	9	961
76	10	1036
76	11	1363
76	12	652
76	13	950
76	14	918
76	15	944
76	16	288
76	17	652
76	18	414
76	19	288
76	20	288
76	21	1020
76	22	288
76	23	918
76	24	1036
76	25	918
76	26	596
76	27	596
76	28	1036
76	29	596
76	30	961
76	31	771
76	32	652
76	33	288
76	34	1024
76	35	641
76	36	918
76	37	414
76	38	1094
76	39	950
76	40	336
76	41	771
76	42	758
76	43	596
76	44	961
76	45	1544
76	46	642
76	47	596
76	48	908
76	49	385
76	50	762
76	51	950
76	52	288
76	53	1367
76	54	918
76	55	1354
76	56	652
76	57	1544
76	58	596
76	59	944
76	60	762
76	61	1020
76	62	596
76	63	3216
76	64	1036
76	65	2047
76	66	385
76	67	586
76	68	414
76	69	641
76	70	758
76	71	10
76	72	2822
76	73	288
76	74	918
76	75	1353
76	76	0
76	77	641
76	78	631
76	79	2822
76	80	950
76	81	1354
76	82	278
76	83	596
76	84	1363
76	85	278
76	86	959
76	87	336
76	88	758
76	89	944
76	90	1344
76	91	1558
76	92	1084
76	93	761
76	94	1367
76	95	1357
76	96	336
76	97	1558
76	98	326
76	99	1026
76	100	1014
76	101	1036
76	102	1534
76	103	752
76	104	586
76	105	375
76	106	1024
76	107	940
76	108	278
76	109	404
76	110	748
76	111	934
76	112	1010
76	113	1363
76	114	951
76	115	10
76	116	596
76	117	385
76	118	961
76	119	950
76	120	1076
76	121	1094
76	122	771
76	123	959
76	124	1020
76	125	3216
76	126	414
76	127	979
76	128	771
76	129	959
76	130	1020
76	131	3216
76	132	288
76	133	1354
76	134	596
76	135	1544
76	136	762
76	137	2047
76	138	641
76	139	2822
76	140	1036
76	141	1024
76	142	278
76	143	758
76	144	944
76	145	1367
76	146	336
76	147	1558
76	148	950
76	149	1076
76	150	1094
76	151	1363
76	152	10
76	153	596
76	154	385
76	155	961
76	156	652
76	157	1020
77	1	887
77	2	797
77	3	675
77	4	675
77	5	1015
77	6	675
77	7	797
77	8	383
77	9	1214
77	10	406
77	11	1951
77	12	887
77	13	1049
77	14	675
77	15	1511
77	16	797
77	17	887
77	18	474
77	19	797
77	20	797
77	21	1362
77	22	797
77	23	675
77	24	406
77	25	675
77	26	383
77	27	1015
77	28	406
77	29	383
77	30	1214
77	31	1116
77	32	877
77	33	797
77	34	465
77	35	10
77	36	665
77	37	474
77	38	607
77	39	1049
77	40	355
77	41	1106
77	42	414
77	43	1005
77	44	1214
77	45	2156
77	46	887
77	47	383
77	48	675
77	49	870
77	50	779
77	51	1049
77	52	787
77	53	764
77	54	675
77	55	788
77	56	887
77	57	2146
77	58	1015
77	59	1501
77	60	779
77	61	1352
77	62	383
77	63	2657
77	64	396
77	65	1491
77	66	880
77	67	383
77	68	464
77	69	10
77	70	404
77	71	631
77	72	2277
77	73	797
77	74	675
77	75	1951
77	76	641
77	77	0
77	78	10
77	79	2267
77	80	1039
77	81	798
77	82	696
77	83	383
77	84	1941
77	85	797
77	86	377
77	87	345
77	88	414
77	89	1511
77	90	798
77	91	936
77	92	617
77	93	1116
77	94	764
77	95	764
77	96	355
77	97	946
77	98	355
77	99	406
77	100	465
77	101	406
77	102	2156
77	103	779
77	104	1015
77	105	880
77	106	465
77	107	1049
77	108	706
77	109	474
77	110	414
77	111	1511
77	112	1362
77	113	1951
77	114	1214
77	115	641
77	116	1015
77	117	880
77	118	1214
77	119	1049
77	120	447
77	121	617
77	122	1116
77	123	387
77	124	1362
77	125	2667
77	126	474
77	127	769
77	128	1116
77	129	387
77	130	1362
77	131	2667
77	132	797
77	133	798
77	134	383
77	135	2156
77	136	779
77	137	1491
77	138	10
77	139	2277
77	140	406
77	141	465
77	142	706
77	143	414
77	144	1511
77	145	764
77	146	355
77	147	946
77	148	1049
77	149	447
77	150	617
77	151	1951
77	152	641
77	153	1015
77	154	880
77	155	1214
77	156	887
77	157	1362
78	1	887
78	2	797
78	3	675
78	4	675
78	5	1015
78	6	675
78	7	797
78	8	383
78	9	1214
78	10	406
78	11	1951
78	12	887
78	13	1049
78	14	675
78	15	1511
78	16	797
78	17	887
78	18	474
78	19	797
78	20	797
78	21	1362
78	22	797
78	23	675
78	24	406
78	25	675
78	26	383
78	27	1015
78	28	406
78	29	383
78	30	1214
78	31	1116
78	32	887
78	33	797
78	34	465
78	35	10
78	36	675
78	37	474
78	38	617
78	39	1049
78	40	355
78	41	1116
78	42	414
78	43	1015
78	44	1214
78	45	2156
78	46	877
78	47	383
78	48	665
78	49	880
78	50	779
78	51	1049
78	52	797
78	53	764
78	54	675
78	55	798
78	56	887
78	57	2156
78	58	1015
78	59	1511
78	60	779
78	61	1362
78	62	383
78	63	2667
78	64	406
78	65	1491
78	66	880
78	67	373
78	68	474
78	69	10
78	70	414
78	71	641
78	72	2277
78	73	797
78	74	675
78	75	1941
78	76	631
78	77	10
78	78	0
78	79	2277
78	80	1049
78	81	798
78	82	706
78	83	383
78	84	1951
78	85	787
78	86	387
78	87	355
78	88	414
78	89	1511
78	90	788
78	91	946
78	92	607
78	93	1106
78	94	764
78	95	754
78	96	355
78	97	946
78	98	345
78	99	396
78	100	455
78	101	406
78	102	2146
78	103	769
78	104	1005
78	105	870
78	106	465
78	107	1039
78	108	706
78	109	464
78	110	404
78	111	1501
78	112	1352
78	113	1951
78	114	1204
78	115	641
78	116	1015
78	117	880
78	118	1214
78	119	1049
78	120	447
78	121	617
78	122	1116
78	123	387
78	124	1362
78	125	2667
78	126	474
78	127	769
78	128	1116
78	129	387
78	130	1362
78	131	2667
78	132	797
78	133	798
78	134	383
78	135	2156
78	136	779
78	137	1491
78	138	10
78	139	2277
78	140	406
78	141	465
78	142	706
78	143	414
78	144	1511
78	145	764
78	146	355
78	147	946
78	148	1049
78	149	447
78	150	617
78	151	1951
78	152	641
78	153	1015
78	154	880
78	155	1214
78	156	887
78	157	1362
79	1	3136
79	2	3044
79	3	2710
79	4	2710
79	5	3282
79	6	2710
79	7	3044
79	8	2601
79	9	3441
79	10	1947
79	11	4174
79	12	3136
79	13	3221
79	14	2710
79	15	3751
79	16	3044
79	17	3136
79	18	2739
79	19	3044
79	20	3044
79	21	3612
79	22	3044
79	23	2710
79	24	1947
79	25	2710
79	26	2601
79	27	3282
79	28	1947
79	29	2601
79	30	3441
79	31	3376
79	32	3126
79	33	3044
79	34	2212
79	35	2277
79	36	2700
79	37	2739
79	38	2360
79	39	3221
79	40	2612
79	41	3366
79	42	2524
79	43	3272
79	44	3441
79	45	4338
79	46	3136
79	47	2601
79	48	2710
79	49	3125
79	50	2964
79	51	3221
79	52	3034
79	53	1542
79	54	2710
79	55	1483
79	56	3136
79	57	4328
79	58	3282
79	59	3741
79	60	2964
79	61	3602
79	62	2601
79	63	395
79	64	1937
79	65	797
79	66	3135
79	67	2601
79	68	2729
79	69	2277
79	70	2514
79	71	2812
79	72	10
79	73	3044
79	74	2710
79	75	4174
79	76	2822
79	77	2267
79	78	2277
79	79	0
79	80	3211
79	81	1493
79	82	2952
79	83	2601
79	84	4164
79	85	3044
79	86	1894
79	87	2602
79	88	2524
79	89	3751
79	90	1493
79	91	1386
79	92	2370
79	93	3376
79	94	1542
79	95	1542
79	96	2612
79	97	1396
79	98	2612
79	99	1947
79	100	2212
79	101	1947
79	102	4338
79	103	2964
79	104	3282
79	105	3135
79	106	2212
79	107	3221
79	108	2962
79	109	2739
79	110	2524
79	111	3751
79	112	3612
79	113	4174
79	114	3441
79	115	2822
79	116	3282
79	117	3135
79	118	3441
79	119	3221
79	120	1969
79	121	2370
79	122	3376
79	123	1904
79	124	3612
79	125	405
79	126	2739
79	127	2788
79	128	3376
79	129	1904
79	130	3612
79	131	405
79	132	3044
79	133	1493
79	134	2601
79	135	4338
79	136	2964
79	137	797
79	138	2277
79	139	10
79	140	1947
79	141	2212
79	142	2962
79	143	2524
79	144	3751
79	145	1542
79	146	2612
79	147	1396
79	148	3221
79	149	1969
79	150	2370
79	151	4174
79	152	2822
79	153	3282
79	154	3135
79	155	3441
79	156	3136
79	157	3612
80	1	322
80	2	737
80	3	537
80	4	537
80	5	543
80	6	537
80	7	737
80	8	677
80	9	287
80	10	1294
80	11	1428
80	12	322
80	13	10
80	14	537
80	15	1031
80	16	737
80	17	322
80	18	651
80	19	737
80	20	737
80	21	494
80	22	737
80	23	537
80	24	1294
80	25	537
80	26	677
80	27	543
80	28	1294
80	29	677
80	30	287
80	31	413
80	32	312
80	33	737
80	34	1025
80	35	1049
80	36	527
80	37	651
80	38	893
80	39	10
80	40	836
80	41	403
80	42	712
80	43	533
80	44	287
80	45	1707
80	46	322
80	47	677
80	48	537
80	49	680
80	50	281
80	51	10
80	52	727
80	53	1697
80	54	537
80	55	1781
80	56	322
80	57	1697
80	58	543
80	59	1021
80	60	281
80	61	484
80	62	677
80	63	3587
80	64	1284
80	65	2447
80	66	690
80	67	677
80	68	641
80	69	1049
80	70	702
80	71	940
80	72	3221
80	73	737
80	74	537
80	75	1428
80	76	950
80	77	1039
80	78	1049
80	79	3211
80	80	0
80	81	1791
80	82	681
80	83	677
80	84	1418
80	85	737
80	86	1393
80	87	826
80	88	712
80	89	1031
80	90	1791
80	91	1826
80	92	903
80	93	413
80	94	1697
80	95	1697
80	96	836
80	97	1836
80	98	836
80	99	1294
80	100	1025
80	101	1294
80	102	1707
80	103	281
80	104	543
80	105	690
80	106	1025
80	107	10
80	108	691
80	109	651
80	110	712
80	111	1031
80	112	494
80	113	1428
80	114	287
80	115	950
80	116	543
80	117	690
80	118	287
80	119	10
80	120	1263
80	121	903
80	122	413
80	123	1403
80	124	494
80	125	3597
80	126	651
80	127	482
80	128	413
80	129	1403
80	130	494
80	131	3597
80	132	737
80	133	1791
80	134	677
80	135	1707
80	136	281
80	137	2447
80	138	1049
80	139	3221
80	140	1294
80	141	1025
80	142	691
80	143	712
80	144	1031
80	145	1697
80	146	836
80	147	1836
80	148	10
80	149	1263
80	150	903
80	151	1428
80	152	950
80	153	543
80	154	690
80	155	287
80	156	322
80	157	494
81	1	1668
81	2	1563
81	3	1319
81	4	1319
81	5	1801
81	6	1319
81	7	1563
81	8	1140
81	9	1986
81	10	522
81	11	2704
81	12	1658
81	13	1791
81	14	1309
81	15	2274
81	16	1563
81	17	1668
81	18	1251
81	19	1563
81	20	1563
81	21	2145
81	22	1563
81	23	1319
81	24	522
81	25	1319
81	26	1140
81	27	1801
81	28	522
81	29	1140
81	30	1986
81	31	1902
81	32	1668
81	33	1563
81	34	848
81	35	798
81	36	1319
81	37	1261
81	38	1047
81	39	1791
81	40	1130
81	41	1902
81	42	1092
81	43	1801
81	44	1986
81	45	2875
81	46	1668
81	47	1140
81	48	1319
81	49	1653
81	50	1524
81	51	1791
81	52	1563
81	53	206
81	54	1319
81	55	10
81	56	1668
81	57	2885
81	58	1801
81	59	2274
81	60	1514
81	61	2145
81	62	1140
81	63	1884
81	64	522
81	65	698
81	66	1653
81	67	1140
81	68	1261
81	69	788
81	70	1092
81	71	1354
81	72	1483
81	73	1553
81	74	1319
81	75	2704
81	76	1354
81	77	798
81	78	798
81	79	1493
81	80	1791
81	81	0
81	82	1480
81	83	1130
81	84	2704
81	85	1563
81	86	423
81	87	1130
81	88	1082
81	89	2264
81	90	10
81	91	331
81	92	1047
81	93	1902
81	94	196
81	95	206
81	96	1120
81	97	321
81	98	1130
81	99	522
81	100	848
81	101	512
81	102	2885
81	103	1524
81	104	1801
81	105	1653
81	106	838
81	107	1791
81	108	1470
81	109	1261
81	110	1092
81	111	2274
81	112	2145
81	113	2694
81	114	1986
81	115	1344
81	116	1791
81	117	1643
81	118	1976
81	119	1781
81	120	569
81	121	1037
81	122	1892
81	123	413
81	124	2135
81	125	1874
81	126	1261
81	127	1409
81	128	1902
81	129	423
81	130	2145
81	131	1884
81	132	1563
81	133	10
81	134	1140
81	135	2885
81	136	1524
81	137	708
81	138	798
81	139	1493
81	140	522
81	141	848
81	142	1480
81	143	1092
81	144	2274
81	145	206
81	146	1130
81	147	331
81	148	1791
81	149	579
81	150	1047
81	151	2704
81	152	1354
81	153	1801
81	154	1653
81	155	1986
81	156	1668
81	157	2145
82	1	387
82	2	114
82	3	755
82	4	755
82	5	354
82	6	755
82	7	114
82	8	504
82	9	695
82	10	1087
82	11	1260
82	12	387
82	13	691
82	14	755
82	15	816
82	16	114
82	17	387
82	18	297
82	19	114
82	20	114
82	21	767
82	22	114
82	23	755
82	24	1087
82	25	755
82	26	504
82	27	354
82	28	1087
82	29	504
82	30	695
82	31	513
82	32	377
82	33	114
82	34	988
82	35	706
82	36	745
82	37	297
82	38	996
82	39	691
82	40	362
82	41	503
82	42	665
82	43	344
82	44	695
82	45	1479
82	46	387
82	47	504
82	48	755
82	49	175
82	50	533
82	51	691
82	52	104
82	53	1460
82	54	755
82	55	1470
82	56	387
82	57	1469
82	58	354
82	59	806
82	60	533
82	61	757
82	62	504
82	63	3344
82	64	1077
82	65	2178
82	66	185
82	67	504
82	68	287
82	69	706
82	70	655
82	71	268
82	72	2962
82	73	114
82	74	755
82	75	1260
82	76	278
82	77	696
82	78	706
82	79	2952
82	80	681
82	81	1480
82	82	0
82	83	504
82	84	1250
82	85	114
82	86	1060
82	87	352
82	88	665
82	89	816
82	90	1480
82	91	1631
82	92	1006
82	93	513
82	94	1460
82	95	1460
82	96	362
82	97	1641
82	98	362
82	99	1087
82	100	988
82	101	1087
82	102	1479
82	103	533
82	104	354
82	105	185
82	106	988
82	107	691
82	108	10
82	109	297
82	110	665
82	111	816
82	112	767
82	113	1260
82	114	695
82	115	278
82	116	354
82	117	185
82	118	695
82	119	691
82	120	1106
82	121	1006
82	122	513
82	123	1070
82	124	767
82	125	3354
82	126	297
82	127	796
82	128	513
82	129	1070
82	130	767
82	131	3354
82	132	114
82	133	1480
82	134	504
82	135	1479
82	136	533
82	137	2178
82	138	706
82	139	2962
82	140	1087
82	141	988
82	142	10
82	143	665
82	144	816
82	145	1460
82	146	362
82	147	1641
82	148	691
82	149	1106
82	150	1006
82	151	1260
82	152	278
82	153	354
82	154	185
82	155	695
82	156	387
82	157	767
83	1	546
83	2	607
83	3	365
83	4	365
83	5	730
83	6	365
83	7	607
83	8	10
83	9	856
83	10	668
83	11	1724
83	12	536
83	13	677
83	14	355
83	15	1277
83	16	607
83	17	546
83	18	208
83	19	607
83	20	607
83	21	1021
83	22	607
83	23	365
83	24	668
83	25	365
83	26	10
83	27	730
83	28	668
83	29	10
83	30	856
83	31	790
83	32	546
83	33	607
83	34	501
83	35	383
83	36	365
83	37	218
83	38	518
83	39	677
83	40	294
83	41	790
83	42	176
83	43	730
83	44	856
83	45	1948
83	46	546
83	47	10
83	48	365
83	49	660
83	50	406
83	51	677
83	52	607
83	53	1070
83	54	365
83	55	1140
83	56	546
83	57	1958
83	58	730
83	59	1277
83	60	396
83	61	1021
83	62	10
83	63	2986
83	64	668
83	65	1807
83	66	660
83	67	10
83	68	218
83	69	373
83	70	176
83	71	596
83	72	2591
83	73	597
83	74	365
83	75	1724
83	76	596
83	77	383
83	78	383
83	79	2601
83	80	677
83	81	1130
83	82	504
83	83	0
83	84	1724
83	85	607
83	86	741
83	87	294
83	88	166
83	89	1267
83	90	1140
83	91	1231
83	92	518
83	93	790
83	94	1060
83	95	1070
83	96	284
83	97	1221
83	98	294
83	99	668
83	100	501
83	101	658
83	102	1958
83	103	406
83	104	730
83	105	660
83	106	491
83	107	677
83	108	494
83	109	218
83	110	176
83	111	1277
83	112	1021
83	113	1714
83	114	856
83	115	586
83	116	720
83	117	650
83	118	846
83	119	667
83	120	652
83	121	508
83	122	780
83	123	731
83	124	1011
83	125	2976
83	126	218
83	127	448
83	128	790
83	129	741
83	130	1021
83	131	2986
83	132	607
83	133	1140
83	134	10
83	135	1958
83	136	406
83	137	1817
83	138	383
83	139	2601
83	140	668
83	141	501
83	142	504
83	143	176
83	144	1277
83	145	1070
83	146	294
83	147	1231
83	148	677
83	149	662
83	150	518
83	151	1724
83	152	596
83	153	730
83	154	660
83	155	856
83	156	546
83	157	1021
84	1	1264
84	2	1165
84	3	1848
84	4	1848
84	5	1017
84	6	1848
84	7	1165
84	8	1724
84	9	1167
84	10	2337
84	11	10
84	12	1264
84	13	1428
84	14	1848
84	15	458
84	16	1165
84	17	1264
84	18	1532
84	19	1165
84	20	1165
84	21	976
84	22	1165
84	23	1848
84	24	2337
84	25	1848
84	26	1724
84	27	1017
84	28	2337
84	29	1724
84	30	1167
84	31	1044
84	32	1254
84	33	1165
84	34	2213
84	35	1951
84	36	1838
84	37	1532
84	38	2173
84	39	1428
84	40	1607
84	41	1034
84	42	1868
84	43	1007
84	44	1167
84	45	298
84	46	1264
84	47	1724
84	48	1848
84	49	1077
84	50	1527
84	51	1428
84	52	1155
84	53	2703
84	54	1848
84	55	2694
84	56	1264
84	57	288
84	58	1017
84	59	448
84	60	1527
84	61	966
84	62	1724
84	63	4559
84	64	2327
84	65	3399
84	66	1087
84	67	1724
84	68	1522
84	69	1951
84	70	1858
84	71	1353
84	72	4174
84	73	1165
84	74	1848
84	75	10
84	76	1363
84	77	1941
84	78	1951
84	79	4164
84	80	1418
84	81	2704
84	82	1250
84	83	1724
84	84	0
84	85	1165
84	86	2292
84	87	1597
84	88	1868
84	89	458
84	90	2704
84	91	2877
84	92	2183
84	93	1044
84	94	2703
84	95	2703
84	96	1607
84	97	2887
84	98	1607
84	99	2337
84	100	2213
84	101	2337
84	102	298
84	103	1527
84	104	1017
84	105	1087
84	106	2213
84	107	1428
84	108	1260
84	109	1532
84	110	1868
84	111	458
84	112	976
84	113	10
84	114	1167
84	115	1363
84	116	1017
84	117	1087
84	118	1167
84	119	1428
84	120	2354
84	121	2183
84	122	1044
84	123	2302
84	124	976
84	125	4569
84	126	1532
84	127	1838
84	128	1044
84	129	2302
84	130	976
84	131	4569
84	132	1165
84	133	2704
84	134	1724
84	135	298
84	136	1527
84	137	3399
84	138	1951
84	139	4174
84	140	2337
84	141	2213
84	142	1260
84	143	1868
84	144	458
84	145	2703
84	146	1607
84	147	2887
84	148	1428
84	149	2354
84	150	2183
84	151	10
84	152	1363
84	153	1017
84	154	1087
84	155	1167
84	156	1264
84	157	976
85	1	426
85	2	10
85	3	850
85	4	850
85	5	319
85	6	850
85	7	10
85	8	607
85	9	700
85	10	1183
85	11	1165
85	12	426
85	13	737
85	14	850
85	15	724
85	16	10
85	17	426
85	18	401
85	19	10
85	20	10
85	21	744
85	22	10
85	23	850
85	24	1183
85	25	850
85	26	607
85	27	319
85	28	1183
85	29	607
85	30	700
85	31	499
85	32	426
85	33	10
85	34	1092
85	35	797
85	36	850
85	37	401
85	38	1109
85	39	737
85	40	453
85	41	499
85	42	769
85	43	319
85	44	700
85	45	1378
85	46	416
85	47	607
85	48	840
85	49	109
85	50	610
85	51	737
85	52	10
85	53	1550
85	54	850
85	55	1563
85	56	426
85	57	1378
85	58	319
85	59	724
85	60	610
85	61	744
85	62	607
85	63	3437
85	64	1183
85	65	2261
85	66	109
85	67	597
85	68	401
85	69	797
85	70	769
85	71	288
85	72	3044
85	73	10
85	74	850
85	75	1155
85	76	278
85	77	797
85	78	787
85	79	3044
85	80	737
85	81	1563
85	82	114
85	83	607
85	84	1165
85	85	0
85	86	1155
85	87	453
85	88	769
85	89	724
85	90	1553
85	91	1733
85	92	1099
85	93	489
85	94	1550
85	95	1540
85	96	453
85	97	1733
85	98	443
85	99	1173
85	100	1082
85	101	1183
85	102	1368
85	103	600
85	104	309
85	105	99
85	106	1092
85	107	727
85	108	114
85	109	391
85	110	759
85	111	714
85	112	734
85	113	1165
85	114	690
85	115	288
85	116	319
85	117	109
85	118	700
85	119	737
85	120	1205
85	121	1109
85	122	499
85	123	1155
85	124	744
85	125	3437
85	126	401
85	127	887
85	128	499
85	129	1155
85	130	744
85	131	3437
85	132	10
85	133	1563
85	134	607
85	135	1378
85	136	610
85	137	2261
85	138	797
85	139	3044
85	140	1183
85	141	1092
85	142	114
85	143	769
85	144	724
85	145	1550
85	146	453
85	147	1733
85	148	737
85	149	1205
85	150	1109
85	151	1165
85	152	288
85	153	319
85	154	109
85	155	700
85	156	426
85	157	744
86	1	1261
86	2	1155
86	3	967
86	4	967
86	5	1389
86	6	967
86	7	1155
86	8	741
86	9	1584
86	10	257
86	11	2302
86	12	1261
86	13	1403
86	14	967
86	15	1868
86	16	1155
86	17	1261
86	18	850
86	19	1155
86	20	1155
86	21	1737
86	22	1155
86	23	967
86	24	257
86	25	967
86	26	741
86	27	1389
86	28	257
86	29	741
86	30	1584
86	31	1492
86	32	1251
86	33	1155
86	34	564
86	35	387
86	36	957
86	37	850
86	38	759
86	39	1403
86	40	719
86	41	1482
86	42	719
86	43	1379
86	44	1584
86	45	2492
86	46	1261
86	47	741
86	48	967
86	49	1233
86	50	1133
86	51	1403
86	52	1145
86	53	421
86	54	967
86	55	413
86	56	1261
86	57	2482
86	58	1389
86	59	1858
86	60	1133
86	61	1727
86	62	741
86	63	2286
86	64	247
86	65	1119
86	66	1243
86	67	741
86	68	840
86	69	387
86	70	709
86	71	949
86	72	1904
86	73	1155
86	74	967
86	75	2302
86	76	959
86	77	377
86	78	387
86	79	1894
86	80	1393
86	81	423
86	82	1060
86	83	741
86	84	2292
86	85	1155
86	86	0
86	87	709
86	88	719
86	89	1868
86	90	423
86	91	605
86	92	769
86	93	1492
86	94	421
86	95	421
86	96	719
86	97	615
86	98	719
86	99	257
86	100	564
86	101	257
86	102	2492
86	103	1133
86	104	1389
86	105	1243
86	106	564
86	107	1403
86	108	1070
86	109	850
86	110	719
86	111	1868
86	112	1737
86	113	2302
86	114	1584
86	115	959
86	116	1389
86	117	1243
86	118	1584
86	119	1403
86	120	345
86	121	769
86	122	1492
86	123	10
86	124	1737
86	125	2296
86	126	850
86	127	1061
86	128	1492
86	129	10
86	130	1737
86	131	2296
86	132	1155
86	133	423
86	134	741
86	135	2492
86	136	1133
86	137	1119
86	138	387
86	139	1904
86	140	257
86	141	564
86	142	1070
86	143	719
86	144	1868
86	145	421
86	146	719
86	147	615
86	148	1403
86	149	345
86	150	769
86	151	2302
86	152	959
86	153	1389
86	154	1243
86	155	1584
86	156	1261
86	157	1737
87	1	604
87	2	453
87	3	644
87	4	644
87	5	685
87	6	644
87	7	453
87	8	294
87	9	941
87	10	744
87	11	1607
87	12	604
87	13	836
87	14	644
87	15	1166
87	16	453
87	17	604
87	18	196
87	19	453
87	20	453
87	21	1062
87	22	453
87	23	644
87	24	744
87	25	644
87	26	294
87	27	685
87	28	744
87	29	294
87	30	941
87	31	809
87	32	594
87	33	453
87	34	699
87	35	355
87	36	634
87	37	196
87	38	762
87	39	836
87	40	10
87	41	799
87	42	445
87	43	675
87	44	941
87	45	1815
87	46	604
87	47	294
87	48	644
87	49	527
87	50	588
87	51	836
87	52	443
87	53	1109
87	54	644
87	55	1120
87	56	604
87	57	1805
87	58	685
87	59	1156
87	60	588
87	61	1052
87	62	294
87	63	2994
87	64	734
87	65	1827
87	66	537
87	67	294
87	68	186
87	69	355
87	70	435
87	71	326
87	72	2612
87	73	453
87	74	644
87	75	1607
87	76	336
87	77	345
87	78	355
87	79	2602
87	80	826
87	81	1130
87	82	352
87	83	294
87	84	1597
87	85	453
87	86	709
87	87	0
87	88	445
87	89	1166
87	90	1130
87	91	1281
87	92	772
87	93	809
87	94	1109
87	95	1109
87	96	10
87	97	1291
87	98	10
87	99	744
87	100	699
87	101	744
87	102	1815
87	103	588
87	104	685
87	105	537
87	106	699
87	107	836
87	108	362
87	109	196
87	110	445
87	111	1166
87	112	1062
87	113	1607
87	114	941
87	115	336
87	116	685
87	117	537
87	118	941
87	119	836
87	120	771
87	121	772
87	122	809
87	123	719
87	124	1062
87	125	3004
87	126	196
87	127	721
87	128	809
87	129	719
87	130	1062
87	131	3004
87	132	453
87	133	1130
87	134	294
87	135	1815
87	136	588
87	137	1827
87	138	355
87	139	2612
87	140	744
87	141	699
87	142	362
87	143	445
87	144	1166
87	145	1109
87	146	10
87	147	1291
87	148	836
87	149	771
87	150	772
87	151	1607
87	152	336
87	153	685
87	154	537
87	155	941
87	156	604
87	157	1062
88	1	651
88	2	769
88	3	272
88	4	272
88	5	864
88	6	272
88	7	769
88	8	176
88	9	930
88	10	592
88	11	1868
88	12	641
88	13	712
88	14	262
88	15	1421
88	16	769
88	17	651
88	18	372
88	19	769
88	20	769
88	21	1112
88	22	769
88	23	272
88	24	592
88	25	272
88	26	176
88	27	864
88	28	592
88	29	176
88	30	930
88	31	898
88	32	651
88	33	769
88	34	360
88	35	414
88	36	272
88	37	382
88	38	353
88	39	712
88	40	445
88	41	898
88	42	10
88	43	864
88	44	930
88	45	2099
88	46	651
88	47	176
88	48	272
88	49	815
88	50	451
88	51	712
88	52	769
88	53	996
88	54	272
88	55	1092
88	56	651
88	57	2109
88	58	864
88	59	1421
88	60	441
88	61	1112
88	62	176
88	63	2904
88	64	592
88	65	1737
88	66	815
88	67	176
88	68	382
88	69	404
88	70	10
88	71	758
88	72	2514
88	73	759
88	74	272
88	75	1868
88	76	758
88	77	414
88	78	414
88	79	2524
88	80	712
88	81	1082
88	82	665
88	83	166
88	84	1868
88	85	769
88	86	719
88	87	445
88	88	0
88	89	1411
88	90	1092
88	91	1141
88	92	353
88	93	898
88	94	986
88	95	996
88	96	435
88	97	1131
88	98	445
88	99	592
88	100	360
88	101	582
88	102	2109
88	103	451
88	104	864
88	105	815
88	106	350
88	107	712
88	108	655
88	109	382
88	110	10
88	111	1421
88	112	1112
88	113	1858
88	114	930
88	115	748
88	116	854
88	117	805
88	118	920
88	119	702
88	120	556
88	121	343
88	122	888
88	123	709
88	124	1102
88	125	2894
88	126	382
88	127	366
88	128	898
88	129	719
88	130	1112
88	131	2904
88	132	769
88	133	1092
88	134	176
88	135	2109
88	136	451
88	137	1747
88	138	414
88	139	2524
88	140	592
88	141	360
88	142	665
88	143	10
88	144	1421
88	145	996
88	146	445
88	147	1141
88	148	712
88	149	566
88	150	353
88	151	1868
88	152	758
88	153	864
88	154	815
88	155	930
88	156	651
88	157	1112
89	1	830
89	2	724
89	3	1413
89	4	1413
89	5	575
89	6	1413
89	7	724
89	8	1277
89	9	795
89	10	1893
89	11	458
89	12	820
89	13	1031
89	14	1403
89	15	10
89	16	724
89	17	830
89	18	1075
89	19	724
89	20	724
89	21	640
89	22	724
89	23	1413
89	24	1893
89	25	1413
89	26	1277
89	27	575
89	28	1893
89	29	1277
89	30	795
89	31	631
89	32	830
89	33	724
89	34	1766
89	35	1511
89	36	1413
89	37	1085
89	38	1740
89	39	1031
89	40	1166
89	41	631
89	42	1421
89	43	575
89	44	795
89	45	696
89	46	830
89	47	1277
89	48	1413
89	49	643
89	50	1096
89	51	1031
89	52	724
89	53	2264
89	54	1413
89	55	2274
89	56	830
89	57	706
89	58	575
89	59	10
89	60	1086
89	61	640
89	62	1277
89	63	4145
89	64	1893
89	65	2961
89	66	643
89	67	1277
89	68	1085
89	69	1501
89	70	1421
89	71	944
89	72	3741
89	73	714
89	74	1413
89	75	458
89	76	944
89	77	1511
89	78	1511
89	79	3751
89	80	1031
89	81	2264
89	82	816
89	83	1267
89	84	458
89	85	724
89	86	1868
89	87	1166
89	88	1411
89	89	0
89	90	2274
89	91	2446
89	92	1740
89	93	631
89	94	2254
89	95	2264
89	96	1156
89	97	2436
89	98	1166
89	99	1893
89	100	1766
89	101	1883
89	102	706
89	103	1096
89	104	575
89	105	643
89	106	1756
89	107	1031
89	108	806
89	109	1085
89	110	1421
89	111	10
89	112	640
89	113	448
89	114	795
89	115	934
89	116	565
89	117	633
89	118	785
89	119	1021
89	120	1898
89	121	1730
89	122	621
89	123	1858
89	124	630
89	125	4135
89	126	1085
89	127	1409
89	128	631
89	129	1868
89	130	640
89	131	4145
89	132	724
89	133	2274
89	134	1277
89	135	706
89	136	1096
89	137	2971
89	138	1511
89	139	3751
89	140	1893
89	141	1766
89	142	816
89	143	1421
89	144	10
89	145	2264
89	146	1166
89	147	2446
89	148	1031
89	149	1908
89	150	1740
89	151	458
89	152	944
89	153	575
89	154	643
89	155	795
89	156	830
89	157	640
90	1	1668
90	2	1563
90	3	1319
90	4	1319
90	5	1801
90	6	1319
90	7	1563
90	8	1140
90	9	1986
90	10	522
90	11	2704
90	12	1668
90	13	1791
90	14	1319
90	15	2274
90	16	1563
90	17	1668
90	18	1261
90	19	1563
90	20	1563
90	21	2145
90	22	1563
90	23	1319
90	24	522
90	25	1319
90	26	1140
90	27	1801
90	28	522
90	29	1140
90	30	1986
90	31	1902
90	32	1668
90	33	1563
90	34	848
90	35	798
90	36	1319
90	37	1261
90	38	1047
90	39	1791
90	40	1130
90	41	1902
90	42	1092
90	43	1801
90	44	1986
90	45	2885
90	46	1658
90	47	1140
90	48	1309
90	49	1653
90	50	1524
90	51	1791
90	52	1563
90	53	206
90	54	1319
90	55	10
90	56	1668
90	57	2885
90	58	1801
90	59	2274
90	60	1524
90	61	2145
90	62	1140
90	63	1884
90	64	522
90	65	708
90	66	1653
90	67	1130
90	68	1261
90	69	798
90	70	1092
90	71	1354
90	72	1493
90	73	1563
90	74	1319
90	75	2694
90	76	1344
90	77	798
90	78	788
90	79	1493
90	80	1791
90	81	10
90	82	1480
90	83	1140
90	84	2704
90	85	1553
90	86	423
90	87	1130
90	88	1092
90	89	2274
90	90	0
90	91	331
90	92	1037
90	93	1892
90	94	206
90	95	196
90	96	1130
90	97	331
90	98	1120
90	99	512
90	100	838
90	101	522
90	102	2875
90	103	1514
90	104	1791
90	105	1643
90	106	848
90	107	1781
90	108	1480
90	109	1251
90	110	1082
90	111	2264
90	112	2135
90	113	2704
90	114	1976
90	115	1354
90	116	1801
90	117	1653
90	118	1986
90	119	1791
90	120	579
90	121	1047
90	122	1902
90	123	423
90	124	2145
90	125	1884
90	126	1261
90	127	1409
90	128	1902
90	129	423
90	130	2145
90	131	1884
90	132	1563
90	133	10
90	134	1140
90	135	2885
90	136	1524
90	137	708
90	138	798
90	139	1493
90	140	522
90	141	848
90	142	1480
90	143	1092
90	144	2274
90	145	206
90	146	1130
90	147	331
90	148	1791
90	149	579
90	150	1047
90	151	2704
90	152	1354
90	153	1801
90	154	1653
90	155	1986
90	156	1668
90	157	2145
91	1	1766
91	2	1733
91	3	1325
91	4	1325
91	5	1935
91	6	1325
91	7	1733
91	8	1231
91	9	2060
91	10	574
91	11	2887
91	12	1766
91	13	1836
91	14	1325
91	15	2446
91	16	1733
91	17	1766
91	18	1389
91	19	1733
91	20	1733
91	21	2237
91	22	1733
91	23	1325
91	24	574
91	25	1325
91	26	1231
91	27	1935
91	28	574
91	29	1231
91	30	2060
91	31	2010
91	32	1756
91	33	1733
91	34	827
91	35	946
91	36	1315
91	37	1389
91	38	986
91	39	1836
91	40	1291
91	41	2000
91	42	1141
91	43	1925
91	44	2060
91	45	3087
91	46	1766
91	47	1231
91	48	1325
91	49	1805
91	50	1581
91	51	1836
91	52	1723
91	53	205
91	54	1325
91	55	321
91	56	1766
91	57	3077
91	58	1935
91	59	2436
91	60	1581
91	61	2227
91	62	1231
91	63	1763
91	64	564
91	65	635
91	66	1815
91	67	1231
91	68	1379
91	69	946
91	70	1131
91	71	1548
91	72	1396
91	73	1733
91	74	1325
91	75	2887
91	76	1558
91	77	936
91	78	946
91	79	1386
91	80	1826
91	81	331
91	82	1631
91	83	1231
91	84	2877
91	85	1733
91	86	605
91	87	1281
91	88	1141
91	89	2446
91	90	331
91	91	0
91	92	996
91	93	2010
91	94	205
91	95	205
91	96	1291
91	97	10
91	98	1291
91	99	574
91	100	827
91	101	574
91	102	3087
91	103	1581
91	104	1935
91	105	1815
91	106	827
91	107	1836
91	108	1641
91	109	1389
91	110	1141
91	111	2446
91	112	2237
91	113	2887
91	114	2060
91	115	1558
91	116	1935
91	117	1815
91	118	2060
91	119	1836
91	120	585
91	121	996
91	122	2010
91	123	615
91	124	2237
91	125	1773
91	126	1389
91	127	1405
91	128	2010
91	129	615
91	130	2237
91	131	1773
91	132	1733
91	133	331
91	134	1231
91	135	3087
91	136	1581
91	137	635
91	138	946
91	139	1396
91	140	574
91	141	827
91	142	1641
91	143	1141
91	144	2446
91	145	205
91	146	1291
91	147	10
91	148	1836
91	149	585
91	150	996
91	151	2887
91	152	1558
91	153	1935
91	154	1815
91	155	2060
91	156	1766
91	157	2237
92	1	938
92	2	1109
92	3	377
92	4	377
92	5	1177
92	6	377
92	7	1109
92	8	518
92	9	1161
92	10	551
92	11	2183
92	12	938
92	13	903
92	14	377
92	15	1740
92	16	1109
92	17	938
92	18	724
92	19	1109
92	20	1109
92	21	1360
92	22	1109
92	23	377
92	24	551
92	25	377
92	26	518
92	27	1177
92	28	551
92	29	518
92	30	1161
92	31	1179
92	32	938
92	33	1109
92	34	217
92	35	617
92	36	377
92	37	724
92	38	10
92	39	903
92	40	772
92	41	1179
92	42	353
92	43	1177
92	44	1161
92	45	2433
92	46	928
92	47	518
92	48	367
92	49	1151
92	50	691
92	51	903
92	52	1109
92	53	900
92	54	377
92	55	1047
92	56	938
92	57	2433
92	58	1177
92	59	1740
92	60	691
92	61	1360
92	62	518
92	63	2734
92	64	551
92	65	1621
92	66	1151
92	67	508
92	68	724
92	69	617
92	70	353
92	71	1094
92	72	2370
92	73	1109
92	74	377
92	75	2173
92	76	1084
92	77	617
92	78	607
92	79	2370
92	80	903
92	81	1047
92	82	1006
92	83	518
92	84	2183
92	85	1099
92	86	769
92	87	772
92	88	353
92	89	1740
92	90	1037
92	91	996
92	92	0
92	93	1169
92	94	900
92	95	890
92	96	772
92	97	996
92	98	762
92	99	541
92	100	207
92	101	551
92	102	2423
92	103	681
92	104	1167
92	105	1141
92	106	217
92	107	893
92	108	1006
92	109	714
92	110	343
92	111	1730
92	112	1350
92	113	2183
92	114	1151
92	115	1094
92	116	1177
92	117	1151
92	118	1161
92	119	903
92	120	480
92	121	10
92	122	1179
92	123	769
92	124	1360
92	125	2734
92	126	724
92	127	438
92	128	1179
92	129	769
92	130	1360
92	131	2734
92	132	1109
92	133	1047
92	134	518
92	135	2433
92	136	691
92	137	1621
92	138	617
92	139	2370
92	140	551
92	141	217
92	142	1006
92	143	353
92	144	1740
92	145	900
92	146	772
92	147	996
92	148	903
92	149	480
92	150	10
92	151	2183
92	152	1094
92	153	1177
92	154	1151
92	155	1161
92	156	938
92	157	1360
93	1	258
93	2	499
93	3	826
93	4	826
93	5	201
93	6	826
93	7	499
93	8	790
93	9	233
93	10	1447
93	11	1044
93	12	258
93	13	413
93	14	826
93	15	631
93	16	499
93	17	258
93	18	653
93	19	499
93	20	499
93	21	267
93	22	499
93	23	826
93	24	1447
93	25	826
93	26	790
93	27	201
93	28	1447
93	29	790
93	30	233
93	31	10
93	32	258
93	33	499
93	34	1247
93	35	1116
93	36	826
93	37	653
93	38	1179
93	39	413
93	40	809
93	41	10
93	42	898
93	43	201
93	44	233
93	45	1316
93	46	248
93	47	790
93	48	816
93	49	413
93	50	502
93	51	413
93	52	499
93	53	1846
93	54	826
93	55	1902
93	56	258
93	57	1316
93	58	201
93	59	631
93	60	502
93	61	267
93	62	790
93	63	3762
93	64	1447
93	65	2590
93	66	413
93	67	780
93	68	653
93	69	1116
93	70	898
93	71	771
93	72	3376
93	73	499
93	74	826
93	75	1034
93	76	761
93	77	1116
93	78	1106
93	79	3376
93	80	413
93	81	1902
93	82	513
93	83	790
93	84	1044
93	85	489
93	86	1492
93	87	809
93	88	898
93	89	631
93	90	1892
93	91	2010
93	92	1169
93	93	0
93	94	1846
93	95	1836
93	96	809
93	97	2010
93	98	799
93	99	1437
93	100	1237
93	101	1447
93	102	1306
93	103	492
93	104	191
93	105	403
93	106	1247
93	107	403
93	108	513
93	109	643
93	110	888
93	111	621
93	112	257
93	113	1044
93	114	223
93	115	771
93	116	201
93	117	413
93	118	233
93	119	413
93	120	1440
93	121	1179
93	122	10
93	123	1492
93	124	267
93	125	3762
93	126	653
93	127	807
93	128	10
93	129	1492
93	130	267
93	131	3762
93	132	499
93	133	1902
93	134	790
93	135	1316
93	136	502
93	137	2590
93	138	1116
93	139	3376
93	140	1447
93	141	1247
93	142	513
93	143	898
93	144	631
93	145	1846
93	146	809
93	147	2010
93	148	413
93	149	1440
93	150	1179
93	151	1044
93	152	771
93	153	201
93	154	413
93	155	233
93	156	258
93	157	267
94	1	1605
94	2	1550
94	3	1201
94	4	1201
94	5	1763
94	6	1201
94	7	1550
94	8	1070
94	9	1910
94	10	415
94	11	2703
94	12	1595
94	13	1697
94	14	1191
94	15	2264
94	16	1550
94	17	1605
94	18	1206
94	19	1550
94	20	1550
94	21	2080
94	22	1550
94	23	1201
94	24	415
94	25	1201
94	26	1070
94	27	1763
94	28	415
94	29	1070
94	30	1910
94	31	1846
94	32	1605
94	33	1550
94	34	712
94	35	764
94	36	1201
94	37	1216
94	38	900
94	39	1697
94	40	1109
94	41	1846
94	42	996
94	43	1763
94	44	1910
94	45	2889
94	46	1605
94	47	1070
94	48	1201
94	49	1634
94	50	1436
94	51	1697
94	52	1550
94	53	10
94	54	1201
94	55	206
94	56	1605
94	57	2899
94	58	1763
94	59	2264
94	60	1426
94	61	2080
94	62	1070
94	63	1927
94	64	415
94	65	751
94	66	1634
94	67	1070
94	68	1216
94	69	754
94	70	996
94	71	1367
94	72	1532
94	73	1540
94	74	1201
94	75	2703
94	76	1367
94	77	764
94	78	764
94	79	1542
94	80	1697
94	81	196
94	82	1460
94	83	1060
94	84	2703
94	85	1550
94	86	421
94	87	1109
94	88	986
94	89	2254
94	90	206
94	91	205
94	92	900
94	93	1846
94	94	0
94	95	10
94	96	1099
94	97	195
94	98	1109
94	99	415
94	100	712
94	101	405
94	102	2899
94	103	1436
94	104	1763
94	105	1634
94	106	702
94	107	1697
94	108	1450
94	109	1216
94	110	996
94	111	2264
94	112	2080
94	113	2693
94	114	1910
94	115	1357
94	116	1753
94	117	1624
94	118	1900
94	119	1687
94	120	439
94	121	890
94	122	1836
94	123	411
94	124	2070
94	125	1917
94	126	1216
94	127	1287
94	128	1846
94	129	421
94	130	2080
94	131	1927
94	132	1550
94	133	206
94	134	1070
94	135	2899
94	136	1436
94	137	761
94	138	764
94	139	1542
94	140	415
94	141	712
94	142	1460
94	143	996
94	144	2264
94	145	10
94	146	1109
94	147	205
94	148	1697
94	149	449
94	150	900
94	151	2703
94	152	1367
94	153	1763
94	154	1634
94	155	1910
94	156	1605
94	157	2080
95	1	1605
95	2	1550
95	3	1201
95	4	1201
95	5	1763
95	6	1201
95	7	1550
95	8	1070
95	9	1910
95	10	415
95	11	2703
95	12	1605
95	13	1697
95	14	1201
95	15	2264
95	16	1550
95	17	1605
95	18	1216
95	19	1550
95	20	1550
95	21	2080
95	22	1550
95	23	1201
95	24	415
95	25	1201
95	26	1070
95	27	1763
95	28	415
95	29	1070
95	30	1910
95	31	1846
95	32	1605
95	33	1550
95	34	712
95	35	764
95	36	1201
95	37	1216
95	38	900
95	39	1697
95	40	1109
95	41	1846
95	42	996
95	43	1763
95	44	1910
95	45	2899
95	46	1595
95	47	1070
95	48	1191
95	49	1634
95	50	1436
95	51	1697
95	52	1550
95	53	10
95	54	1201
95	55	206
95	56	1605
95	57	2899
95	58	1763
95	59	2264
95	60	1436
95	61	2080
95	62	1070
95	63	1927
95	64	415
95	65	761
95	66	1634
95	67	1060
95	68	1216
95	69	764
95	70	996
95	71	1367
95	72	1542
95	73	1550
95	74	1201
95	75	2693
95	76	1357
95	77	764
95	78	754
95	79	1542
95	80	1697
95	81	206
95	82	1460
95	83	1070
95	84	2703
95	85	1540
95	86	421
95	87	1109
95	88	996
95	89	2264
95	90	196
95	91	205
95	92	890
95	93	1836
95	94	10
95	95	0
95	96	1109
95	97	205
95	98	1099
95	99	405
95	100	702
95	101	415
95	102	2889
95	103	1426
95	104	1753
95	105	1624
95	106	712
95	107	1687
95	108	1460
95	109	1206
95	110	986
95	111	2254
95	112	2070
95	113	2703
95	114	1900
95	115	1367
95	116	1763
95	117	1634
95	118	1910
95	119	1697
95	120	449
95	121	900
95	122	1846
95	123	421
95	124	2080
95	125	1927
95	126	1216
95	127	1287
95	128	1846
95	129	421
95	130	2080
95	131	1927
95	132	1550
95	133	206
95	134	1070
95	135	2899
95	136	1436
95	137	761
95	138	764
95	139	1542
95	140	415
95	141	712
95	142	1460
95	143	996
95	144	2264
95	145	10
95	146	1109
95	147	205
95	148	1697
95	149	449
95	150	900
95	151	2703
95	152	1367
95	153	1763
95	154	1634
95	155	1910
95	156	1605
95	157	2080
96	1	604
96	2	453
96	3	644
96	4	644
96	5	685
96	6	644
96	7	453
96	8	294
96	9	941
96	10	744
96	11	1607
96	12	594
96	13	836
96	14	634
96	15	1166
96	16	453
96	17	604
96	18	186
96	19	453
96	20	453
96	21	1062
96	22	453
96	23	644
96	24	744
96	25	644
96	26	294
96	27	685
96	28	744
96	29	294
96	30	941
96	31	809
96	32	604
96	33	453
96	34	699
96	35	355
96	36	644
96	37	196
96	38	772
96	39	836
96	40	10
96	41	809
96	42	445
96	43	685
96	44	941
96	45	1805
96	46	604
96	47	294
96	48	644
96	49	537
96	50	588
96	51	836
96	52	453
96	53	1109
96	54	644
96	55	1130
96	56	604
96	57	1815
96	58	685
96	59	1166
96	60	578
96	61	1062
96	62	294
96	63	3004
96	64	744
96	65	1817
96	66	537
96	67	294
96	68	196
96	69	345
96	70	445
96	71	336
96	72	2602
96	73	443
96	74	644
96	75	1607
96	76	336
96	77	355
96	78	355
96	79	2612
96	80	836
96	81	1120
96	82	362
96	83	284
96	84	1607
96	85	453
96	86	719
96	87	10
96	88	435
96	89	1156
96	90	1130
96	91	1291
96	92	772
96	93	809
96	94	1099
96	95	1109
96	96	0
96	97	1281
96	98	10
96	99	744
96	100	699
96	101	734
96	102	1815
96	103	588
96	104	685
96	105	537
96	106	689
96	107	836
96	108	352
96	109	196
96	110	445
96	111	1166
96	112	1062
96	113	1597
96	114	941
96	115	326
96	116	675
96	117	527
96	118	931
96	119	826
96	120	761
96	121	762
96	122	799
96	123	709
96	124	1052
96	125	2994
96	126	196
96	127	721
96	128	809
96	129	719
96	130	1062
96	131	3004
96	132	453
96	133	1130
96	134	294
96	135	1815
96	136	588
96	137	1827
96	138	355
96	139	2612
96	140	744
96	141	699
96	142	362
96	143	445
96	144	1166
96	145	1109
96	146	10
96	147	1291
96	148	836
96	149	771
96	150	772
96	151	1607
96	152	336
96	153	685
96	154	537
96	155	941
96	156	604
96	157	1062
97	1	1766
97	2	1733
97	3	1325
97	4	1325
97	5	1935
97	6	1325
97	7	1733
97	8	1231
97	9	2060
97	10	574
97	11	2887
97	12	1756
97	13	1836
97	14	1315
97	15	2446
97	16	1733
97	17	1766
97	18	1379
97	19	1733
97	20	1733
97	21	2237
97	22	1733
97	23	1325
97	24	574
97	25	1325
97	26	1231
97	27	1935
97	28	574
97	29	1231
97	30	2060
97	31	2010
97	32	1766
97	33	1733
97	34	827
97	35	946
97	36	1325
97	37	1389
97	38	996
97	39	1836
97	40	1291
97	41	2010
97	42	1141
97	43	1935
97	44	2060
97	45	3077
97	46	1766
97	47	1231
97	48	1325
97	49	1815
97	50	1581
97	51	1836
97	52	1733
97	53	205
97	54	1325
97	55	331
97	56	1766
97	57	3087
97	58	1935
97	59	2446
97	60	1571
97	61	2237
97	62	1231
97	63	1773
97	64	574
97	65	625
97	66	1815
97	67	1231
97	68	1389
97	69	936
97	70	1141
97	71	1558
97	72	1386
97	73	1723
97	74	1325
97	75	2887
97	76	1558
97	77	946
97	78	946
97	79	1396
97	80	1836
97	81	321
97	82	1641
97	83	1221
97	84	2887
97	85	1733
97	86	615
97	87	1291
97	88	1131
97	89	2436
97	90	331
97	91	10
97	92	996
97	93	2010
97	94	195
97	95	205
97	96	1281
97	97	0
97	98	1291
97	99	574
97	100	827
97	101	564
97	102	3087
97	103	1581
97	104	1935
97	105	1815
97	106	817
97	107	1836
97	108	1631
97	109	1389
97	110	1141
97	111	2446
97	112	2237
97	113	2877
97	114	2060
97	115	1548
97	116	1925
97	117	1805
97	118	2050
97	119	1826
97	120	575
97	121	986
97	122	2000
97	123	605
97	124	2227
97	125	1763
97	126	1389
97	127	1405
97	128	2010
97	129	615
97	130	2237
97	131	1773
97	132	1733
97	133	331
97	134	1231
97	135	3087
97	136	1581
97	137	635
97	138	946
97	139	1396
97	140	574
97	141	827
97	142	1641
97	143	1141
97	144	2446
97	145	205
97	146	1291
97	147	10
97	148	1836
97	149	585
97	150	996
97	151	2887
97	152	1558
97	153	1935
97	154	1815
97	155	2060
97	156	1766
97	157	2237
98	1	604
98	2	453
98	3	644
98	4	644
98	5	685
98	6	644
98	7	453
98	8	294
98	9	941
98	10	744
98	11	1607
98	12	604
98	13	836
98	14	644
98	15	1166
98	16	453
98	17	604
98	18	196
98	19	453
98	20	453
98	21	1062
98	22	453
98	23	644
98	24	744
98	25	644
98	26	294
98	27	685
98	28	744
98	29	294
98	30	941
98	31	809
98	32	604
98	33	453
98	34	699
98	35	355
98	36	644
98	37	196
98	38	772
98	39	836
98	40	10
98	41	809
98	42	445
98	43	685
98	44	941
98	45	1815
98	46	594
98	47	294
98	48	634
98	49	537
98	50	588
98	51	836
98	52	453
98	53	1109
98	54	644
98	55	1130
98	56	604
98	57	1815
98	58	685
98	59	1166
98	60	588
98	61	1062
98	62	294
98	63	3004
98	64	744
98	65	1827
98	66	537
98	67	284
98	68	196
98	69	355
98	70	445
98	71	336
98	72	2612
98	73	453
98	74	644
98	75	1597
98	76	326
98	77	355
98	78	345
98	79	2612
98	80	836
98	81	1130
98	82	362
98	83	294
98	84	1607
98	85	443
98	86	719
98	87	10
98	88	445
98	89	1166
98	90	1120
98	91	1291
98	92	762
98	93	799
98	94	1109
98	95	1099
98	96	10
98	97	1291
98	98	0
98	99	734
98	100	689
98	101	744
98	102	1805
98	103	578
98	104	675
98	105	527
98	106	699
98	107	826
98	108	362
98	109	186
98	110	435
98	111	1156
98	112	1052
98	113	1607
98	114	931
98	115	336
98	116	685
98	117	537
98	118	941
98	119	836
98	120	771
98	121	772
98	122	809
98	123	719
98	124	1062
98	125	3004
98	126	196
98	127	721
98	128	809
98	129	719
98	130	1062
98	131	3004
98	132	453
98	133	1130
98	134	294
98	135	1815
98	136	588
98	137	1827
98	138	355
98	139	2612
98	140	744
98	141	699
98	142	362
98	143	445
98	144	1166
98	145	1109
98	146	10
98	147	1291
98	148	836
98	149	771
98	150	772
98	151	1607
98	152	336
98	153	685
98	154	537
98	155	941
98	156	604
98	157	1062
99	1	1204
99	2	1183
99	3	808
99	4	808
99	5	1373
99	6	808
99	7	1183
99	8	668
99	9	1505
99	10	10
99	11	2337
99	12	1204
99	13	1294
99	14	808
99	15	1893
99	16	1183
99	17	1204
99	18	827
99	19	1183
99	20	1183
99	21	1677
99	22	1183
99	23	808
99	24	10
99	25	808
99	26	668
99	27	1373
99	28	10
99	29	668
99	30	1505
99	31	1447
99	32	1204
99	33	1183
99	34	345
99	35	406
99	36	808
99	37	827
99	38	551
99	39	1294
99	40	744
99	41	1447
99	42	592
99	43	1373
99	44	1505
99	45	2548
99	46	1194
99	47	668
99	48	798
99	49	1261
99	50	1031
99	51	1294
99	52	1183
99	53	415
99	54	808
99	55	522
99	56	1204
99	57	2548
99	58	1373
99	59	1893
99	60	1031
99	61	1677
99	62	668
99	63	2329
99	64	10
99	65	1166
99	66	1261
99	67	658
99	68	827
99	69	406
99	70	592
99	71	1036
99	72	1947
99	73	1183
99	74	808
99	75	2327
99	76	1026
99	77	406
99	78	396
99	79	1947
99	80	1294
99	81	522
99	82	1087
99	83	668
99	84	2337
99	85	1173
99	86	257
99	87	744
99	88	592
99	89	1893
99	90	512
99	91	574
99	92	541
99	93	1437
99	94	415
99	95	405
99	96	744
99	97	574
99	98	734
99	99	0
99	100	335
99	101	10
99	102	2538
99	103	1021
99	104	1363
99	105	1251
99	106	345
99	107	1284
99	108	1087
99	109	817
99	110	582
99	111	1883
99	112	1667
99	113	2337
99	114	1495
99	115	1036
99	116	1373
99	117	1261
99	118	1505
99	119	1294
99	120	98
99	121	551
99	122	1447
99	123	257
99	124	1677
99	125	2329
99	126	827
99	127	898
99	128	1447
99	129	257
99	130	1677
99	131	2329
99	132	1183
99	133	522
99	134	668
99	135	2548
99	136	1031
99	137	1166
99	138	406
99	139	1947
99	140	10
99	141	345
99	142	1087
99	143	592
99	144	1893
99	145	415
99	146	744
99	147	574
99	148	1294
99	149	98
99	150	551
99	151	2337
99	152	1036
99	153	1373
99	154	1261
99	155	1505
99	156	1204
99	157	1677
100	1	1000
100	2	1092
100	3	508
100	4	508
100	5	1213
100	6	508
100	7	1092
100	8	501
100	9	1264
100	10	345
100	11	2213
100	12	1000
100	13	1025
100	14	508
100	15	1766
100	16	1092
100	17	1000
100	18	703
100	19	1092
100	20	1092
100	21	1453
100	22	1092
100	23	508
100	24	345
100	25	508
100	26	501
100	27	1213
100	28	345
100	29	501
100	30	1264
100	31	1247
100	32	1000
100	33	1092
100	34	10
100	35	465
100	36	508
100	37	703
100	38	217
100	39	1025
100	40	699
100	41	1247
100	42	360
100	43	1213
100	44	1264
100	45	2449
100	46	990
100	47	501
100	48	498
100	49	1149
100	50	782
100	51	1025
100	52	1092
100	53	712
100	54	508
100	55	848
100	56	1000
100	57	2449
100	58	1213
100	59	1766
100	60	782
100	61	1453
100	62	501
100	63	2584
100	64	345
100	65	1448
100	66	1149
100	67	491
100	68	703
100	69	465
100	70	360
100	71	1024
100	72	2212
100	73	1092
100	74	508
100	75	2203
100	76	1014
100	77	465
100	78	455
100	79	2212
100	80	1025
100	81	848
100	82	988
100	83	501
100	84	2213
100	85	1082
100	86	564
100	87	699
100	88	360
100	89	1766
100	90	838
100	91	827
100	92	207
100	93	1237
100	94	712
100	95	702
100	96	699
100	97	827
100	98	689
100	99	335
100	100	0
100	101	345
100	102	2439
100	103	772
100	104	1203
100	105	1139
100	106	10
100	107	1015
100	108	988
100	109	693
100	110	350
100	111	1756
100	112	1443
100	113	2213
100	114	1254
100	115	1024
100	116	1213
100	117	1149
100	118	1264
100	119	1025
100	120	280
100	121	217
100	122	1247
100	123	564
100	124	1453
100	125	2584
100	126	703
100	127	589
100	128	1247
100	129	564
100	130	1453
100	131	2584
100	132	1092
100	133	848
100	134	501
100	135	2449
100	136	782
100	137	1448
100	138	465
100	139	2212
100	140	345
100	141	10
100	142	988
100	143	360
100	144	1766
100	145	712
100	146	699
100	147	827
100	148	1025
100	149	280
100	150	217
100	151	2213
100	152	1024
100	153	1213
100	154	1149
100	155	1264
100	156	1000
100	157	1453
101	1	1204
101	2	1183
101	3	808
101	4	808
101	5	1373
101	6	808
101	7	1183
101	8	668
101	9	1505
101	10	10
101	11	2337
101	12	1194
101	13	1294
101	14	798
101	15	1893
101	16	1183
101	17	1204
101	18	817
101	19	1183
101	20	1183
101	21	1677
101	22	1183
101	23	808
101	24	10
101	25	808
101	26	668
101	27	1373
101	28	10
101	29	668
101	30	1505
101	31	1447
101	32	1204
101	33	1183
101	34	345
101	35	406
101	36	808
101	37	827
101	38	551
101	39	1294
101	40	744
101	41	1447
101	42	592
101	43	1373
101	44	1505
101	45	2538
101	46	1204
101	47	668
101	48	808
101	49	1261
101	50	1031
101	51	1294
101	52	1183
101	53	415
101	54	808
101	55	522
101	56	1204
101	57	2548
101	58	1373
101	59	1893
101	60	1021
101	61	1677
101	62	668
101	63	2329
101	64	10
101	65	1156
101	66	1261
101	67	668
101	68	827
101	69	396
101	70	592
101	71	1036
101	72	1937
101	73	1173
101	74	808
101	75	2337
101	76	1036
101	77	406
101	78	406
101	79	1947
101	80	1294
101	81	512
101	82	1087
101	83	658
101	84	2337
101	85	1183
101	86	257
101	87	744
101	88	582
101	89	1883
101	90	522
101	91	574
101	92	551
101	93	1447
101	94	405
101	95	415
101	96	734
101	97	564
101	98	744
101	99	10
101	100	345
101	101	0
101	102	2548
101	103	1031
101	104	1373
101	105	1261
101	106	335
101	107	1294
101	108	1077
101	109	827
101	110	592
101	111	1893
101	112	1677
101	113	2327
101	114	1505
101	115	1026
101	116	1363
101	117	1251
101	118	1495
101	119	1284
101	120	88
101	121	541
101	122	1437
101	123	247
101	124	1667
101	125	2319
101	126	827
101	127	898
101	128	1447
101	129	257
101	130	1677
101	131	2329
101	132	1183
101	133	522
101	134	668
101	135	2548
101	136	1031
101	137	1166
101	138	406
101	139	1947
101	140	10
101	141	345
101	142	1087
101	143	592
101	144	1893
101	145	415
101	146	744
101	147	574
101	148	1294
101	149	98
101	150	551
101	151	2337
101	152	1036
101	153	1373
101	154	1261
101	155	1505
101	156	1204
101	157	1677
102	1	1525
102	2	1378
102	3	2108
102	4	2108
102	5	1270
102	6	2108
102	7	1378
102	8	1958
102	9	1449
102	10	2548
102	11	298
102	12	1525
102	13	1707
102	14	2108
102	15	706
102	16	1378
102	17	1525
102	18	1759
102	19	1378
102	20	1378
102	21	1262
102	22	1378
102	23	2108
102	24	2548
102	25	2108
102	26	1958
102	27	1270
102	28	2548
102	29	1958
102	30	1449
102	31	1316
102	32	1525
102	33	1378
102	34	2449
102	35	2156
102	36	2108
102	37	1759
102	38	2433
102	39	1707
102	40	1815
102	41	1316
102	42	2109
102	43	1270
102	44	1449
102	45	10
102	46	1515
102	47	1958
102	48	2098
102	49	1311
102	50	1791
102	51	1707
102	52	1378
102	53	2899
102	54	2108
102	55	2885
102	56	1525
102	57	10
102	58	1270
102	59	706
102	60	1791
102	61	1262
102	62	1958
102	63	4732
102	64	2548
102	65	3573
102	66	1311
102	67	1948
102	68	1759
102	69	2156
102	70	2109
102	71	1544
102	72	4338
102	73	1378
102	74	2108
102	75	288
102	76	1534
102	77	2156
102	78	2146
102	79	4338
102	80	1707
102	81	2885
102	82	1479
102	83	1958
102	84	298
102	85	1368
102	86	2492
102	87	1815
102	88	2109
102	89	706
102	90	2875
102	91	3087
102	92	2423
102	93	1306
102	94	2899
102	95	2889
102	96	1815
102	97	3087
102	98	1805
102	99	2538
102	100	2439
102	101	2548
102	102	0
102	103	1781
102	104	1260
102	105	1301
102	106	2449
102	107	1697
102	108	1479
102	109	1749
102	110	2099
102	111	696
102	112	1252
102	113	298
102	114	1439
102	115	1544
102	116	1270
102	117	1311
102	118	1449
102	119	1707
102	120	2572
102	121	2433
102	122	1316
102	123	2492
102	124	1262
102	125	4732
102	126	1759
102	127	2103
102	128	1316
102	129	2492
102	130	1262
102	131	4732
102	132	1378
102	133	2885
102	134	1958
102	135	10
102	136	1791
102	137	3573
102	138	2156
102	139	4338
102	140	2548
102	141	2449
102	142	1479
102	143	2109
102	144	706
102	145	2899
102	146	1815
102	147	3087
102	148	1707
102	149	2572
102	150	2433
102	151	298
102	152	1544
102	153	1270
102	154	1311
102	155	1449
102	156	1525
102	157	1262
103	1	276
103	2	610
103	3	334
103	4	334
103	5	539
103	6	334
103	7	610
103	8	406
103	9	493
103	10	1031
103	11	1527
103	12	276
103	13	281
103	14	334
103	15	1096
103	16	610
103	17	276
103	18	406
103	19	610
103	20	610
103	21	683
103	22	610
103	23	334
103	24	1031
103	25	334
103	26	406
103	27	539
103	28	1031
103	29	406
103	30	493
103	31	502
103	32	276
103	33	610
103	34	782
103	35	779
103	36	334
103	37	406
103	38	691
103	39	281
103	40	588
103	41	502
103	42	451
103	43	539
103	44	493
103	45	1791
103	46	266
103	47	406
103	48	324
103	49	599
103	50	10
103	51	281
103	52	610
103	53	1436
103	54	334
103	55	1524
103	56	276
103	57	1791
103	58	539
103	59	1096
103	60	10
103	61	683
103	62	406
103	63	3344
103	64	1031
103	65	2186
103	66	599
103	67	396
103	68	406
103	69	779
103	70	451
103	71	762
103	72	2964
103	73	610
103	74	334
103	75	1517
103	76	752
103	77	779
103	78	769
103	79	2964
103	80	281
103	81	1524
103	82	533
103	83	406
103	84	1527
103	85	600
103	86	1133
103	87	588
103	88	451
103	89	1096
103	90	1514
103	91	1581
103	92	681
103	93	492
103	94	1436
103	95	1426
103	96	588
103	97	1581
103	98	578
103	99	1021
103	100	772
103	101	1031
103	102	1781
103	103	0
103	104	529
103	105	589
103	106	782
103	107	271
103	108	533
103	109	396
103	110	441
103	111	1086
103	112	673
103	113	1527
103	114	483
103	115	762
103	116	539
103	117	599
103	118	493
103	119	281
103	120	1006
103	121	691
103	122	502
103	123	1133
103	124	683
103	125	3344
103	126	406
103	127	324
103	128	502
103	129	1133
103	130	683
103	131	3344
103	132	610
103	133	1524
103	134	406
103	135	1791
103	136	10
103	137	2186
103	138	779
103	139	2964
103	140	1031
103	141	782
103	142	533
103	143	451
103	144	1096
103	145	1436
103	146	588
103	147	1581
103	148	281
103	149	1006
103	150	691
103	151	1527
103	152	762
103	153	539
103	154	599
103	155	493
103	156	276
103	157	683
104	1	275
104	2	319
104	3	850
104	4	850
104	5	10
104	6	850
104	7	319
104	8	730
104	9	420
104	10	1373
104	11	1017
104	12	275
104	13	543
104	14	850
104	15	575
104	16	319
104	17	275
104	18	557
104	19	319
104	20	319
104	21	436
104	22	319
104	23	850
104	24	1373
104	25	850
104	26	730
104	27	10
104	28	1373
104	29	730
104	30	420
104	31	201
104	32	275
104	33	319
104	34	1213
104	35	1015
104	36	850
104	37	557
104	38	1177
104	39	543
104	40	685
104	41	201
104	42	864
104	43	10
104	44	420
104	45	1270
104	46	265
104	47	730
104	48	840
104	49	226
104	50	539
104	51	543
104	52	319
104	53	1763
104	54	850
104	55	1801
104	56	275
104	57	1270
104	58	10
104	59	575
104	60	539
104	61	436
104	62	730
104	63	3672
104	64	1373
104	65	2496
104	66	226
104	67	720
104	68	557
104	69	1015
104	70	864
104	71	596
104	72	3282
104	73	319
104	74	850
104	75	1007
104	76	586
104	77	1015
104	78	1005
104	79	3282
104	80	543
104	81	1801
104	82	354
104	83	730
104	84	1017
104	85	309
104	86	1389
104	87	685
104	88	864
104	89	575
104	90	1791
104	91	1935
104	92	1167
104	93	191
104	94	1763
104	95	1753
104	96	685
104	97	1935
104	98	675
104	99	1363
104	100	1203
104	101	1373
104	102	1260
104	103	529
104	104	0
104	105	216
104	106	1213
104	107	533
104	108	354
104	109	547
104	110	854
104	111	565
104	112	426
104	113	1017
104	114	410
104	115	596
104	116	10
104	117	226
104	118	420
104	119	543
104	120	1377
104	121	1177
104	122	201
104	123	1389
104	124	436
104	125	3672
104	126	557
104	127	852
104	128	201
104	129	1389
104	130	436
104	131	3672
104	132	319
104	133	1801
104	134	730
104	135	1270
104	136	539
104	137	2496
104	138	1015
104	139	3282
104	140	1373
104	141	1213
104	142	354
104	143	864
104	144	575
104	145	1763
104	146	685
104	147	1935
104	148	543
104	149	1377
104	150	1177
104	151	1017
104	152	596
104	153	10
104	154	226
104	155	420
104	156	275
104	157	436
105	1	381
105	2	109
105	3	868
105	4	868
105	5	226
105	6	868
105	7	109
105	8	660
105	9	623
105	10	1261
105	11	1087
105	12	381
105	13	690
105	14	868
105	15	643
105	16	109
105	17	381
105	18	459
105	19	109
105	20	109
105	21	652
105	22	109
105	23	868
105	24	1261
105	25	868
105	26	660
105	27	226
105	28	1261
105	29	660
105	30	623
105	31	413
105	32	381
105	33	109
105	34	1149
105	35	880
105	36	868
105	37	459
105	38	1151
105	39	690
105	40	537
105	41	413
105	42	815
105	43	226
105	44	623
105	45	1311
105	46	371
105	47	660
105	48	858
105	49	10
105	50	599
105	51	690
105	52	109
105	53	1634
105	54	868
105	55	1653
105	56	381
105	57	1311
105	58	226
105	59	643
105	60	599
105	61	652
105	62	660
105	63	3527
105	64	1261
105	65	2351
105	66	10
105	67	650
105	68	459
105	69	880
105	70	815
105	71	385
105	72	3135
105	73	109
105	74	868
105	75	1077
105	76	375
105	77	880
105	78	870
105	79	3135
105	80	690
105	81	1653
105	82	185
105	83	660
105	84	1087
105	85	99
105	86	1243
105	87	537
105	88	815
105	89	643
105	90	1643
105	91	1815
105	92	1141
105	93	403
105	94	1634
105	95	1624
105	96	537
105	97	1815
105	98	527
105	99	1251
105	100	1139
105	101	1261
105	102	1301
105	103	589
105	104	216
105	105	0
105	106	1149
105	107	680
105	108	185
105	109	449
105	110	805
105	111	633
105	112	642
105	113	1087
105	114	613
105	115	385
105	116	226
105	117	10
105	118	623
105	119	690
105	120	1277
105	121	1151
105	122	413
105	123	1243
105	124	652
105	125	3527
105	126	459
105	127	894
105	128	413
105	129	1243
105	130	652
105	131	3527
105	132	109
105	133	1653
105	134	660
105	135	1311
105	136	599
105	137	2351
105	138	880
105	139	3135
105	140	1261
105	141	1149
105	142	185
105	143	815
105	144	643
105	145	1634
105	146	537
105	147	1815
105	148	690
105	149	1277
105	150	1151
105	151	1087
105	152	385
105	153	226
105	154	10
105	155	623
105	156	381
105	157	652
106	1	1000
106	2	1092
106	3	508
106	4	508
106	5	1213
106	6	508
106	7	1092
106	8	501
106	9	1264
106	10	345
106	11	2213
106	12	990
106	13	1025
106	14	498
106	15	1766
106	16	1092
106	17	1000
106	18	693
106	19	1092
106	20	1092
106	21	1453
106	22	1092
106	23	508
106	24	345
106	25	508
106	26	501
106	27	1213
106	28	345
106	29	501
106	30	1264
106	31	1247
106	32	1000
106	33	1092
106	34	10
106	35	465
106	36	508
106	37	703
106	38	217
106	39	1025
106	40	699
106	41	1247
106	42	360
106	43	1213
106	44	1264
106	45	2439
106	46	1000
106	47	501
106	48	508
106	49	1149
106	50	782
106	51	1025
106	52	1092
106	53	712
106	54	508
106	55	848
106	56	1000
106	57	2449
106	58	1213
106	59	1766
106	60	772
106	61	1453
106	62	501
106	63	2584
106	64	345
106	65	1438
106	66	1149
106	67	501
106	68	703
106	69	455
106	70	360
106	71	1024
106	72	2202
106	73	1082
106	74	508
106	75	2213
106	76	1024
106	77	465
106	78	465
106	79	2212
106	80	1025
106	81	838
106	82	988
106	83	491
106	84	2213
106	85	1092
106	86	564
106	87	699
106	88	350
106	89	1756
106	90	848
106	91	827
106	92	217
106	93	1247
106	94	702
106	95	712
106	96	689
106	97	817
106	98	699
106	99	345
106	100	10
106	101	335
106	102	2449
106	103	782
106	104	1213
106	105	1149
106	106	0
106	107	1025
106	108	978
106	109	703
106	110	360
106	111	1766
106	112	1453
106	113	2203
106	114	1264
106	115	1014
106	116	1203
106	117	1139
106	118	1254
106	119	1015
106	120	270
106	121	207
106	122	1237
106	123	554
106	124	1443
106	125	2574
106	126	703
106	127	589
106	128	1247
106	129	564
106	130	1453
106	131	2584
106	132	1092
106	133	848
106	134	501
106	135	2449
106	136	782
106	137	1448
106	138	465
106	139	2212
106	140	345
106	141	10
106	142	988
106	143	360
106	144	1766
106	145	712
106	146	699
106	147	827
106	148	1025
106	149	280
106	150	217
106	151	2213
106	152	1024
106	153	1213
106	154	1149
106	155	1264
106	156	1000
106	157	1453
107	1	322
107	2	737
107	3	537
107	4	537
107	5	543
107	6	537
107	7	737
107	8	677
107	9	287
107	10	1294
107	11	1428
107	12	322
107	13	10
107	14	537
107	15	1031
107	16	737
107	17	322
107	18	651
107	19	737
107	20	737
107	21	494
107	22	737
107	23	537
107	24	1294
107	25	537
107	26	677
107	27	543
107	28	1294
107	29	677
107	30	287
107	31	413
107	32	322
107	33	737
107	34	1025
107	35	1049
107	36	537
107	37	651
107	38	903
107	39	10
107	40	836
107	41	413
107	42	712
107	43	543
107	44	287
107	45	1707
107	46	312
107	47	677
107	48	527
107	49	690
107	50	281
107	51	10
107	52	737
107	53	1697
107	54	537
107	55	1791
107	56	322
107	57	1707
107	58	543
107	59	1031
107	60	281
107	61	494
107	62	677
107	63	3597
107	64	1294
107	65	2447
107	66	690
107	67	667
107	68	651
107	69	1049
107	70	712
107	71	950
107	72	3221
107	73	737
107	74	537
107	75	1418
107	76	940
107	77	1049
107	78	1039
107	79	3221
107	80	10
107	81	1791
107	82	691
107	83	677
107	84	1428
107	85	727
107	86	1403
107	87	836
107	88	712
107	89	1031
107	90	1781
107	91	1836
107	92	893
107	93	403
107	94	1697
107	95	1687
107	96	836
107	97	1836
107	98	826
107	99	1284
107	100	1015
107	101	1294
107	102	1697
107	103	271
107	104	533
107	105	680
107	106	1025
107	107	0
107	108	691
107	109	641
107	110	702
107	111	1021
107	112	484
107	113	1428
107	114	277
107	115	950
107	116	543
107	117	690
107	118	287
107	119	10
107	120	1263
107	121	903
107	122	413
107	123	1403
107	124	494
107	125	3597
107	126	651
107	127	482
107	128	413
107	129	1403
107	130	494
107	131	3597
107	132	737
107	133	1791
107	134	677
107	135	1707
107	136	281
107	137	2447
107	138	1049
107	139	3221
107	140	1294
107	141	1025
107	142	691
107	143	712
107	144	1031
107	145	1697
107	146	836
107	147	1836
107	148	10
107	149	1263
107	150	903
107	151	1428
107	152	950
107	153	543
107	154	690
107	155	287
107	156	322
107	157	494
108	1	387
108	2	114
108	3	755
108	4	755
108	5	354
108	6	755
108	7	114
108	8	504
108	9	695
108	10	1087
108	11	1260
108	12	377
108	13	691
108	14	745
108	15	816
108	16	114
108	17	387
108	18	287
108	19	114
108	20	114
108	21	767
108	22	114
108	23	755
108	24	1087
108	25	755
108	26	504
108	27	354
108	28	1087
108	29	504
108	30	695
108	31	513
108	32	387
108	33	114
108	34	988
108	35	706
108	36	755
108	37	297
108	38	1006
108	39	691
108	40	362
108	41	513
108	42	665
108	43	354
108	44	695
108	45	1469
108	46	387
108	47	504
108	48	755
108	49	185
108	50	533
108	51	691
108	52	114
108	53	1460
108	54	755
108	55	1480
108	56	387
108	57	1479
108	58	354
108	59	816
108	60	523
108	61	767
108	62	504
108	63	3354
108	64	1087
108	65	2168
108	66	185
108	67	504
108	68	297
108	69	696
108	70	665
108	71	278
108	72	2952
108	73	104
108	74	755
108	75	1260
108	76	278
108	77	706
108	78	706
108	79	2962
108	80	691
108	81	1470
108	82	10
108	83	494
108	84	1260
108	85	114
108	86	1070
108	87	362
108	88	655
108	89	806
108	90	1480
108	91	1641
108	92	1006
108	93	513
108	94	1450
108	95	1460
108	96	352
108	97	1631
108	98	362
108	99	1087
108	100	988
108	101	1077
108	102	1479
108	103	533
108	104	354
108	105	185
108	106	978
108	107	691
108	108	0
108	109	297
108	110	665
108	111	816
108	112	767
108	113	1250
108	114	695
108	115	268
108	116	344
108	117	175
108	118	685
108	119	681
108	120	1096
108	121	996
108	122	503
108	123	1060
108	124	757
108	125	3344
108	126	297
108	127	796
108	128	513
108	129	1070
108	130	767
108	131	3354
108	132	114
108	133	1480
108	134	504
108	135	1479
108	136	533
108	137	2178
108	138	706
108	139	2962
108	140	1087
108	141	988
108	142	10
108	143	665
108	144	816
108	145	1460
108	146	362
108	147	1641
108	148	691
108	149	1106
108	150	1006
108	151	1260
108	152	278
108	153	354
108	154	185
108	155	695
108	156	387
108	157	767
109	1	431
109	2	401
109	3	515
109	4	515
109	5	557
109	6	515
109	7	401
109	8	218
109	9	766
109	10	827
109	11	1532
109	12	431
109	13	651
109	14	515
109	15	1085
109	16	401
109	17	431
109	18	10
109	19	401
109	20	401
109	21	901
109	22	401
109	23	515
109	24	827
109	25	515
109	26	218
109	27	557
109	28	827
109	29	218
109	30	766
109	31	653
109	32	431
109	33	401
109	34	703
109	35	474
109	36	515
109	37	10
109	38	724
109	39	651
109	40	196
109	41	653
109	42	382
109	43	557
109	44	766
109	45	1759
109	46	421
109	47	218
109	48	505
109	49	459
109	50	406
109	51	651
109	52	401
109	53	1216
109	54	515
109	55	1261
109	56	431
109	57	1759
109	58	557
109	59	1085
109	60	406
109	61	901
109	62	218
109	63	3128
109	64	827
109	65	1953
109	66	459
109	67	208
109	68	10
109	69	474
109	70	382
109	71	414
109	72	2739
109	73	401
109	74	515
109	75	1522
109	76	404
109	77	474
109	78	464
109	79	2739
109	80	651
109	81	1261
109	82	297
109	83	218
109	84	1532
109	85	391
109	86	850
109	87	196
109	88	382
109	89	1085
109	90	1251
109	91	1389
109	92	714
109	93	643
109	94	1216
109	95	1206
109	96	196
109	97	1389
109	98	186
109	99	817
109	100	693
109	101	827
109	102	1749
109	103	396
109	104	547
109	105	449
109	106	703
109	107	641
109	108	297
109	109	0
109	110	372
109	111	1075
109	112	891
109	113	1532
109	114	756
109	115	414
109	116	557
109	117	459
109	118	766
109	119	651
109	120	836
109	121	724
109	122	653
109	123	850
109	124	901
109	125	3128
109	126	10
109	127	578
109	128	653
109	129	850
109	130	901
109	131	3128
109	132	401
109	133	1261
109	134	218
109	135	1759
109	136	406
109	137	1953
109	138	474
109	139	2739
109	140	827
109	141	703
109	142	297
109	143	382
109	144	1085
109	145	1216
109	146	196
109	147	1389
109	148	651
109	149	836
109	150	724
109	151	1532
109	152	414
109	153	557
109	154	459
109	155	766
109	156	431
109	157	901
110	1	651
110	2	769
110	3	272
110	4	272
110	5	864
110	6	272
110	7	769
110	8	176
110	9	930
110	10	592
110	11	1868
110	12	651
110	13	712
110	14	272
110	15	1421
110	16	769
110	17	651
110	18	382
110	19	769
110	20	769
110	21	1112
110	22	769
110	23	272
110	24	592
110	25	272
110	26	176
110	27	864
110	28	592
110	29	176
110	30	930
110	31	898
110	32	651
110	33	769
110	34	360
110	35	414
110	36	272
110	37	382
110	38	353
110	39	712
110	40	445
110	41	898
110	42	10
110	43	864
110	44	930
110	45	2109
110	46	641
110	47	176
110	48	262
110	49	815
110	50	451
110	51	712
110	52	769
110	53	996
110	54	272
110	55	1092
110	56	651
110	57	2109
110	58	864
110	59	1421
110	60	451
110	61	1112
110	62	176
110	63	2904
110	64	592
110	65	1747
110	66	815
110	67	166
110	68	382
110	69	414
110	70	10
110	71	758
110	72	2524
110	73	769
110	74	272
110	75	1858
110	76	748
110	77	414
110	78	404
110	79	2524
110	80	712
110	81	1092
110	82	665
110	83	176
110	84	1868
110	85	759
110	86	719
110	87	445
110	88	10
110	89	1421
110	90	1082
110	91	1141
110	92	343
110	93	888
110	94	996
110	95	986
110	96	445
110	97	1141
110	98	435
110	99	582
110	100	350
110	101	592
110	102	2099
110	103	441
110	104	854
110	105	805
110	106	360
110	107	702
110	108	665
110	109	372
110	110	0
110	111	1411
110	112	1102
110	113	1868
110	114	920
110	115	758
110	116	864
110	117	815
110	118	930
110	119	712
110	120	566
110	121	353
110	122	898
110	123	719
110	124	1112
110	125	2904
110	126	382
110	127	366
110	128	898
110	129	719
110	130	1112
110	131	2904
110	132	769
110	133	1092
110	134	176
110	135	2109
110	136	451
110	137	1747
110	138	414
110	139	2524
110	140	592
110	141	360
110	142	665
110	143	10
110	144	1421
110	145	996
110	146	445
110	147	1141
110	148	712
110	149	566
110	150	353
110	151	1868
110	152	758
110	153	864
110	154	815
110	155	930
110	156	651
110	157	1112
111	1	830
111	2	724
111	3	1413
111	4	1413
111	5	575
111	6	1413
111	7	724
111	8	1277
111	9	795
111	10	1893
111	11	458
111	12	830
111	13	1031
111	14	1413
111	15	10
111	16	724
111	17	830
111	18	1085
111	19	724
111	20	724
111	21	640
111	22	724
111	23	1413
111	24	1893
111	25	1413
111	26	1277
111	27	575
111	28	1893
111	29	1277
111	30	795
111	31	631
111	32	830
111	33	724
111	34	1766
111	35	1511
111	36	1413
111	37	1085
111	38	1740
111	39	1031
111	40	1166
111	41	631
111	42	1421
111	43	575
111	44	795
111	45	706
111	46	820
111	47	1277
111	48	1403
111	49	643
111	50	1096
111	51	1031
111	52	724
111	53	2264
111	54	1413
111	55	2274
111	56	830
111	57	706
111	58	575
111	59	10
111	60	1096
111	61	640
111	62	1277
111	63	4145
111	64	1893
111	65	2971
111	66	643
111	67	1267
111	68	1085
111	69	1511
111	70	1421
111	71	944
111	72	3751
111	73	724
111	74	1413
111	75	448
111	76	934
111	77	1511
111	78	1501
111	79	3751
111	80	1031
111	81	2274
111	82	816
111	83	1277
111	84	458
111	85	714
111	86	1868
111	87	1166
111	88	1421
111	89	10
111	90	2264
111	91	2446
111	92	1730
111	93	621
111	94	2264
111	95	2254
111	96	1166
111	97	2446
111	98	1156
111	99	1883
111	100	1756
111	101	1893
111	102	696
111	103	1086
111	104	565
111	105	633
111	106	1766
111	107	1021
111	108	816
111	109	1075
111	110	1411
111	111	0
111	112	630
111	113	458
111	114	785
111	115	944
111	116	575
111	117	643
111	118	795
111	119	1031
111	120	1908
111	121	1740
111	122	631
111	123	1868
111	124	640
111	125	4145
111	126	1085
111	127	1409
111	128	631
111	129	1868
111	130	640
111	131	4145
111	132	724
111	133	2274
111	134	1277
111	135	706
111	136	1096
111	137	2971
111	138	1511
111	139	3751
111	140	1893
111	141	1766
111	142	816
111	143	1421
111	144	10
111	145	2264
111	146	1166
111	147	2446
111	148	1031
111	149	1908
111	150	1740
111	151	458
111	152	944
111	153	575
111	154	643
111	155	795
111	156	830
111	157	640
112	1	487
112	2	744
112	3	995
112	4	995
112	5	436
112	6	995
112	7	744
112	8	1021
112	9	218
112	10	1677
112	11	976
112	12	487
112	13	494
112	14	995
112	15	640
112	16	744
112	17	487
112	18	901
112	19	744
112	20	744
112	21	10
112	22	744
112	23	995
112	24	1677
112	25	995
112	26	1021
112	27	436
112	28	1677
112	29	1021
112	30	218
112	31	267
112	32	487
112	33	744
112	34	1453
112	35	1362
112	36	995
112	37	901
112	38	1360
112	39	494
112	40	1062
112	41	267
112	42	1112
112	43	436
112	44	218
112	45	1262
112	46	477
112	47	1021
112	48	985
112	49	652
112	50	683
112	51	494
112	52	744
112	53	2080
112	54	995
112	55	2145
112	56	487
112	57	1262
112	58	436
112	59	640
112	60	683
112	61	10
112	62	1021
112	63	3996
112	64	1677
112	65	2828
112	66	652
112	67	1011
112	68	901
112	69	1362
112	70	1112
112	71	1020
112	72	3612
112	73	744
112	74	995
112	75	966
112	76	1010
112	77	1362
112	78	1352
112	79	3612
112	80	494
112	81	2145
112	82	767
112	83	1021
112	84	976
112	85	734
112	86	1737
112	87	1062
112	88	1112
112	89	640
112	90	2135
112	91	2237
112	92	1350
112	93	257
112	94	2080
112	95	2070
112	96	1062
112	97	2237
112	98	1052
112	99	1667
112	100	1443
112	101	1677
112	102	1252
112	103	673
112	104	426
112	105	642
112	106	1453
112	107	484
112	108	767
112	109	891
112	110	1102
112	111	630
112	112	0
112	113	976
112	114	208
112	115	1020
112	116	436
112	117	652
112	118	218
112	119	494
112	120	1664
112	121	1360
112	122	267
112	123	1737
112	124	10
112	125	3996
112	126	901
112	127	955
112	128	267
112	129	1737
112	130	10
112	131	3996
112	132	744
112	133	2145
112	134	1021
112	135	1262
112	136	683
112	137	2828
112	138	1362
112	139	3612
112	140	1677
112	141	1453
112	142	767
112	143	1112
112	144	640
112	145	2080
112	146	1062
112	147	2237
112	148	494
112	149	1664
112	150	1360
112	151	976
112	152	1020
112	153	436
112	154	652
112	155	218
112	156	487
112	157	10
113	1	1264
113	2	1165
113	3	1848
113	4	1848
113	5	1017
113	6	1848
113	7	1165
113	8	1724
113	9	1167
113	10	2337
113	11	10
113	12	1254
113	13	1428
113	14	1838
113	15	458
113	16	1165
113	17	1264
113	18	1522
113	19	1165
113	20	1165
113	21	976
113	22	1165
113	23	1848
113	24	2337
113	25	1848
113	26	1724
113	27	1017
113	28	2337
113	29	1724
113	30	1167
113	31	1044
113	32	1264
113	33	1165
113	34	2213
113	35	1951
113	36	1848
113	37	1532
113	38	2183
113	39	1428
113	40	1607
113	41	1044
113	42	1868
113	43	1017
113	44	1167
113	45	288
113	46	1264
113	47	1724
113	48	1848
113	49	1087
113	50	1527
113	51	1428
113	52	1165
113	53	2703
113	54	1848
113	55	2704
113	56	1264
113	57	298
113	58	1017
113	59	458
113	60	1517
113	61	976
113	62	1724
113	63	4569
113	64	2337
113	65	3389
113	66	1087
113	67	1724
113	68	1532
113	69	1941
113	70	1868
113	71	1363
113	72	4164
113	73	1155
113	74	1848
113	75	10
113	76	1363
113	77	1951
113	78	1951
113	79	4174
113	80	1428
113	81	2694
113	82	1260
113	83	1714
113	84	10
113	85	1165
113	86	2302
113	87	1607
113	88	1858
113	89	448
113	90	2704
113	91	2887
113	92	2183
113	93	1044
113	94	2693
113	95	2703
113	96	1597
113	97	2877
113	98	1607
113	99	2337
113	100	2213
113	101	2327
113	102	298
113	103	1527
113	104	1017
113	105	1087
113	106	2203
113	107	1428
113	108	1250
113	109	1532
113	110	1868
113	111	458
113	112	976
113	113	0
113	114	1167
113	115	1353
113	116	1007
113	117	1077
113	118	1157
113	119	1418
113	120	2344
113	121	2173
113	122	1034
113	123	2292
113	124	966
113	125	4559
113	126	1532
113	127	1838
113	128	1044
113	129	2302
113	130	976
113	131	4569
113	132	1165
113	133	2704
113	134	1724
113	135	298
113	136	1527
113	137	3399
113	138	1951
113	139	4174
113	140	2337
113	141	2213
113	142	1260
113	143	1868
113	144	458
113	145	2703
113	146	1607
113	147	2887
113	148	1428
113	149	2354
113	150	2183
113	151	10
113	152	1363
113	153	1017
113	154	1087
113	155	1167
113	156	1264
113	157	976
114	1	348
114	2	700
114	3	795
114	4	795
114	5	420
114	6	795
114	7	700
114	8	856
114	9	10
114	10	1505
114	11	1167
114	12	348
114	13	287
114	14	795
114	15	795
114	16	700
114	17	348
114	18	766
114	19	700
114	20	700
114	21	218
114	22	700
114	23	795
114	24	1505
114	25	795
114	26	856
114	27	420
114	28	1505
114	29	856
114	30	10
114	31	233
114	32	348
114	33	700
114	34	1264
114	35	1214
114	36	795
114	37	766
114	38	1161
114	39	287
114	40	941
114	41	233
114	42	930
114	43	420
114	44	10
114	45	1449
114	46	338
114	47	856
114	48	785
114	49	623
114	50	493
114	51	287
114	52	700
114	53	1910
114	54	795
114	55	1986
114	56	348
114	57	1449
114	58	420
114	59	795
114	60	493
114	61	218
114	62	856
114	63	3822
114	64	1505
114	65	2660
114	66	623
114	67	846
114	68	766
114	69	1214
114	70	930
114	71	961
114	72	3441
114	73	700
114	74	795
114	75	1157
114	76	951
114	77	1214
114	78	1204
114	79	3441
114	80	287
114	81	1986
114	82	695
114	83	856
114	84	1167
114	85	690
114	86	1584
114	87	941
114	88	930
114	89	795
114	90	1976
114	91	2060
114	92	1151
114	93	223
114	94	1910
114	95	1900
114	96	941
114	97	2060
114	98	931
114	99	1495
114	100	1254
114	101	1505
114	102	1439
114	103	483
114	104	410
114	105	613
114	106	1264
114	107	277
114	108	695
114	109	756
114	110	920
114	111	785
114	112	208
114	113	1167
114	114	0
114	115	961
114	116	420
114	117	623
114	118	10
114	119	287
114	120	1485
114	121	1161
114	122	233
114	123	1584
114	124	218
114	125	3822
114	126	766
114	127	750
114	128	233
114	129	1584
114	130	218
114	131	3822
114	132	700
114	133	1986
114	134	856
114	135	1449
114	136	493
114	137	2660
114	138	1214
114	139	3441
114	140	1505
114	141	1264
114	142	695
114	143	930
114	144	795
114	145	1910
114	146	941
114	147	2060
114	148	287
114	149	1485
114	150	1161
114	151	1167
114	152	961
114	153	420
114	154	623
114	155	10
114	156	348
114	157	218
115	1	652
115	2	288
115	3	918
115	4	918
115	5	596
115	6	918
115	7	288
115	8	596
115	9	961
115	10	1036
115	11	1363
115	12	642
115	13	950
115	14	908
115	15	944
115	16	288
115	17	652
115	18	404
115	19	288
115	20	288
115	21	1020
115	22	288
115	23	918
115	24	1036
115	25	918
115	26	596
115	27	596
115	28	1036
115	29	596
115	30	961
115	31	771
115	32	652
115	33	288
115	34	1024
115	35	641
115	36	918
115	37	414
115	38	1094
115	39	950
115	40	336
115	41	771
115	42	758
115	43	596
115	44	961
115	45	1534
115	46	652
115	47	596
115	48	918
115	49	385
115	50	762
115	51	950
115	52	288
115	53	1367
115	54	918
115	55	1354
115	56	652
115	57	1544
115	58	596
115	59	944
115	60	752
115	61	1020
115	62	596
115	63	3216
115	64	1036
115	65	2037
115	66	385
115	67	596
115	68	414
115	69	631
115	70	758
115	71	10
115	72	2812
115	73	278
115	74	918
115	75	1363
115	76	10
115	77	641
115	78	641
115	79	2822
115	80	950
115	81	1344
115	82	278
115	83	586
115	84	1363
115	85	288
115	86	959
115	87	336
115	88	748
115	89	934
115	90	1354
115	91	1558
115	92	1094
115	93	771
115	94	1357
115	95	1367
115	96	326
115	97	1548
115	98	336
115	99	1036
115	100	1024
115	101	1026
115	102	1544
115	103	762
115	104	596
115	105	385
115	106	1014
115	107	950
115	108	268
115	109	414
115	110	758
115	111	944
115	112	1020
115	113	1353
115	114	961
115	115	0
115	116	586
115	117	375
115	118	951
115	119	940
115	120	1066
115	121	1084
115	122	761
115	123	949
115	124	1010
115	125	3206
115	126	414
115	127	979
115	128	771
115	129	959
115	130	1020
115	131	3216
115	132	288
115	133	1354
115	134	596
115	135	1544
115	136	762
115	137	2047
115	138	641
115	139	2822
115	140	1036
115	141	1024
115	142	278
115	143	758
115	144	944
115	145	1367
115	146	336
115	147	1558
115	148	950
115	149	1076
115	150	1094
115	151	1363
115	152	10
115	153	596
115	154	385
115	155	961
115	156	652
115	157	1020
116	1	275
116	2	319
116	3	850
116	4	850
116	5	10
116	6	850
116	7	319
116	8	730
116	9	420
116	10	1373
116	11	1017
116	12	265
116	13	543
116	14	840
116	15	575
116	16	319
116	17	275
116	18	547
116	19	319
116	20	319
116	21	436
116	22	319
116	23	850
116	24	1373
116	25	850
116	26	730
116	27	10
116	28	1373
116	29	730
116	30	420
116	31	201
116	32	275
116	33	319
116	34	1213
116	35	1015
116	36	850
116	37	557
116	38	1177
116	39	543
116	40	685
116	41	201
116	42	864
116	43	10
116	44	420
116	45	1260
116	46	275
116	47	730
116	48	850
116	49	226
116	50	539
116	51	543
116	52	319
116	53	1763
116	54	850
116	55	1801
116	56	275
116	57	1270
116	58	10
116	59	575
116	60	529
116	61	436
116	62	730
116	63	3672
116	64	1373
116	65	2486
116	66	226
116	67	730
116	68	557
116	69	1005
116	70	864
116	71	596
116	72	3272
116	73	309
116	74	850
116	75	1017
116	76	596
116	77	1015
116	78	1015
116	79	3282
116	80	543
116	81	1791
116	82	354
116	83	720
116	84	1017
116	85	319
116	86	1389
116	87	685
116	88	854
116	89	565
116	90	1801
116	91	1935
116	92	1177
116	93	201
116	94	1753
116	95	1763
116	96	675
116	97	1925
116	98	685
116	99	1373
116	100	1213
116	101	1363
116	102	1270
116	103	539
116	104	10
116	105	226
116	106	1203
116	107	543
116	108	344
116	109	557
116	110	864
116	111	575
116	112	436
116	113	1007
116	114	420
116	115	586
116	116	0
116	117	216
116	118	410
116	119	533
116	120	1367
116	121	1167
116	122	191
116	123	1379
116	124	426
116	125	3662
116	126	557
116	127	852
116	128	201
116	129	1389
116	130	436
116	131	3672
116	132	319
116	133	1801
116	134	730
116	135	1270
116	136	539
116	137	2496
116	138	1015
116	139	3282
116	140	1373
116	141	1213
116	142	354
116	143	864
116	144	575
116	145	1763
116	146	685
116	147	1935
116	148	543
116	149	1377
116	150	1177
116	151	1017
116	152	596
116	153	10
116	154	226
116	155	420
116	156	275
116	157	436
117	1	381
117	2	109
117	3	868
117	4	868
117	5	226
117	6	868
117	7	109
117	8	660
117	9	623
117	10	1261
117	11	1087
117	12	371
117	13	690
117	14	858
117	15	643
117	16	109
117	17	381
117	18	449
117	19	109
117	20	109
117	21	652
117	22	109
117	23	868
117	24	1261
117	25	868
117	26	660
117	27	226
117	28	1261
117	29	660
117	30	623
117	31	413
117	32	381
117	33	109
117	34	1149
117	35	880
117	36	868
117	37	459
117	38	1151
117	39	690
117	40	537
117	41	413
117	42	815
117	43	226
117	44	623
117	45	1301
117	46	381
117	47	660
117	48	868
117	49	10
117	50	599
117	51	690
117	52	109
117	53	1634
117	54	868
117	55	1653
117	56	381
117	57	1311
117	58	226
117	59	643
117	60	589
117	61	652
117	62	660
117	63	3527
117	64	1261
117	65	2341
117	66	10
117	67	660
117	68	459
117	69	870
117	70	815
117	71	385
117	72	3125
117	73	99
117	74	868
117	75	1087
117	76	385
117	77	880
117	78	880
117	79	3135
117	80	690
117	81	1643
117	82	185
117	83	650
117	84	1087
117	85	109
117	86	1243
117	87	537
117	88	805
117	89	633
117	90	1653
117	91	1815
117	92	1151
117	93	413
117	94	1624
117	95	1634
117	96	527
117	97	1805
117	98	537
117	99	1261
117	100	1149
117	101	1251
117	102	1311
117	103	599
117	104	226
117	105	10
117	106	1139
117	107	690
117	108	175
117	109	459
117	110	815
117	111	643
117	112	652
117	113	1077
117	114	623
117	115	375
117	116	216
117	117	0
117	118	613
117	119	680
117	120	1267
117	121	1141
117	122	403
117	123	1233
117	124	642
117	125	3517
117	126	459
117	127	894
117	128	413
117	129	1243
117	130	652
117	131	3527
117	132	109
117	133	1653
117	134	660
117	135	1311
117	136	599
117	137	2351
117	138	880
117	139	3135
117	140	1261
117	141	1149
117	142	185
117	143	815
117	144	643
117	145	1634
117	146	537
117	147	1815
117	148	690
117	149	1277
117	150	1151
117	151	1087
117	152	385
117	153	226
117	154	10
117	155	623
117	156	381
117	157	652
118	1	348
118	2	700
118	3	795
118	4	795
118	5	420
118	6	795
118	7	700
118	8	856
118	9	10
118	10	1505
118	11	1167
118	12	338
118	13	287
118	14	785
118	15	795
118	16	700
118	17	348
118	18	756
118	19	700
118	20	700
118	21	218
118	22	700
118	23	795
118	24	1505
118	25	795
118	26	856
118	27	420
118	28	1505
118	29	856
118	30	10
118	31	233
118	32	348
118	33	700
118	34	1264
118	35	1214
118	36	795
118	37	766
118	38	1161
118	39	287
118	40	941
118	41	233
118	42	930
118	43	420
118	44	10
118	45	1439
118	46	348
118	47	856
118	48	795
118	49	623
118	50	493
118	51	287
118	52	700
118	53	1910
118	54	795
118	55	1986
118	56	348
118	57	1449
118	58	420
118	59	795
118	60	483
118	61	218
118	62	856
118	63	3822
118	64	1505
118	65	2650
118	66	623
118	67	856
118	68	766
118	69	1204
118	70	930
118	71	961
118	72	3431
118	73	690
118	74	795
118	75	1167
118	76	961
118	77	1214
118	78	1214
118	79	3441
118	80	287
118	81	1976
118	82	695
118	83	846
118	84	1167
118	85	700
118	86	1584
118	87	941
118	88	920
118	89	785
118	90	1986
118	91	2060
118	92	1161
118	93	233
118	94	1900
118	95	1910
118	96	931
118	97	2050
118	98	941
118	99	1505
118	100	1264
118	101	1495
118	102	1449
118	103	493
118	104	420
118	105	623
118	106	1254
118	107	287
118	108	685
118	109	766
118	110	930
118	111	795
118	112	218
118	113	1157
118	114	10
118	115	951
118	116	410
118	117	613
118	118	0
118	119	277
118	120	1475
118	121	1151
118	122	223
118	123	1574
118	124	208
118	125	3812
118	126	766
118	127	750
118	128	233
118	129	1584
118	130	218
118	131	3822
118	132	700
118	133	1986
118	134	856
118	135	1449
118	136	493
118	137	2660
118	138	1214
118	139	3441
118	140	1505
118	141	1264
118	142	695
118	143	930
118	144	795
118	145	1910
118	146	941
118	147	2060
118	148	287
118	149	1485
118	150	1161
118	151	1167
118	152	961
118	153	420
118	154	623
118	155	10
118	156	348
118	157	218
119	1	322
119	2	737
119	3	537
119	4	537
119	5	543
119	6	537
119	7	737
119	8	677
119	9	287
119	10	1294
119	11	1428
119	12	312
119	13	10
119	14	527
119	15	1031
119	16	737
119	17	322
119	18	641
119	19	737
119	20	737
119	21	494
119	22	737
119	23	537
119	24	1294
119	25	537
119	26	677
119	27	543
119	28	1294
119	29	677
119	30	287
119	31	413
119	32	322
119	33	737
119	34	1025
119	35	1049
119	36	537
119	37	651
119	38	903
119	39	10
119	40	836
119	41	413
119	42	712
119	43	543
119	44	287
119	45	1697
119	46	322
119	47	677
119	48	537
119	49	690
119	50	281
119	51	10
119	52	737
119	53	1697
119	54	537
119	55	1791
119	56	322
119	57	1707
119	58	543
119	59	1031
119	60	271
119	61	494
119	62	677
119	63	3597
119	64	1294
119	65	2437
119	66	690
119	67	677
119	68	651
119	69	1039
119	70	712
119	71	950
119	72	3211
119	73	727
119	74	537
119	75	1428
119	76	950
119	77	1049
119	78	1049
119	79	3221
119	80	10
119	81	1781
119	82	691
119	83	667
119	84	1428
119	85	737
119	86	1403
119	87	836
119	88	702
119	89	1021
119	90	1791
119	91	1836
119	92	903
119	93	413
119	94	1687
119	95	1697
119	96	826
119	97	1826
119	98	836
119	99	1294
119	100	1025
119	101	1284
119	102	1707
119	103	281
119	104	543
119	105	690
119	106	1015
119	107	10
119	108	681
119	109	651
119	110	712
119	111	1031
119	112	494
119	113	1418
119	114	287
119	115	940
119	116	533
119	117	680
119	118	277
119	119	0
119	120	1253
119	121	893
119	122	403
119	123	1393
119	124	484
119	125	3587
119	126	651
119	127	482
119	128	413
119	129	1403
119	130	494
119	131	3597
119	132	737
119	133	1791
119	134	677
119	135	1707
119	136	281
119	137	2447
119	138	1049
119	139	3221
119	140	1294
119	141	1025
119	142	691
119	143	712
119	144	1031
119	145	1697
119	146	836
119	147	1836
119	148	10
119	149	1263
119	150	903
119	151	1428
119	152	950
119	153	543
119	154	690
119	155	287
119	156	322
119	157	494
120	1	1194
120	2	1205
120	3	763
120	4	763
120	5	1377
120	6	763
120	7	1205
120	8	662
120	9	1485
120	10	98
120	11	2354
120	12	1184
120	13	1263
120	14	753
120	15	1908
120	16	1205
120	17	1194
120	18	826
120	19	1205
120	20	1205
120	21	1664
120	22	1205
120	23	763
120	24	98
120	25	763
120	26	662
120	27	1377
120	28	98
120	29	662
120	30	1485
120	31	1440
120	32	1194
120	33	1205
120	34	280
120	35	447
120	36	763
120	37	836
120	38	480
120	39	1263
120	40	771
120	41	1440
120	42	566
120	43	1377
120	44	1485
120	45	2562
120	46	1194
120	47	662
120	48	763
120	49	1277
120	50	1006
120	51	1263
120	52	1205
120	53	449
120	54	763
120	55	579
120	56	1194
120	57	2572
120	58	1377
120	59	1908
120	60	996
120	61	1664
120	62	662
120	63	2348
120	64	98
120	65	1185
120	66	1277
120	67	662
120	68	836
120	69	437
120	70	566
120	71	1076
120	72	1959
120	73	1195
120	74	763
120	75	2354
120	76	1076
120	77	447
120	78	447
120	79	1969
120	80	1263
120	81	569
120	82	1106
120	83	652
120	84	2354
120	85	1205
120	86	345
120	87	771
120	88	556
120	89	1898
120	90	579
120	91	585
120	92	480
120	93	1440
120	94	439
120	95	449
120	96	761
120	97	575
120	98	771
120	99	98
120	100	280
120	101	88
120	102	2572
120	103	1006
120	104	1377
120	105	1277
120	106	270
120	107	1263
120	108	1096
120	109	836
120	110	566
120	111	1908
120	112	1664
120	113	2344
120	114	1485
120	115	1066
120	116	1367
120	117	1267
120	118	1475
120	119	1253
120	120	0
120	121	470
120	122	1430
120	123	335
120	124	1654
120	125	2338
120	126	836
120	127	850
120	128	1440
120	129	345
120	130	1664
120	131	2348
120	132	1205
120	133	579
120	134	662
120	135	2572
120	136	1006
120	137	1195
120	138	447
120	139	1969
120	140	98
120	141	280
120	142	1106
120	143	566
120	144	1908
120	145	449
120	146	771
120	147	585
120	148	1263
120	149	10
120	150	480
120	151	2354
120	152	1076
120	153	1377
120	154	1277
120	155	1485
120	156	1194
120	157	1664
121	1	938
121	2	1109
121	3	377
121	4	377
121	5	1177
121	6	377
121	7	1109
121	8	518
121	9	1161
121	10	551
121	11	2183
121	12	928
121	13	903
121	14	367
121	15	1740
121	16	1109
121	17	938
121	18	714
121	19	1109
121	20	1109
121	21	1360
121	22	1109
121	23	377
121	24	551
121	25	377
121	26	518
121	27	1177
121	28	551
121	29	518
121	30	1161
121	31	1179
121	32	938
121	33	1109
121	34	217
121	35	617
121	36	377
121	37	724
121	38	10
121	39	903
121	40	772
121	41	1179
121	42	353
121	43	1177
121	44	1161
121	45	2423
121	46	938
121	47	518
121	48	377
121	49	1151
121	50	691
121	51	903
121	52	1109
121	53	900
121	54	377
121	55	1047
121	56	938
121	57	2433
121	58	1177
121	59	1740
121	60	681
121	61	1360
121	62	518
121	63	2734
121	64	551
121	65	1611
121	66	1151
121	67	518
121	68	724
121	69	607
121	70	353
121	71	1094
121	72	2360
121	73	1099
121	74	377
121	75	2183
121	76	1094
121	77	617
121	78	617
121	79	2370
121	80	903
121	81	1037
121	82	1006
121	83	508
121	84	2183
121	85	1109
121	86	769
121	87	772
121	88	343
121	89	1730
121	90	1047
121	91	996
121	92	10
121	93	1179
121	94	890
121	95	900
121	96	762
121	97	986
121	98	772
121	99	551
121	100	217
121	101	541
121	102	2433
121	103	691
121	104	1177
121	105	1151
121	106	207
121	107	903
121	108	996
121	109	724
121	110	353
121	111	1740
121	112	1360
121	113	2173
121	114	1161
121	115	1084
121	116	1167
121	117	1141
121	118	1151
121	119	893
121	120	470
121	121	0
121	122	1169
121	123	759
121	124	1350
121	125	2724
121	126	724
121	127	438
121	128	1179
121	129	769
121	130	1360
121	131	2734
121	132	1109
121	133	1047
121	134	518
121	135	2433
121	136	691
121	137	1621
121	138	617
121	139	2370
121	140	551
121	141	217
121	142	1006
121	143	353
121	144	1740
121	145	900
121	146	772
121	147	996
121	148	903
121	149	480
121	150	10
121	151	2183
121	152	1094
121	153	1177
121	154	1151
121	155	1161
121	156	938
121	157	1360
122	1	258
122	2	499
122	3	826
122	4	826
122	5	201
122	6	826
122	7	499
122	8	790
122	9	233
122	10	1447
122	11	1044
122	12	248
122	13	413
122	14	816
122	15	631
122	16	499
122	17	258
122	18	643
122	19	499
122	20	499
122	21	267
122	22	499
122	23	826
122	24	1447
122	25	826
122	26	790
122	27	201
122	28	1447
122	29	790
122	30	233
122	31	10
122	32	258
122	33	499
122	34	1247
122	35	1116
122	36	826
122	37	653
122	38	1179
122	39	413
122	40	809
122	41	10
122	42	898
122	43	201
122	44	233
122	45	1306
122	46	258
122	47	790
122	48	826
122	49	413
122	50	502
122	51	413
122	52	499
122	53	1846
122	54	826
122	55	1902
122	56	258
122	57	1316
122	58	201
122	59	631
122	60	492
122	61	267
122	62	790
122	63	3762
122	64	1447
122	65	2580
122	66	413
122	67	790
122	68	653
122	69	1106
122	70	898
122	71	771
122	72	3366
122	73	489
122	74	826
122	75	1044
122	76	771
122	77	1116
122	78	1116
122	79	3376
122	80	413
122	81	1892
122	82	513
122	83	780
122	84	1044
122	85	499
122	86	1492
122	87	809
122	88	888
122	89	621
122	90	1902
122	91	2010
122	92	1179
122	93	10
122	94	1836
122	95	1846
122	96	799
122	97	2000
122	98	809
122	99	1447
122	100	1247
122	101	1437
122	102	1316
122	103	502
122	104	201
122	105	413
122	106	1237
122	107	413
122	108	503
122	109	653
122	110	898
122	111	631
122	112	267
122	113	1034
122	114	233
122	115	761
122	116	191
122	117	403
122	118	223
122	119	403
122	120	1430
122	121	1169
122	122	0
122	123	1482
122	124	257
122	125	3752
122	126	653
122	127	807
122	128	10
122	129	1492
122	130	267
122	131	3762
122	132	499
122	133	1902
122	134	790
122	135	1316
122	136	502
122	137	2590
122	138	1116
122	139	3376
122	140	1447
122	141	1247
122	142	513
122	143	898
122	144	631
122	145	1846
122	146	809
122	147	2010
122	148	413
122	149	1440
122	150	1179
122	151	1044
122	152	771
122	153	201
122	154	413
122	155	233
122	156	258
122	157	267
123	1	1261
123	2	1155
123	3	967
123	4	967
123	5	1389
123	6	967
123	7	1155
123	8	741
123	9	1584
123	10	257
123	11	2302
123	12	1251
123	13	1403
123	14	957
123	15	1868
123	16	1155
123	17	1261
123	18	840
123	19	1155
123	20	1155
123	21	1737
123	22	1155
123	23	967
123	24	257
123	25	967
123	26	741
123	27	1389
123	28	257
123	29	741
123	30	1584
123	31	1492
123	32	1261
123	33	1155
123	34	564
123	35	387
123	36	967
123	37	850
123	38	769
123	39	1403
123	40	719
123	41	1492
123	42	719
123	43	1389
123	44	1584
123	45	2482
123	46	1261
123	47	741
123	48	967
123	49	1243
123	50	1133
123	51	1403
123	52	1155
123	53	421
123	54	967
123	55	423
123	56	1261
123	57	2492
123	58	1389
123	59	1868
123	60	1123
123	61	1737
123	62	741
123	63	2296
123	64	257
123	65	1109
123	66	1243
123	67	741
123	68	850
123	69	377
123	70	719
123	71	959
123	72	1894
123	73	1145
123	74	967
123	75	2302
123	76	959
123	77	387
123	78	387
123	79	1904
123	80	1403
123	81	413
123	82	1070
123	83	731
123	84	2302
123	85	1155
123	86	10
123	87	719
123	88	709
123	89	1858
123	90	423
123	91	615
123	92	769
123	93	1492
123	94	411
123	95	421
123	96	709
123	97	605
123	98	719
123	99	257
123	100	564
123	101	247
123	102	2492
123	103	1133
123	104	1389
123	105	1243
123	106	554
123	107	1403
123	108	1060
123	109	850
123	110	719
123	111	1868
123	112	1737
123	113	2292
123	114	1584
123	115	949
123	116	1379
123	117	1233
123	118	1574
123	119	1393
123	120	335
123	121	759
123	122	1482
123	123	0
123	124	1727
123	125	2286
123	126	850
123	127	1061
123	128	1492
123	129	10
123	130	1737
123	131	2296
123	132	1155
123	133	423
123	134	741
123	135	2492
123	136	1133
123	137	1119
123	138	387
123	139	1904
123	140	257
123	141	564
123	142	1070
123	143	719
123	144	1868
123	145	421
123	146	719
123	147	615
123	148	1403
123	149	345
123	150	769
123	151	2302
123	152	959
123	153	1389
123	154	1243
123	155	1584
123	156	1261
123	157	1737
124	1	487
124	2	744
124	3	995
124	4	995
124	5	436
124	6	995
124	7	744
124	8	1021
124	9	218
124	10	1677
124	11	976
124	12	477
124	13	494
124	14	985
124	15	640
124	16	744
124	17	487
124	18	891
124	19	744
124	20	744
124	21	10
124	22	744
124	23	995
124	24	1677
124	25	995
124	26	1021
124	27	436
124	28	1677
124	29	1021
124	30	218
124	31	267
124	32	487
124	33	744
124	34	1453
124	35	1362
124	36	995
124	37	901
124	38	1360
124	39	494
124	40	1062
124	41	267
124	42	1112
124	43	436
124	44	218
124	45	1252
124	46	487
124	47	1021
124	48	995
124	49	652
124	50	683
124	51	494
124	52	744
124	53	2080
124	54	995
124	55	2145
124	56	487
124	57	1262
124	58	436
124	59	640
124	60	673
124	61	10
124	62	1021
124	63	3996
124	64	1677
124	65	2818
124	66	652
124	67	1021
124	68	901
124	69	1352
124	70	1112
124	71	1020
124	72	3602
124	73	734
124	74	995
124	75	976
124	76	1020
124	77	1362
124	78	1362
124	79	3612
124	80	494
124	81	2135
124	82	767
124	83	1011
124	84	976
124	85	744
124	86	1737
124	87	1062
124	88	1102
124	89	630
124	90	2145
124	91	2237
124	92	1360
124	93	267
124	94	2070
124	95	2080
124	96	1052
124	97	2227
124	98	1062
124	99	1677
124	100	1453
124	101	1667
124	102	1262
124	103	683
124	104	436
124	105	652
124	106	1443
124	107	494
124	108	757
124	109	901
124	110	1112
124	111	640
124	112	10
124	113	966
124	114	218
124	115	1010
124	116	426
124	117	642
124	118	208
124	119	484
124	120	1654
124	121	1350
124	122	257
124	123	1727
124	124	0
124	125	3986
124	126	901
124	127	955
124	128	267
124	129	1737
124	130	10
124	131	3996
124	132	744
124	133	2145
124	134	1021
124	135	1262
124	136	683
124	137	2828
124	138	1362
124	139	3612
124	140	1677
124	141	1453
124	142	767
124	143	1112
124	144	640
124	145	2080
124	146	1062
124	147	2237
124	148	494
124	149	1664
124	150	1360
124	151	976
124	152	1020
124	153	436
124	154	652
124	155	218
124	156	487
124	157	10
125	1	3521
125	2	3437
125	3	3081
125	4	3081
125	5	3672
125	6	3081
125	7	3437
125	8	2986
125	9	3822
125	10	2329
125	11	4569
125	12	3511
125	13	3597
125	14	3071
125	15	4145
125	16	3437
125	17	3521
125	18	3118
125	19	3437
125	20	3437
125	21	3996
125	22	3437
125	23	3081
125	24	2329
125	25	3081
125	26	2986
125	27	3672
125	28	2329
125	29	2986
125	30	3822
125	31	3762
125	32	3521
125	33	3437
125	34	2584
125	35	2667
125	36	3081
125	37	3128
125	38	2734
125	39	3597
125	40	3004
125	41	3762
125	42	2904
125	43	3672
125	44	3822
125	45	4722
125	46	3521
125	47	2986
125	48	3081
125	49	3527
125	50	3344
125	51	3597
125	52	3437
125	53	1927
125	54	3081
125	55	1884
125	56	3521
125	57	4732
125	58	3672
125	59	4145
125	60	3334
125	61	3996
125	62	2986
125	63	10
125	64	2329
125	65	1177
125	66	3527
125	67	2986
125	68	3128
125	69	2657
125	70	2904
125	71	3216
125	72	395
125	73	3427
125	74	3081
125	75	4569
125	76	3216
125	77	2667
125	78	2667
125	79	405
125	80	3597
125	81	1874
125	82	3354
125	83	2976
125	84	4569
125	85	3437
125	86	2296
125	87	3004
125	88	2894
125	89	4135
125	90	1884
125	91	1773
125	92	2734
125	93	3762
125	94	1917
125	95	1927
125	96	2994
125	97	1763
125	98	3004
125	99	2329
125	100	2584
125	101	2319
125	102	4732
125	103	3344
125	104	3672
125	105	3527
125	106	2574
125	107	3597
125	108	3344
125	109	3128
125	110	2904
125	111	4145
125	112	3996
125	113	4559
125	114	3822
125	115	3206
125	116	3662
125	117	3517
125	118	3812
125	119	3587
125	120	2338
125	121	2724
125	122	3752
125	123	2286
125	124	3986
125	125	0
125	126	3128
125	127	3156
125	128	3762
125	129	2296
125	130	3996
125	131	10
125	132	3437
125	133	1884
125	134	2986
125	135	4732
125	136	3344
125	137	1187
125	138	2667
125	139	405
125	140	2329
125	141	2584
125	142	3354
125	143	2904
125	144	4145
125	145	1927
125	146	3004
125	147	1773
125	148	3597
125	149	2348
125	150	2734
125	151	4569
125	152	3216
125	153	3672
125	154	3527
125	155	3822
125	156	3521
125	157	3996
126	1	431
126	2	401
126	3	515
126	4	515
126	5	557
126	6	515
126	7	401
126	8	218
126	9	766
126	10	827
126	11	1532
126	12	431
126	13	651
126	14	515
126	15	1085
126	16	401
126	17	431
126	18	10
126	19	401
126	20	401
126	21	901
126	22	401
126	23	515
126	24	827
126	25	515
126	26	218
126	27	557
126	28	827
126	29	218
126	30	766
126	31	653
126	32	431
126	33	401
126	34	703
126	35	474
126	36	515
126	37	10
126	38	724
126	39	651
126	40	196
126	41	653
126	42	382
126	43	557
126	44	766
126	45	1759
126	46	431
126	47	218
126	48	515
126	49	459
126	50	406
126	51	651
126	52	401
126	53	1216
126	54	515
126	55	1261
126	56	421
126	57	1759
126	58	557
126	59	1085
126	60	406
126	61	901
126	62	218
126	63	3128
126	64	827
126	65	1953
126	66	459
126	67	218
126	68	10
126	69	474
126	70	382
126	71	414
126	72	2739
126	73	401
126	74	505
126	75	1532
126	76	414
126	77	474
126	78	474
126	79	2739
126	80	651
126	81	1261
126	82	297
126	83	218
126	84	1532
126	85	401
126	86	850
126	87	196
126	88	382
126	89	1085
126	90	1261
126	91	1389
126	92	724
126	93	653
126	94	1216
126	95	1216
126	96	196
126	97	1389
126	98	196
126	99	827
126	100	703
126	101	827
126	102	1759
126	103	406
126	104	557
126	105	459
126	106	703
126	107	651
126	108	297
126	109	10
126	110	382
126	111	1085
126	112	901
126	113	1532
126	114	766
126	115	414
126	116	557
126	117	459
126	118	766
126	119	651
126	120	836
126	121	724
126	122	653
126	123	850
126	124	901
126	125	3128
126	126	0
126	127	568
126	128	643
126	129	840
126	130	891
126	131	3118
126	132	391
126	133	1251
126	134	208
126	135	1749
126	136	396
126	137	1943
126	138	464
126	139	2729
126	140	817
126	141	693
126	142	287
126	143	372
126	144	1075
126	145	1206
126	146	186
126	147	1379
126	148	641
126	149	826
126	150	714
126	151	1522
126	152	404
126	153	547
126	154	449
126	155	756
126	156	431
126	157	901
127	1	590
127	2	887
127	3	106
127	4	106
127	5	852
127	6	106
127	7	887
127	8	448
127	9	750
127	10	898
127	11	1838
127	12	590
127	13	482
127	14	106
127	15	1409
127	16	887
127	17	590
127	18	578
127	19	887
127	20	887
127	21	955
127	22	887
127	23	106
127	24	898
127	25	106
127	26	448
127	27	852
127	28	898
127	29	448
127	30	750
127	31	807
127	32	590
127	33	887
127	34	589
127	35	769
127	36	106
127	37	578
127	38	438
127	39	482
127	40	721
127	41	807
127	42	366
127	43	852
127	44	750
127	45	2103
127	46	590
127	47	448
127	48	106
127	49	894
127	50	324
127	51	482
127	52	887
127	53	1287
127	54	106
127	55	1409
127	56	580
127	57	2103
127	58	852
127	59	1409
127	60	324
127	61	955
127	62	448
127	63	3156
127	64	898
127	65	2027
127	66	894
127	67	448
127	68	578
127	69	769
127	70	366
127	71	979
127	72	2788
127	73	887
127	74	96
127	75	1838
127	76	979
127	77	769
127	78	769
127	79	2788
127	80	482
127	81	1409
127	82	796
127	83	448
127	84	1838
127	85	887
127	86	1061
127	87	721
127	88	366
127	89	1409
127	90	1409
127	91	1405
127	92	438
127	93	807
127	94	1287
127	95	1287
127	96	721
127	97	1405
127	98	721
127	99	898
127	100	589
127	101	898
127	102	2103
127	103	324
127	104	852
127	105	894
127	106	589
127	107	482
127	108	796
127	109	578
127	110	366
127	111	1409
127	112	955
127	113	1838
127	114	750
127	115	979
127	116	852
127	117	894
127	118	750
127	119	482
127	120	850
127	121	438
127	122	807
127	123	1061
127	124	955
127	125	3156
127	126	568
127	127	0
127	128	797
127	129	1051
127	130	945
127	131	3146
127	132	877
127	133	1399
127	134	438
127	135	2093
127	136	314
127	137	2017
127	138	759
127	139	2778
127	140	888
127	141	579
127	142	786
127	143	356
127	144	1399
127	145	1277
127	146	711
127	147	1395
127	148	472
127	149	840
127	150	428
127	151	1828
127	152	969
127	153	842
127	154	884
127	155	740
127	156	590
127	157	955
128	1	258
128	2	499
128	3	826
128	4	826
128	5	201
128	6	826
128	7	499
128	8	790
128	9	233
128	10	1447
128	11	1044
128	12	258
128	13	413
128	14	826
128	15	631
128	16	499
128	17	258
128	18	653
128	19	499
128	20	499
128	21	267
128	22	499
128	23	826
128	24	1447
128	25	826
128	26	790
128	27	201
128	28	1447
128	29	790
128	30	233
128	31	10
128	32	258
128	33	499
128	34	1247
128	35	1116
128	36	826
128	37	653
128	38	1179
128	39	413
128	40	809
128	41	10
128	42	898
128	43	201
128	44	233
128	45	1316
128	46	258
128	47	790
128	48	826
128	49	413
128	50	502
128	51	413
128	52	499
128	53	1846
128	54	826
128	55	1902
128	56	248
128	57	1316
128	58	201
128	59	631
128	60	502
128	61	267
128	62	790
128	63	3762
128	64	1447
128	65	2590
128	66	413
128	67	790
128	68	653
128	69	1116
128	70	898
128	71	771
128	72	3376
128	73	499
128	74	816
128	75	1044
128	76	771
128	77	1116
128	78	1116
128	79	3376
128	80	413
128	81	1902
128	82	513
128	83	790
128	84	1044
128	85	499
128	86	1492
128	87	809
128	88	898
128	89	631
128	90	1902
128	91	2010
128	92	1179
128	93	10
128	94	1846
128	95	1846
128	96	809
128	97	2010
128	98	809
128	99	1447
128	100	1247
128	101	1447
128	102	1316
128	103	502
128	104	201
128	105	413
128	106	1247
128	107	413
128	108	513
128	109	653
128	110	898
128	111	631
128	112	267
128	113	1044
128	114	233
128	115	771
128	116	201
128	117	413
128	118	233
128	119	413
128	120	1440
128	121	1179
128	122	10
128	123	1492
128	124	267
128	125	3762
128	126	643
128	127	797
128	128	0
128	129	1482
128	130	257
128	131	3752
128	132	489
128	133	1892
128	134	780
128	135	1306
128	136	492
128	137	2580
128	138	1106
128	139	3366
128	140	1437
128	141	1237
128	142	503
128	143	888
128	144	621
128	145	1836
128	146	799
128	147	2000
128	148	403
128	149	1430
128	150	1169
128	151	1034
128	152	761
128	153	191
128	154	403
128	155	223
128	156	258
128	157	267
129	1	1261
129	2	1155
129	3	967
129	4	967
129	5	1389
129	6	967
129	7	1155
129	8	741
129	9	1584
129	10	257
129	11	2302
129	12	1261
129	13	1403
129	14	967
129	15	1868
129	16	1155
129	17	1261
129	18	850
129	19	1155
129	20	1155
129	21	1737
129	22	1155
129	23	967
129	24	257
129	25	967
129	26	741
129	27	1389
129	28	257
129	29	741
129	30	1584
129	31	1492
129	32	1261
129	33	1155
129	34	564
129	35	387
129	36	967
129	37	850
129	38	769
129	39	1403
129	40	719
129	41	1492
129	42	719
129	43	1389
129	44	1584
129	45	2492
129	46	1261
129	47	741
129	48	967
129	49	1243
129	50	1133
129	51	1403
129	52	1155
129	53	421
129	54	967
129	55	423
129	56	1251
129	57	2492
129	58	1389
129	59	1868
129	60	1133
129	61	1737
129	62	741
129	63	2296
129	64	257
129	65	1119
129	66	1243
129	67	741
129	68	850
129	69	387
129	70	719
129	71	959
129	72	1904
129	73	1155
129	74	957
129	75	2302
129	76	959
129	77	387
129	78	387
129	79	1904
129	80	1403
129	81	423
129	82	1070
129	83	741
129	84	2302
129	85	1155
129	86	10
129	87	719
129	88	719
129	89	1868
129	90	423
129	91	615
129	92	769
129	93	1492
129	94	421
129	95	421
129	96	719
129	97	615
129	98	719
129	99	257
129	100	564
129	101	257
129	102	2492
129	103	1133
129	104	1389
129	105	1243
129	106	564
129	107	1403
129	108	1070
129	109	850
129	110	719
129	111	1868
129	112	1737
129	113	2302
129	114	1584
129	115	959
129	116	1389
129	117	1243
129	118	1584
129	119	1403
129	120	345
129	121	769
129	122	1492
129	123	10
129	124	1737
129	125	2296
129	126	840
129	127	1051
129	128	1482
129	129	0
129	130	1727
129	131	2286
129	132	1145
129	133	413
129	134	731
129	135	2482
129	136	1123
129	137	1109
129	138	377
129	139	1894
129	140	247
129	141	554
129	142	1060
129	143	709
129	144	1858
129	145	411
129	146	709
129	147	605
129	148	1393
129	149	335
129	150	759
129	151	2292
129	152	949
129	153	1379
129	154	1233
129	155	1574
129	156	1261
129	157	1737
130	1	487
130	2	744
130	3	995
130	4	995
130	5	436
130	6	995
130	7	744
130	8	1021
130	9	218
130	10	1677
130	11	976
130	12	487
130	13	494
130	14	995
130	15	640
130	16	744
130	17	487
130	18	901
130	19	744
130	20	744
130	21	10
130	22	744
130	23	995
130	24	1677
130	25	995
130	26	1021
130	27	436
130	28	1677
130	29	1021
130	30	218
130	31	267
130	32	487
130	33	744
130	34	1453
130	35	1362
130	36	995
130	37	901
130	38	1360
130	39	494
130	40	1062
130	41	267
130	42	1112
130	43	436
130	44	218
130	45	1262
130	46	487
130	47	1021
130	48	995
130	49	652
130	50	683
130	51	494
130	52	744
130	53	2080
130	54	995
130	55	2145
130	56	477
130	57	1262
130	58	436
130	59	640
130	60	683
130	61	10
130	62	1021
130	63	3996
130	64	1677
130	65	2828
130	66	652
130	67	1021
130	68	901
130	69	1362
130	70	1112
130	71	1020
130	72	3612
130	73	744
130	74	985
130	75	976
130	76	1020
130	77	1362
130	78	1362
130	79	3612
130	80	494
130	81	2145
130	82	767
130	83	1021
130	84	976
130	85	744
130	86	1737
130	87	1062
130	88	1112
130	89	640
130	90	2145
130	91	2237
130	92	1360
130	93	267
130	94	2080
130	95	2080
130	96	1062
130	97	2237
130	98	1062
130	99	1677
130	100	1453
130	101	1677
130	102	1262
130	103	683
130	104	436
130	105	652
130	106	1453
130	107	494
130	108	767
130	109	901
130	110	1112
130	111	640
130	112	10
130	113	976
130	114	218
130	115	1020
130	116	436
130	117	652
130	118	218
130	119	494
130	120	1664
130	121	1360
130	122	267
130	123	1737
130	124	10
130	125	3996
130	126	891
130	127	945
130	128	257
130	129	1727
130	130	0
130	131	3986
130	132	734
130	133	2135
130	134	1011
130	135	1252
130	136	673
130	137	2818
130	138	1352
130	139	3602
130	140	1667
130	141	1443
130	142	757
130	143	1102
130	144	630
130	145	2070
130	146	1052
130	147	2227
130	148	484
130	149	1654
130	150	1350
130	151	966
130	152	1010
130	153	426
130	154	642
130	155	208
130	156	487
130	157	10
131	1	3521
131	2	3437
131	3	3081
131	4	3081
131	5	3672
131	6	3081
131	7	3437
131	8	2986
131	9	3822
131	10	2329
131	11	4569
131	12	3521
131	13	3597
131	14	3081
131	15	4145
131	16	3437
131	17	3521
131	18	3128
131	19	3437
131	20	3437
131	21	3996
131	22	3437
131	23	3081
131	24	2329
131	25	3081
131	26	2986
131	27	3672
131	28	2329
131	29	2986
131	30	3822
131	31	3762
131	32	3521
131	33	3437
131	34	2584
131	35	2667
131	36	3081
131	37	3128
131	38	2734
131	39	3597
131	40	3004
131	41	3762
131	42	2904
131	43	3672
131	44	3822
131	45	4732
131	46	3521
131	47	2986
131	48	3081
131	49	3527
131	50	3344
131	51	3597
131	52	3437
131	53	1927
131	54	3081
131	55	1884
131	56	3511
131	57	4732
131	58	3672
131	59	4145
131	60	3344
131	61	3996
131	62	2986
131	63	10
131	64	2329
131	65	1187
131	66	3527
131	67	2986
131	68	3128
131	69	2667
131	70	2904
131	71	3216
131	72	405
131	73	3437
131	74	3071
131	75	4569
131	76	3216
131	77	2667
131	78	2667
131	79	405
131	80	3597
131	81	1884
131	82	3354
131	83	2986
131	84	4569
131	85	3437
131	86	2296
131	87	3004
131	88	2904
131	89	4145
131	90	1884
131	91	1773
131	92	2734
131	93	3762
131	94	1927
131	95	1927
131	96	3004
131	97	1773
131	98	3004
131	99	2329
131	100	2584
131	101	2329
131	102	4732
131	103	3344
131	104	3672
131	105	3527
131	106	2584
131	107	3597
131	108	3354
131	109	3128
131	110	2904
131	111	4145
131	112	3996
131	113	4569
131	114	3822
131	115	3216
131	116	3672
131	117	3527
131	118	3822
131	119	3597
131	120	2348
131	121	2734
131	122	3762
131	123	2296
131	124	3996
131	125	10
131	126	3118
131	127	3146
131	128	3752
131	129	2286
131	130	3986
131	131	0
131	132	3427
131	133	1874
131	134	2976
131	135	4722
131	136	3334
131	137	1177
131	138	2657
131	139	395
131	140	2319
131	141	2574
131	142	3344
131	143	2894
131	144	4135
131	145	1917
131	146	2994
131	147	1763
131	148	3587
131	149	2338
131	150	2724
131	151	4559
131	152	3206
131	153	3662
131	154	3517
131	155	3812
131	156	3521
131	157	3996
132	1	426
132	2	10
132	3	850
132	4	850
132	5	319
132	6	850
132	7	10
132	8	607
132	9	700
132	10	1183
132	11	1165
132	12	426
132	13	737
132	14	850
132	15	724
132	16	10
132	17	426
132	18	401
132	19	10
132	20	10
132	21	744
132	22	10
132	23	850
132	24	1183
132	25	850
132	26	607
132	27	319
132	28	1183
132	29	607
132	30	700
132	31	499
132	32	426
132	33	10
132	34	1092
132	35	797
132	36	850
132	37	401
132	38	1109
132	39	737
132	40	453
132	41	499
132	42	769
132	43	319
132	44	700
132	45	1378
132	46	426
132	47	607
132	48	850
132	49	109
132	50	610
132	51	737
132	52	10
132	53	1550
132	54	850
132	55	1563
132	56	416
132	57	1378
132	58	319
132	59	724
132	60	610
132	61	744
132	62	607
132	63	3437
132	64	1183
132	65	2261
132	66	109
132	67	607
132	68	401
132	69	797
132	70	769
132	71	288
132	72	3044
132	73	10
132	74	840
132	75	1165
132	76	288
132	77	797
132	78	797
132	79	3044
132	80	737
132	81	1563
132	82	114
132	83	607
132	84	1165
132	85	10
132	86	1155
132	87	453
132	88	769
132	89	724
132	90	1563
132	91	1733
132	92	1109
132	93	499
132	94	1550
132	95	1550
132	96	453
132	97	1733
132	98	453
132	99	1183
132	100	1092
132	101	1183
132	102	1378
132	103	610
132	104	319
132	105	109
132	106	1092
132	107	737
132	108	114
132	109	401
132	110	769
132	111	724
132	112	744
132	113	1165
132	114	700
132	115	288
132	116	319
132	117	109
132	118	700
132	119	737
132	120	1205
132	121	1109
132	122	499
132	123	1155
132	124	744
132	125	3437
132	126	391
132	127	877
132	128	489
132	129	1145
132	130	734
132	131	3427
132	132	0
132	133	1553
132	134	597
132	135	1368
132	136	600
132	137	2251
132	138	787
132	139	3034
132	140	1173
132	141	1082
132	142	104
132	143	759
132	144	714
132	145	1540
132	146	443
132	147	1723
132	148	727
132	149	1195
132	150	1099
132	151	1155
132	152	278
132	153	309
132	154	99
132	155	690
132	156	426
132	157	744
133	1	1668
133	2	1563
133	3	1319
133	4	1319
133	5	1801
133	6	1319
133	7	1563
133	8	1140
133	9	1986
133	10	522
133	11	2704
133	12	1668
133	13	1791
133	14	1319
133	15	2274
133	16	1563
133	17	1668
133	18	1261
133	19	1563
133	20	1563
133	21	2145
133	22	1563
133	23	1319
133	24	522
133	25	1319
133	26	1140
133	27	1801
133	28	522
133	29	1140
133	30	1986
133	31	1902
133	32	1668
133	33	1563
133	34	848
133	35	798
133	36	1319
133	37	1261
133	38	1047
133	39	1791
133	40	1130
133	41	1902
133	42	1092
133	43	1801
133	44	1986
133	45	2885
133	46	1668
133	47	1140
133	48	1319
133	49	1653
133	50	1524
133	51	1791
133	52	1563
133	53	206
133	54	1319
133	55	10
133	56	1658
133	57	2885
133	58	1801
133	59	2274
133	60	1524
133	61	2145
133	62	1140
133	63	1884
133	64	522
133	65	708
133	66	1653
133	67	1140
133	68	1261
133	69	798
133	70	1092
133	71	1354
133	72	1493
133	73	1563
133	74	1309
133	75	2704
133	76	1354
133	77	798
133	78	798
133	79	1493
133	80	1791
133	81	10
133	82	1480
133	83	1140
133	84	2704
133	85	1563
133	86	423
133	87	1130
133	88	1092
133	89	2274
133	90	10
133	91	331
133	92	1047
133	93	1902
133	94	206
133	95	206
133	96	1130
133	97	331
133	98	1130
133	99	522
133	100	848
133	101	522
133	102	2885
133	103	1524
133	104	1801
133	105	1653
133	106	848
133	107	1791
133	108	1480
133	109	1261
133	110	1092
133	111	2274
133	112	2145
133	113	2704
133	114	1986
133	115	1354
133	116	1801
133	117	1653
133	118	1986
133	119	1791
133	120	579
133	121	1047
133	122	1902
133	123	423
133	124	2145
133	125	1884
133	126	1251
133	127	1399
133	128	1892
133	129	413
133	130	2135
133	131	1874
133	132	1553
133	133	0
133	134	1130
133	135	2875
133	136	1514
133	137	698
133	138	788
133	139	1483
133	140	512
133	141	838
133	142	1470
133	143	1082
133	144	2264
133	145	196
133	146	1120
133	147	321
133	148	1781
133	149	569
133	150	1037
133	151	2694
133	152	1344
133	153	1791
133	154	1643
133	155	1976
133	156	1668
133	157	2145
134	1	546
134	2	607
134	3	365
134	4	365
134	5	730
134	6	365
134	7	607
134	8	10
134	9	856
134	10	668
134	11	1724
134	12	546
134	13	677
134	14	365
134	15	1277
134	16	607
134	17	546
134	18	218
134	19	607
134	20	607
134	21	1021
134	22	607
134	23	365
134	24	668
134	25	365
134	26	10
134	27	730
134	28	668
134	29	10
134	30	856
134	31	790
134	32	546
134	33	607
134	34	501
134	35	383
134	36	365
134	37	218
134	38	518
134	39	677
134	40	294
134	41	790
134	42	176
134	43	730
134	44	856
134	45	1958
134	46	546
134	47	10
134	48	365
134	49	660
134	50	406
134	51	677
134	52	607
134	53	1070
134	54	365
134	55	1140
134	56	536
134	57	1958
134	58	730
134	59	1277
134	60	406
134	61	1021
134	62	10
134	63	2986
134	64	668
134	65	1817
134	66	660
134	67	10
134	68	218
134	69	383
134	70	176
134	71	596
134	72	2601
134	73	607
134	74	355
134	75	1724
134	76	596
134	77	383
134	78	383
134	79	2601
134	80	677
134	81	1140
134	82	504
134	83	10
134	84	1724
134	85	607
134	86	741
134	87	294
134	88	176
134	89	1277
134	90	1140
134	91	1231
134	92	518
134	93	790
134	94	1070
134	95	1070
134	96	294
134	97	1231
134	98	294
134	99	668
134	100	501
134	101	668
134	102	1958
134	103	406
134	104	730
134	105	660
134	106	501
134	107	677
134	108	504
134	109	218
134	110	176
134	111	1277
134	112	1021
134	113	1724
134	114	856
134	115	596
134	116	730
134	117	660
134	118	856
134	119	677
134	120	662
134	121	518
134	122	790
134	123	741
134	124	1021
134	125	2986
134	126	208
134	127	438
134	128	780
134	129	731
134	130	1011
134	131	2976
134	132	597
134	133	1130
134	134	0
134	135	1948
134	136	396
134	137	1807
134	138	373
134	139	2591
134	140	658
134	141	491
134	142	494
134	143	166
134	144	1267
134	145	1060
134	146	284
134	147	1221
134	148	667
134	149	652
134	150	508
134	151	1714
134	152	586
134	153	720
134	154	650
134	155	846
134	156	546
134	157	1021
135	1	1525
135	2	1378
135	3	2108
135	4	2108
135	5	1270
135	6	2108
135	7	1378
135	8	1958
135	9	1449
135	10	2548
135	11	298
135	12	1525
135	13	1707
135	14	2108
135	15	706
135	16	1378
135	17	1525
135	18	1759
135	19	1378
135	20	1378
135	21	1262
135	22	1378
135	23	2108
135	24	2548
135	25	2108
135	26	1958
135	27	1270
135	28	2548
135	29	1958
135	30	1449
135	31	1316
135	32	1525
135	33	1378
135	34	2449
135	35	2156
135	36	2108
135	37	1759
135	38	2433
135	39	1707
135	40	1815
135	41	1316
135	42	2109
135	43	1270
135	44	1449
135	45	10
135	46	1525
135	47	1958
135	48	2108
135	49	1311
135	50	1791
135	51	1707
135	52	1378
135	53	2899
135	54	2108
135	55	2885
135	56	1515
135	57	10
135	58	1270
135	59	706
135	60	1791
135	61	1262
135	62	1958
135	63	4732
135	64	2548
135	65	3573
135	66	1311
135	67	1958
135	68	1759
135	69	2156
135	70	2109
135	71	1544
135	72	4338
135	73	1378
135	74	2098
135	75	298
135	76	1544
135	77	2156
135	78	2156
135	79	4338
135	80	1707
135	81	2885
135	82	1479
135	83	1958
135	84	298
135	85	1378
135	86	2492
135	87	1815
135	88	2109
135	89	706
135	90	2885
135	91	3087
135	92	2433
135	93	1316
135	94	2899
135	95	2899
135	96	1815
135	97	3087
135	98	1815
135	99	2548
135	100	2449
135	101	2548
135	102	10
135	103	1791
135	104	1270
135	105	1311
135	106	2449
135	107	1707
135	108	1479
135	109	1759
135	110	2109
135	111	706
135	112	1262
135	113	298
135	114	1449
135	115	1544
135	116	1270
135	117	1311
135	118	1449
135	119	1707
135	120	2572
135	121	2433
135	122	1316
135	123	2492
135	124	1262
135	125	4732
135	126	1749
135	127	2093
135	128	1306
135	129	2482
135	130	1252
135	131	4722
135	132	1368
135	133	2875
135	134	1948
135	135	0
135	136	1781
135	137	3563
135	138	2146
135	139	4328
135	140	2538
135	141	2439
135	142	1469
135	143	2099
135	144	696
135	145	2889
135	146	1805
135	147	3077
135	148	1697
135	149	2562
135	150	2423
135	151	288
135	152	1534
135	153	1260
135	154	1301
135	155	1439
135	156	1525
135	157	1262
136	1	276
136	2	610
136	3	334
136	4	334
136	5	539
136	6	334
136	7	610
136	8	406
136	9	493
136	10	1031
136	11	1527
136	12	276
136	13	281
136	14	334
136	15	1096
136	16	610
136	17	276
136	18	406
136	19	610
136	20	610
136	21	683
136	22	610
136	23	334
136	24	1031
136	25	334
136	26	406
136	27	539
136	28	1031
136	29	406
136	30	493
136	31	502
136	32	276
136	33	610
136	34	782
136	35	779
136	36	334
136	37	406
136	38	691
136	39	281
136	40	588
136	41	502
136	42	451
136	43	539
136	44	493
136	45	1791
136	46	276
136	47	406
136	48	334
136	49	599
136	50	10
136	51	281
136	52	610
136	53	1436
136	54	334
136	55	1524
136	56	266
136	57	1791
136	58	539
136	59	1096
136	60	10
136	61	683
136	62	406
136	63	3344
136	64	1031
136	65	2186
136	66	599
136	67	406
136	68	406
136	69	779
136	70	451
136	71	762
136	72	2964
136	73	610
136	74	324
136	75	1527
136	76	762
136	77	779
136	78	779
136	79	2964
136	80	281
136	81	1524
136	82	533
136	83	406
136	84	1527
136	85	610
136	86	1133
136	87	588
136	88	451
136	89	1096
136	90	1524
136	91	1581
136	92	691
136	93	502
136	94	1436
136	95	1436
136	96	588
136	97	1581
136	98	588
136	99	1031
136	100	782
136	101	1031
136	102	1791
136	103	10
136	104	539
136	105	599
136	106	782
136	107	281
136	108	533
136	109	406
136	110	451
136	111	1096
136	112	683
136	113	1527
136	114	493
136	115	762
136	116	539
136	117	599
136	118	493
136	119	281
136	120	1006
136	121	691
136	122	502
136	123	1133
136	124	683
136	125	3344
136	126	396
136	127	314
136	128	492
136	129	1123
136	130	673
136	131	3334
136	132	600
136	133	1514
136	134	396
136	135	1781
136	136	0
136	137	2176
136	138	769
136	139	2954
136	140	1021
136	141	772
136	142	523
136	143	441
136	144	1086
136	145	1426
136	146	578
136	147	1571
136	148	271
136	149	996
136	150	681
136	151	1517
136	152	752
136	153	529
136	154	589
136	155	483
136	156	276
136	157	683
137	1	2351
137	2	2261
137	3	1945
137	4	1945
137	5	2496
137	6	1945
137	7	2261
137	8	1817
137	9	2660
137	10	1166
137	11	3399
137	12	2351
137	13	2447
137	14	1945
137	15	2971
137	16	2261
137	17	2351
137	18	1953
137	19	2261
137	20	2261
137	21	2828
137	22	2261
137	23	1945
137	24	1166
137	25	1945
137	26	1817
137	27	2496
137	28	1166
137	29	1817
137	30	2660
137	31	2590
137	32	2351
137	33	2261
137	34	1448
137	35	1491
137	36	1945
137	37	1953
137	38	1621
137	39	2447
137	40	1827
137	41	2590
137	42	1747
137	43	2496
137	44	2660
137	45	3573
137	46	2351
137	47	1817
137	48	1945
137	49	2351
137	50	2186
137	51	2447
137	52	2261
137	53	761
137	54	1945
137	55	708
137	56	2341
137	57	3573
137	58	2496
137	59	2971
137	60	2186
137	61	2828
137	62	1817
137	63	1187
137	64	1166
137	65	10
137	66	2351
137	67	1817
137	68	1953
137	69	1491
137	70	1747
137	71	2047
137	72	797
137	73	2261
137	74	1935
137	75	3399
137	76	2047
137	77	1491
137	78	1491
137	79	797
137	80	2447
137	81	708
137	82	2178
137	83	1817
137	84	3399
137	85	2261
137	86	1119
137	87	1827
137	88	1747
137	89	2971
137	90	708
137	91	635
137	92	1621
137	93	2590
137	94	761
137	95	761
137	96	1827
137	97	635
137	98	1827
137	99	1166
137	100	1448
137	101	1166
137	102	3573
137	103	2186
137	104	2496
137	105	2351
137	106	1448
137	107	2447
137	108	2178
137	109	1953
137	110	1747
137	111	2971
137	112	2828
137	113	3399
137	114	2660
137	115	2047
137	116	2496
137	117	2351
137	118	2660
137	119	2447
137	120	1195
137	121	1621
137	122	2590
137	123	1119
137	124	2828
137	125	1187
137	126	1943
137	127	2017
137	128	2580
137	129	1109
137	130	2818
137	131	1177
137	132	2251
137	133	698
137	134	1807
137	135	3563
137	136	2176
137	137	0
137	138	1481
137	139	787
137	140	1156
137	141	1438
137	142	2168
137	143	1737
137	144	2961
137	145	751
137	146	1817
137	147	625
137	148	2437
137	149	1185
137	150	1611
137	151	3389
137	152	2037
137	153	2486
137	154	2341
137	155	2650
137	156	2351
137	157	2828
138	1	887
138	2	797
138	3	675
138	4	675
138	5	1015
138	6	675
138	7	797
138	8	383
138	9	1214
138	10	406
138	11	1951
138	12	887
138	13	1049
138	14	675
138	15	1511
138	16	797
138	17	887
138	18	474
138	19	797
138	20	797
138	21	1362
138	22	797
138	23	675
138	24	406
138	25	675
138	26	383
138	27	1015
138	28	406
138	29	383
138	30	1214
138	31	1116
138	32	887
138	33	797
138	34	465
138	35	10
138	36	675
138	37	474
138	38	617
138	39	1049
138	40	355
138	41	1116
138	42	414
138	43	1015
138	44	1214
138	45	2156
138	46	887
138	47	383
138	48	675
138	49	880
138	50	779
138	51	1049
138	52	797
138	53	764
138	54	675
138	55	798
138	56	877
138	57	2156
138	58	1015
138	59	1511
138	60	779
138	61	1362
138	62	383
138	63	2667
138	64	406
138	65	1491
138	66	880
138	67	383
138	68	474
138	69	10
138	70	414
138	71	641
138	72	2277
138	73	797
138	74	665
138	75	1951
138	76	641
138	77	10
138	78	10
138	79	2277
138	80	1049
138	81	798
138	82	706
138	83	383
138	84	1951
138	85	797
138	86	387
138	87	355
138	88	414
138	89	1511
138	90	798
138	91	946
138	92	617
138	93	1116
138	94	764
138	95	764
138	96	355
138	97	946
138	98	355
138	99	406
138	100	465
138	101	406
138	102	2156
138	103	779
138	104	1015
138	105	880
138	106	465
138	107	1049
138	108	706
138	109	474
138	110	414
138	111	1511
138	112	1362
138	113	1951
138	114	1214
138	115	641
138	116	1015
138	117	880
138	118	1214
138	119	1049
138	120	447
138	121	617
138	122	1116
138	123	387
138	124	1362
138	125	2667
138	126	464
138	127	759
138	128	1106
138	129	377
138	130	1352
138	131	2657
138	132	787
138	133	788
138	134	373
138	135	2146
138	136	769
138	137	1481
138	138	0
138	139	2267
138	140	396
138	141	455
138	142	696
138	143	404
138	144	1501
138	145	754
138	146	345
138	147	936
138	148	1039
138	149	437
138	150	607
138	151	1941
138	152	631
138	153	1005
138	154	870
138	155	1204
138	156	887
138	157	1362
139	1	3136
139	2	3044
139	3	2710
139	4	2710
139	5	3282
139	6	2710
139	7	3044
139	8	2601
139	9	3441
139	10	1947
139	11	4174
139	12	3136
139	13	3221
139	14	2710
139	15	3751
139	16	3044
139	17	3136
139	18	2739
139	19	3044
139	20	3044
139	21	3612
139	22	3044
139	23	2710
139	24	1947
139	25	2710
139	26	2601
139	27	3282
139	28	1947
139	29	2601
139	30	3441
139	31	3376
139	32	3136
139	33	3044
139	34	2212
139	35	2277
139	36	2710
139	37	2739
139	38	2370
139	39	3221
139	40	2612
139	41	3376
139	42	2524
139	43	3282
139	44	3441
139	45	4338
139	46	3136
139	47	2601
139	48	2710
139	49	3135
139	50	2964
139	51	3221
139	52	3044
139	53	1542
139	54	2710
139	55	1493
139	56	3126
139	57	4338
139	58	3282
139	59	3751
139	60	2964
139	61	3612
139	62	2601
139	63	405
139	64	1947
139	65	797
139	66	3135
139	67	2601
139	68	2739
139	69	2277
139	70	2524
139	71	2822
139	72	10
139	73	3044
139	74	2700
139	75	4174
139	76	2822
139	77	2277
139	78	2277
139	79	10
139	80	3221
139	81	1493
139	82	2962
139	83	2601
139	84	4174
139	85	3044
139	86	1904
139	87	2612
139	88	2524
139	89	3751
139	90	1493
139	91	1396
139	92	2370
139	93	3376
139	94	1542
139	95	1542
139	96	2612
139	97	1396
139	98	2612
139	99	1947
139	100	2212
139	101	1947
139	102	4338
139	103	2964
139	104	3282
139	105	3135
139	106	2212
139	107	3221
139	108	2962
139	109	2739
139	110	2524
139	111	3751
139	112	3612
139	113	4174
139	114	3441
139	115	2822
139	116	3282
139	117	3135
139	118	3441
139	119	3221
139	120	1969
139	121	2370
139	122	3376
139	123	1904
139	124	3612
139	125	405
139	126	2729
139	127	2778
139	128	3366
139	129	1894
139	130	3602
139	131	395
139	132	3034
139	133	1483
139	134	2591
139	135	4328
139	136	2954
139	137	787
139	138	2267
139	139	0
139	140	1937
139	141	2202
139	142	2952
139	143	2514
139	144	3741
139	145	1532
139	146	2602
139	147	1386
139	148	3211
139	149	1959
139	150	2360
139	151	4164
139	152	2812
139	153	3272
139	154	3125
139	155	3431
139	156	3136
139	157	3612
140	1	1204
140	2	1183
140	3	808
140	4	808
140	5	1373
140	6	808
140	7	1183
140	8	668
140	9	1505
140	10	10
140	11	2337
140	12	1204
140	13	1294
140	14	808
140	15	1893
140	16	1183
140	17	1204
140	18	827
140	19	1183
140	20	1183
140	21	1677
140	22	1183
140	23	808
140	24	10
140	25	808
140	26	668
140	27	1373
140	28	10
140	29	668
140	30	1505
140	31	1447
140	32	1204
140	33	1183
140	34	345
140	35	406
140	36	808
140	37	827
140	38	551
140	39	1294
140	40	744
140	41	1447
140	42	592
140	43	1373
140	44	1505
140	45	2548
140	46	1204
140	47	668
140	48	808
140	49	1261
140	50	1031
140	51	1294
140	52	1183
140	53	415
140	54	808
140	55	522
140	56	1194
140	57	2548
140	58	1373
140	59	1893
140	60	1031
140	61	1677
140	62	668
140	63	2329
140	64	10
140	65	1166
140	66	1261
140	67	668
140	68	827
140	69	406
140	70	592
140	71	1036
140	72	1947
140	73	1183
140	74	798
140	75	2337
140	76	1036
140	77	406
140	78	406
140	79	1947
140	80	1294
140	81	522
140	82	1087
140	83	668
140	84	2337
140	85	1183
140	86	257
140	87	744
140	88	592
140	89	1893
140	90	522
140	91	574
140	92	551
140	93	1447
140	94	415
140	95	415
140	96	744
140	97	574
140	98	744
140	99	10
140	100	345
140	101	10
140	102	2548
140	103	1031
140	104	1373
140	105	1261
140	106	345
140	107	1294
140	108	1087
140	109	827
140	110	592
140	111	1893
140	112	1677
140	113	2337
140	114	1505
140	115	1036
140	116	1373
140	117	1261
140	118	1505
140	119	1294
140	120	98
140	121	551
140	122	1447
140	123	257
140	124	1677
140	125	2329
140	126	817
140	127	888
140	128	1437
140	129	247
140	130	1667
140	131	2319
140	132	1173
140	133	512
140	134	658
140	135	2538
140	136	1021
140	137	1156
140	138	396
140	139	1937
140	140	0
140	141	335
140	142	1077
140	143	582
140	144	1883
140	145	405
140	146	734
140	147	564
140	148	1284
140	149	88
140	150	541
140	151	2327
140	152	1026
140	153	1363
140	154	1251
140	155	1495
140	156	1204
140	157	1677
141	1	1000
141	2	1092
141	3	508
141	4	508
141	5	1213
141	6	508
141	7	1092
141	8	501
141	9	1264
141	10	345
141	11	2213
141	12	1000
141	13	1025
141	14	508
141	15	1766
141	16	1092
141	17	1000
141	18	703
141	19	1092
141	20	1092
141	21	1453
141	22	1092
141	23	508
141	24	345
141	25	508
141	26	501
141	27	1213
141	28	345
141	29	501
141	30	1264
141	31	1247
141	32	1000
141	33	1092
141	34	10
141	35	465
141	36	508
141	37	703
141	38	217
141	39	1025
141	40	699
141	41	1247
141	42	360
141	43	1213
141	44	1264
141	45	2449
141	46	1000
141	47	501
141	48	508
141	49	1149
141	50	782
141	51	1025
141	52	1092
141	53	712
141	54	508
141	55	848
141	56	990
141	57	2449
141	58	1213
141	59	1766
141	60	782
141	61	1453
141	62	501
141	63	2584
141	64	345
141	65	1448
141	66	1149
141	67	501
141	68	703
141	69	465
141	70	360
141	71	1024
141	72	2212
141	73	1092
141	74	498
141	75	2213
141	76	1024
141	77	465
141	78	465
141	79	2212
141	80	1025
141	81	848
141	82	988
141	83	501
141	84	2213
141	85	1092
141	86	564
141	87	699
141	88	360
141	89	1766
141	90	848
141	91	827
141	92	217
141	93	1247
141	94	712
141	95	712
141	96	699
141	97	827
141	98	699
141	99	345
141	100	10
141	101	345
141	102	2449
141	103	782
141	104	1213
141	105	1149
141	106	10
141	107	1025
141	108	988
141	109	703
141	110	360
141	111	1766
141	112	1453
141	113	2213
141	114	1264
141	115	1024
141	116	1213
141	117	1149
141	118	1264
141	119	1025
141	120	280
141	121	217
141	122	1247
141	123	564
141	124	1453
141	125	2584
141	126	693
141	127	579
141	128	1237
141	129	554
141	130	1443
141	131	2574
141	132	1082
141	133	838
141	134	491
141	135	2439
141	136	772
141	137	1438
141	138	455
141	139	2202
141	140	335
141	141	0
141	142	978
141	143	350
141	144	1756
141	145	702
141	146	689
141	147	817
141	148	1015
141	149	270
141	150	207
141	151	2203
141	152	1014
141	153	1203
141	154	1139
141	155	1254
141	156	1000
141	157	1453
142	1	387
142	2	114
142	3	755
142	4	755
142	5	354
142	6	755
142	7	114
142	8	504
142	9	695
142	10	1087
142	11	1260
142	12	387
142	13	691
142	14	755
142	15	816
142	16	114
142	17	387
142	18	297
142	19	114
142	20	114
142	21	767
142	22	114
142	23	755
142	24	1087
142	25	755
142	26	504
142	27	354
142	28	1087
142	29	504
142	30	695
142	31	513
142	32	387
142	33	114
142	34	988
142	35	706
142	36	755
142	37	297
142	38	1006
142	39	691
142	40	362
142	41	513
142	42	665
142	43	354
142	44	695
142	45	1479
142	46	387
142	47	504
142	48	755
142	49	185
142	50	533
142	51	691
142	52	114
142	53	1460
142	54	755
142	55	1480
142	56	377
142	57	1479
142	58	354
142	59	816
142	60	533
142	61	767
142	62	504
142	63	3354
142	64	1087
142	65	2178
142	66	185
142	67	504
142	68	297
142	69	706
142	70	665
142	71	278
142	72	2962
142	73	114
142	74	745
142	75	1260
142	76	278
142	77	706
142	78	706
142	79	2962
142	80	691
142	81	1480
142	82	10
142	83	504
142	84	1260
142	85	114
142	86	1070
142	87	362
142	88	665
142	89	816
142	90	1480
142	91	1641
142	92	1006
142	93	513
142	94	1460
142	95	1460
142	96	362
142	97	1641
142	98	362
142	99	1087
142	100	988
142	101	1087
142	102	1479
142	103	533
142	104	354
142	105	185
142	106	988
142	107	691
142	108	10
142	109	297
142	110	665
142	111	816
142	112	767
142	113	1260
142	114	695
142	115	278
142	116	354
142	117	185
142	118	695
142	119	691
142	120	1106
142	121	1006
142	122	513
142	123	1070
142	124	767
142	125	3354
142	126	287
142	127	786
142	128	503
142	129	1060
142	130	757
142	131	3344
142	132	104
142	133	1470
142	134	494
142	135	1469
142	136	523
142	137	2168
142	138	696
142	139	2952
142	140	1077
142	141	978
142	142	0
142	143	655
142	144	806
142	145	1450
142	146	352
142	147	1631
142	148	681
142	149	1096
142	150	996
142	151	1250
142	152	268
142	153	344
142	154	175
142	155	685
142	156	387
142	157	767
143	1	651
143	2	769
143	3	272
143	4	272
143	5	864
143	6	272
143	7	769
143	8	176
143	9	930
143	10	592
143	11	1868
143	12	651
143	13	712
143	14	272
143	15	1421
143	16	769
143	17	651
143	18	382
143	19	769
143	20	769
143	21	1112
143	22	769
143	23	272
143	24	592
143	25	272
143	26	176
143	27	864
143	28	592
143	29	176
143	30	930
143	31	898
143	32	651
143	33	769
143	34	360
143	35	414
143	36	272
143	37	382
143	38	353
143	39	712
143	40	445
143	41	898
143	42	10
143	43	864
143	44	930
143	45	2109
143	46	651
143	47	176
143	48	272
143	49	815
143	50	451
143	51	712
143	52	769
143	53	996
143	54	272
143	55	1092
143	56	641
143	57	2109
143	58	864
143	59	1421
143	60	451
143	61	1112
143	62	176
143	63	2904
143	64	592
143	65	1747
143	66	815
143	67	176
143	68	382
143	69	414
143	70	10
143	71	758
143	72	2524
143	73	769
143	74	262
143	75	1868
143	76	758
143	77	414
143	78	414
143	79	2524
143	80	712
143	81	1092
143	82	665
143	83	176
143	84	1868
143	85	769
143	86	719
143	87	445
143	88	10
143	89	1421
143	90	1092
143	91	1141
143	92	353
143	93	898
143	94	996
143	95	996
143	96	445
143	97	1141
143	98	445
143	99	592
143	100	360
143	101	592
143	102	2109
143	103	451
143	104	864
143	105	815
143	106	360
143	107	712
143	108	665
143	109	382
143	110	10
143	111	1421
143	112	1112
143	113	1868
143	114	930
143	115	758
143	116	864
143	117	815
143	118	930
143	119	712
143	120	566
143	121	353
143	122	898
143	123	719
143	124	1112
143	125	2904
143	126	372
143	127	356
143	128	888
143	129	709
143	130	1102
143	131	2894
143	132	759
143	133	1082
143	134	166
143	135	2099
143	136	441
143	137	1737
143	138	404
143	139	2514
143	140	582
143	141	350
143	142	655
143	143	0
143	144	1411
143	145	986
143	146	435
143	147	1131
143	148	702
143	149	556
143	150	343
143	151	1858
143	152	748
143	153	854
143	154	805
143	155	920
143	156	651
143	157	1112
144	1	830
144	2	724
144	3	1413
144	4	1413
144	5	575
144	6	1413
144	7	724
144	8	1277
144	9	795
144	10	1893
144	11	458
144	12	830
144	13	1031
144	14	1413
144	15	10
144	16	724
144	17	830
144	18	1085
144	19	724
144	20	724
144	21	640
144	22	724
144	23	1413
144	24	1893
144	25	1413
144	26	1277
144	27	575
144	28	1893
144	29	1277
144	30	795
144	31	631
144	32	830
144	33	724
144	34	1766
144	35	1511
144	36	1413
144	37	1085
144	38	1740
144	39	1031
144	40	1166
144	41	631
144	42	1421
144	43	575
144	44	795
144	45	706
144	46	830
144	47	1277
144	48	1413
144	49	643
144	50	1096
144	51	1031
144	52	724
144	53	2264
144	54	1413
144	55	2274
144	56	820
144	57	706
144	58	575
144	59	10
144	60	1096
144	61	640
144	62	1277
144	63	4145
144	64	1893
144	65	2971
144	66	643
144	67	1277
144	68	1085
144	69	1511
144	70	1421
144	71	944
144	72	3751
144	73	724
144	74	1403
144	75	458
144	76	944
144	77	1511
144	78	1511
144	79	3751
144	80	1031
144	81	2274
144	82	816
144	83	1277
144	84	458
144	85	724
144	86	1868
144	87	1166
144	88	1421
144	89	10
144	90	2274
144	91	2446
144	92	1740
144	93	631
144	94	2264
144	95	2264
144	96	1166
144	97	2446
144	98	1166
144	99	1893
144	100	1766
144	101	1893
144	102	706
144	103	1096
144	104	575
144	105	643
144	106	1766
144	107	1031
144	108	816
144	109	1085
144	110	1421
144	111	10
144	112	640
144	113	458
144	114	795
144	115	944
144	116	575
144	117	643
144	118	795
144	119	1031
144	120	1908
144	121	1740
144	122	631
144	123	1868
144	124	640
144	125	4145
144	126	1075
144	127	1399
144	128	621
144	129	1858
144	130	630
144	131	4135
144	132	714
144	133	2264
144	134	1267
144	135	696
144	136	1086
144	137	2961
144	138	1501
144	139	3741
144	140	1883
144	141	1756
144	142	806
144	143	1411
144	144	0
144	145	2254
144	146	1156
144	147	2436
144	148	1021
144	149	1898
144	150	1730
144	151	448
144	152	934
144	153	565
144	154	633
144	155	785
144	156	830
144	157	640
145	1	1605
145	2	1550
145	3	1201
145	4	1201
145	5	1763
145	6	1201
145	7	1550
145	8	1070
145	9	1910
145	10	415
145	11	2703
145	12	1605
145	13	1697
145	14	1201
145	15	2264
145	16	1550
145	17	1605
145	18	1216
145	19	1550
145	20	1550
145	21	2080
145	22	1550
145	23	1201
145	24	415
145	25	1201
145	26	1070
145	27	1763
145	28	415
145	29	1070
145	30	1910
145	31	1846
145	32	1605
145	33	1550
145	34	712
145	35	764
145	36	1201
145	37	1216
145	38	900
145	39	1697
145	40	1109
145	41	1846
145	42	996
145	43	1763
145	44	1910
145	45	2899
145	46	1605
145	47	1070
145	48	1201
145	49	1634
145	50	1436
145	51	1697
145	52	1550
145	53	10
145	54	1201
145	55	206
145	56	1595
145	57	2899
145	58	1763
145	59	2264
145	60	1436
145	61	2080
145	62	1070
145	63	1927
145	64	415
145	65	761
145	66	1634
145	67	1070
145	68	1216
145	69	764
145	70	996
145	71	1367
145	72	1542
145	73	1550
145	74	1191
145	75	2703
145	76	1367
145	77	764
145	78	764
145	79	1542
145	80	1697
145	81	206
145	82	1460
145	83	1070
145	84	2703
145	85	1550
145	86	421
145	87	1109
145	88	996
145	89	2264
145	90	206
145	91	205
145	92	900
145	93	1846
145	94	10
145	95	10
145	96	1109
145	97	205
145	98	1109
145	99	415
145	100	712
145	101	415
145	102	2899
145	103	1436
145	104	1763
145	105	1634
145	106	712
145	107	1697
145	108	1460
145	109	1216
145	110	996
145	111	2264
145	112	2080
145	113	2703
145	114	1910
145	115	1367
145	116	1763
145	117	1634
145	118	1910
145	119	1697
145	120	449
145	121	900
145	122	1846
145	123	421
145	124	2080
145	125	1927
145	126	1206
145	127	1277
145	128	1836
145	129	411
145	130	2070
145	131	1917
145	132	1540
145	133	196
145	134	1060
145	135	2889
145	136	1426
145	137	751
145	138	754
145	139	1532
145	140	405
145	141	702
145	142	1450
145	143	986
145	144	2254
145	145	0
145	146	1099
145	147	195
145	148	1687
145	149	439
145	150	890
145	151	2693
145	152	1357
145	153	1753
145	154	1624
145	155	1900
145	156	1605
145	157	2080
146	1	604
146	2	453
146	3	644
146	4	644
146	5	685
146	6	644
146	7	453
146	8	294
146	9	941
146	10	744
146	11	1607
146	12	604
146	13	836
146	14	644
146	15	1166
146	16	453
146	17	604
146	18	196
146	19	453
146	20	453
146	21	1062
146	22	453
146	23	644
146	24	744
146	25	644
146	26	294
146	27	685
146	28	744
146	29	294
146	30	941
146	31	809
146	32	604
146	33	453
146	34	699
146	35	355
146	36	644
146	37	196
146	38	772
146	39	836
146	40	10
146	41	809
146	42	445
146	43	685
146	44	941
146	45	1815
146	46	604
146	47	294
146	48	644
146	49	537
146	50	588
146	51	836
146	52	453
146	53	1109
146	54	644
146	55	1130
146	56	594
146	57	1815
146	58	685
146	59	1166
146	60	588
146	61	1062
146	62	294
146	63	3004
146	64	744
146	65	1827
146	66	537
146	67	294
146	68	196
146	69	355
146	70	445
146	71	336
146	72	2612
146	73	453
146	74	634
146	75	1607
146	76	336
146	77	355
146	78	355
146	79	2612
146	80	836
146	81	1130
146	82	362
146	83	294
146	84	1607
146	85	453
146	86	719
146	87	10
146	88	445
146	89	1166
146	90	1130
146	91	1291
146	92	772
146	93	809
146	94	1109
146	95	1109
146	96	10
146	97	1291
146	98	10
146	99	744
146	100	699
146	101	744
146	102	1815
146	103	588
146	104	685
146	105	537
146	106	699
146	107	836
146	108	362
146	109	196
146	110	445
146	111	1166
146	112	1062
146	113	1607
146	114	941
146	115	336
146	116	685
146	117	537
146	118	941
146	119	836
146	120	771
146	121	772
146	122	809
146	123	719
146	124	1062
146	125	3004
146	126	186
146	127	711
146	128	799
146	129	709
146	130	1052
146	131	2994
146	132	443
146	133	1120
146	134	284
146	135	1805
146	136	578
146	137	1817
146	138	345
146	139	2602
146	140	734
146	141	689
146	142	352
146	143	435
146	144	1156
146	145	1099
146	146	0
146	147	1281
146	148	826
146	149	761
146	150	762
146	151	1597
146	152	326
146	153	675
146	154	527
146	155	931
146	156	604
146	157	1062
147	1	1766
147	2	1733
147	3	1325
147	4	1325
147	5	1935
147	6	1325
147	7	1733
147	8	1231
147	9	2060
147	10	574
147	11	2887
147	12	1766
147	13	1836
147	14	1325
147	15	2446
147	16	1733
147	17	1766
147	18	1389
147	19	1733
147	20	1733
147	21	2237
147	22	1733
147	23	1325
147	24	574
147	25	1325
147	26	1231
147	27	1935
147	28	574
147	29	1231
147	30	2060
147	31	2010
147	32	1766
147	33	1733
147	34	827
147	35	946
147	36	1325
147	37	1389
147	38	996
147	39	1836
147	40	1291
147	41	2010
147	42	1141
147	43	1935
147	44	2060
147	45	3087
147	46	1766
147	47	1231
147	48	1325
147	49	1815
147	50	1581
147	51	1836
147	52	1733
147	53	205
147	54	1325
147	55	331
147	56	1756
147	57	3087
147	58	1935
147	59	2446
147	60	1581
147	61	2237
147	62	1231
147	63	1773
147	64	574
147	65	635
147	66	1815
147	67	1231
147	68	1389
147	69	946
147	70	1141
147	71	1558
147	72	1396
147	73	1733
147	74	1315
147	75	2887
147	76	1558
147	77	946
147	78	946
147	79	1396
147	80	1836
147	81	331
147	82	1641
147	83	1231
147	84	2887
147	85	1733
147	86	615
147	87	1291
147	88	1141
147	89	2446
147	90	331
147	91	10
147	92	996
147	93	2010
147	94	205
147	95	205
147	96	1291
147	97	10
147	98	1291
147	99	574
147	100	827
147	101	574
147	102	3087
147	103	1581
147	104	1935
147	105	1815
147	106	827
147	107	1836
147	108	1641
147	109	1389
147	110	1141
147	111	2446
147	112	2237
147	113	2887
147	114	2060
147	115	1558
147	116	1935
147	117	1815
147	118	2060
147	119	1836
147	120	585
147	121	996
147	122	2010
147	123	615
147	124	2237
147	125	1773
147	126	1379
147	127	1395
147	128	2000
147	129	605
147	130	2227
147	131	1763
147	132	1723
147	133	321
147	134	1221
147	135	3077
147	136	1571
147	137	625
147	138	936
147	139	1386
147	140	564
147	141	817
147	142	1631
147	143	1131
147	144	2436
147	145	195
147	146	1281
147	147	0
147	148	1826
147	149	575
147	150	986
147	151	2877
147	152	1548
147	153	1925
147	154	1805
147	155	2050
147	156	1766
147	157	2237
148	1	322
148	2	737
148	3	537
148	4	537
148	5	543
148	6	537
148	7	737
148	8	677
148	9	287
148	10	1294
148	11	1428
148	12	322
148	13	10
148	14	537
148	15	1031
148	16	737
148	17	322
148	18	651
148	19	737
148	20	737
148	21	494
148	22	737
148	23	537
148	24	1294
148	25	537
148	26	677
148	27	543
148	28	1294
148	29	677
148	30	287
148	31	413
148	32	322
148	33	737
148	34	1025
148	35	1049
148	36	537
148	37	651
148	38	903
148	39	10
148	40	836
148	41	413
148	42	712
148	43	543
148	44	287
148	45	1707
148	46	322
148	47	677
148	48	537
148	49	690
148	50	281
148	51	10
148	52	737
148	53	1697
148	54	537
148	55	1791
148	56	312
148	57	1707
148	58	543
148	59	1031
148	60	281
148	61	494
148	62	677
148	63	3597
148	64	1294
148	65	2447
148	66	690
148	67	677
148	68	651
148	69	1049
148	70	712
148	71	950
148	72	3221
148	73	737
148	74	527
148	75	1428
148	76	950
148	77	1049
148	78	1049
148	79	3221
148	80	10
148	81	1791
148	82	691
148	83	677
148	84	1428
148	85	737
148	86	1403
148	87	836
148	88	712
148	89	1031
148	90	1791
148	91	1836
148	92	903
148	93	413
148	94	1697
148	95	1697
148	96	836
148	97	1836
148	98	836
148	99	1294
148	100	1025
148	101	1294
148	102	1707
148	103	281
148	104	543
148	105	690
148	106	1025
148	107	10
148	108	691
148	109	651
148	110	712
148	111	1031
148	112	494
148	113	1428
148	114	287
148	115	950
148	116	543
148	117	690
148	118	287
148	119	10
148	120	1263
148	121	903
148	122	413
148	123	1403
148	124	494
148	125	3597
148	126	641
148	127	472
148	128	403
148	129	1393
148	130	484
148	131	3587
148	132	727
148	133	1781
148	134	667
148	135	1697
148	136	271
148	137	2437
148	138	1039
148	139	3211
148	140	1284
148	141	1015
148	142	681
148	143	702
148	144	1021
148	145	1687
148	146	826
148	147	1826
148	148	0
148	149	1253
148	150	893
148	151	1418
148	152	940
148	153	533
148	154	680
148	155	277
148	156	322
148	157	494
149	1	1194
149	2	1205
149	3	763
149	4	763
149	5	1377
149	6	763
149	7	1205
149	8	662
149	9	1485
149	10	98
149	11	2354
149	12	1194
149	13	1263
149	14	763
149	15	1908
149	16	1205
149	17	1194
149	18	836
149	19	1205
149	20	1205
149	21	1664
149	22	1205
149	23	763
149	24	98
149	25	763
149	26	662
149	27	1377
149	28	98
149	29	662
149	30	1485
149	31	1440
149	32	1194
149	33	1205
149	34	280
149	35	447
149	36	763
149	37	836
149	38	480
149	39	1263
149	40	771
149	41	1440
149	42	566
149	43	1377
149	44	1485
149	45	2572
149	46	1194
149	47	662
149	48	763
149	49	1277
149	50	1006
149	51	1263
149	52	1205
149	53	449
149	54	763
149	55	579
149	56	1184
149	57	2572
149	58	1377
149	59	1908
149	60	1006
149	61	1664
149	62	662
149	63	2348
149	64	98
149	65	1195
149	66	1277
149	67	662
149	68	836
149	69	447
149	70	566
149	71	1076
149	72	1969
149	73	1205
149	74	753
149	75	2354
149	76	1076
149	77	447
149	78	447
149	79	1969
149	80	1263
149	81	579
149	82	1106
149	83	662
149	84	2354
149	85	1205
149	86	345
149	87	771
149	88	566
149	89	1908
149	90	579
149	91	585
149	92	480
149	93	1440
149	94	449
149	95	449
149	96	771
149	97	585
149	98	771
149	99	98
149	100	280
149	101	98
149	102	2572
149	103	1006
149	104	1377
149	105	1277
149	106	280
149	107	1263
149	108	1106
149	109	836
149	110	566
149	111	1908
149	112	1664
149	113	2354
149	114	1485
149	115	1076
149	116	1377
149	117	1277
149	118	1485
149	119	1263
149	120	10
149	121	480
149	122	1440
149	123	345
149	124	1664
149	125	2348
149	126	826
149	127	840
149	128	1430
149	129	335
149	130	1654
149	131	2338
149	132	1195
149	133	569
149	134	652
149	135	2562
149	136	996
149	137	1185
149	138	437
149	139	1959
149	140	88
149	141	270
149	142	1096
149	143	556
149	144	1898
149	145	439
149	146	761
149	147	575
149	148	1253
149	149	0
149	150	470
149	151	2344
149	152	1066
149	153	1367
149	154	1267
149	155	1475
149	156	1194
149	157	1664
150	1	938
150	2	1109
150	3	377
150	4	377
150	5	1177
150	6	377
150	7	1109
150	8	518
150	9	1161
150	10	551
150	11	2183
150	12	938
150	13	903
150	14	377
150	15	1740
150	16	1109
150	17	938
150	18	724
150	19	1109
150	20	1109
150	21	1360
150	22	1109
150	23	377
150	24	551
150	25	377
150	26	518
150	27	1177
150	28	551
150	29	518
150	30	1161
150	31	1179
150	32	938
150	33	1109
150	34	217
150	35	617
150	36	377
150	37	724
150	38	10
150	39	903
150	40	772
150	41	1179
150	42	353
150	43	1177
150	44	1161
150	45	2433
150	46	938
150	47	518
150	48	377
150	49	1151
150	50	691
150	51	903
150	52	1109
150	53	900
150	54	377
150	55	1047
150	56	928
150	57	2433
150	58	1177
150	59	1740
150	60	691
150	61	1360
150	62	518
150	63	2734
150	64	551
150	65	1621
150	66	1151
150	67	518
150	68	724
150	69	617
150	70	353
150	71	1094
150	72	2370
150	73	1109
150	74	367
150	75	2183
150	76	1094
150	77	617
150	78	617
150	79	2370
150	80	903
150	81	1047
150	82	1006
150	83	518
150	84	2183
150	85	1109
150	86	769
150	87	772
150	88	353
150	89	1740
150	90	1047
150	91	996
150	92	10
150	93	1179
150	94	900
150	95	900
150	96	772
150	97	996
150	98	772
150	99	551
150	100	217
150	101	551
150	102	2433
150	103	691
150	104	1177
150	105	1151
150	106	217
150	107	903
150	108	1006
150	109	724
150	110	353
150	111	1740
150	112	1360
150	113	2183
150	114	1161
150	115	1094
150	116	1177
150	117	1151
150	118	1161
150	119	903
150	120	480
150	121	10
150	122	1179
150	123	769
150	124	1360
150	125	2734
150	126	714
150	127	428
150	128	1169
150	129	759
150	130	1350
150	131	2724
150	132	1099
150	133	1037
150	134	508
150	135	2423
150	136	681
150	137	1611
150	138	607
150	139	2360
150	140	541
150	141	207
150	142	996
150	143	343
150	144	1730
150	145	890
150	146	762
150	147	986
150	148	893
150	149	470
150	150	0
150	151	2173
150	152	1084
150	153	1167
150	154	1141
150	155	1151
150	156	938
150	157	1360
151	1	1264
151	2	1165
151	3	1848
151	4	1848
151	5	1017
151	6	1848
151	7	1165
151	8	1724
151	9	1167
151	10	2337
151	11	10
151	12	1264
151	13	1428
151	14	1848
151	15	458
151	16	1165
151	17	1264
151	18	1532
151	19	1165
151	20	1165
151	21	976
151	22	1165
151	23	1848
151	24	2337
151	25	1848
151	26	1724
151	27	1017
151	28	2337
151	29	1724
151	30	1167
151	31	1044
151	32	1264
151	33	1165
151	34	2213
151	35	1951
151	36	1848
151	37	1532
151	38	2183
151	39	1428
151	40	1607
151	41	1044
151	42	1868
151	43	1017
151	44	1167
151	45	298
151	46	1264
151	47	1724
151	48	1848
151	49	1087
151	50	1527
151	51	1428
151	52	1165
151	53	2703
151	54	1848
151	55	2704
151	56	1254
151	57	298
151	58	1017
151	59	458
151	60	1527
151	61	976
151	62	1724
151	63	4569
151	64	2337
151	65	3399
151	66	1087
151	67	1724
151	68	1532
151	69	1951
151	70	1868
151	71	1363
151	72	4174
151	73	1165
151	74	1838
151	75	10
151	76	1363
151	77	1951
151	78	1951
151	79	4174
151	80	1428
151	81	2704
151	82	1260
151	83	1724
151	84	10
151	85	1165
151	86	2302
151	87	1607
151	88	1868
151	89	458
151	90	2704
151	91	2887
151	92	2183
151	93	1044
151	94	2703
151	95	2703
151	96	1607
151	97	2887
151	98	1607
151	99	2337
151	100	2213
151	101	2337
151	102	298
151	103	1527
151	104	1017
151	105	1087
151	106	2213
151	107	1428
151	108	1260
151	109	1532
151	110	1868
151	111	458
151	112	976
151	113	10
151	114	1167
151	115	1363
151	116	1017
151	117	1087
151	118	1167
151	119	1428
151	120	2354
151	121	2183
151	122	1044
151	123	2302
151	124	976
151	125	4569
151	126	1522
151	127	1828
151	128	1034
151	129	2292
151	130	966
151	131	4559
151	132	1155
151	133	2694
151	134	1714
151	135	288
151	136	1517
151	137	3389
151	138	1941
151	139	4164
151	140	2327
151	141	2203
151	142	1250
151	143	1858
151	144	448
151	145	2693
151	146	1597
151	147	2877
151	148	1418
151	149	2344
151	150	2173
151	151	0
151	152	1353
151	153	1007
151	154	1077
151	155	1157
151	156	1264
151	157	976
152	1	652
152	2	288
152	3	918
152	4	918
152	5	596
152	6	918
152	7	288
152	8	596
152	9	961
152	10	1036
152	11	1363
152	12	652
152	13	950
152	14	918
152	15	944
152	16	288
152	17	652
152	18	414
152	19	288
152	20	288
152	21	1020
152	22	288
152	23	918
152	24	1036
152	25	918
152	26	596
152	27	596
152	28	1036
152	29	596
152	30	961
152	31	771
152	32	652
152	33	288
152	34	1024
152	35	641
152	36	918
152	37	414
152	38	1094
152	39	950
152	40	336
152	41	771
152	42	758
152	43	596
152	44	961
152	45	1544
152	46	652
152	47	596
152	48	918
152	49	385
152	50	762
152	51	950
152	52	288
152	53	1367
152	54	918
152	55	1354
152	56	642
152	57	1544
152	58	596
152	59	944
152	60	762
152	61	1020
152	62	596
152	63	3216
152	64	1036
152	65	2047
152	66	385
152	67	596
152	68	414
152	69	641
152	70	758
152	71	10
152	72	2822
152	73	288
152	74	908
152	75	1363
152	76	10
152	77	641
152	78	641
152	79	2822
152	80	950
152	81	1354
152	82	278
152	83	596
152	84	1363
152	85	288
152	86	959
152	87	336
152	88	758
152	89	944
152	90	1354
152	91	1558
152	92	1094
152	93	771
152	94	1367
152	95	1367
152	96	336
152	97	1558
152	98	336
152	99	1036
152	100	1024
152	101	1036
152	102	1544
152	103	762
152	104	596
152	105	385
152	106	1024
152	107	950
152	108	278
152	109	414
152	110	758
152	111	944
152	112	1020
152	113	1363
152	114	961
152	115	10
152	116	596
152	117	385
152	118	961
152	119	950
152	120	1076
152	121	1094
152	122	771
152	123	959
152	124	1020
152	125	3216
152	126	404
152	127	969
152	128	761
152	129	949
152	130	1010
152	131	3206
152	132	278
152	133	1344
152	134	586
152	135	1534
152	136	752
152	137	2037
152	138	631
152	139	2812
152	140	1026
152	141	1014
152	142	268
152	143	748
152	144	934
152	145	1357
152	146	326
152	147	1548
152	148	940
152	149	1066
152	150	1084
152	151	1353
152	152	0
152	153	586
152	154	375
152	155	951
152	156	652
152	157	1020
153	1	275
153	2	319
153	3	850
153	4	850
153	5	10
153	6	850
153	7	319
153	8	730
153	9	420
153	10	1373
153	11	1017
153	12	275
153	13	543
153	14	850
153	15	575
153	16	319
153	17	275
153	18	557
153	19	319
153	20	319
153	21	436
153	22	319
153	23	850
153	24	1373
153	25	850
153	26	730
153	27	10
153	28	1373
153	29	730
153	30	420
153	31	201
153	32	275
153	33	319
153	34	1213
153	35	1015
153	36	850
153	37	557
153	38	1177
153	39	543
153	40	685
153	41	201
153	42	864
153	43	10
153	44	420
153	45	1270
153	46	275
153	47	730
153	48	850
153	49	226
153	50	539
153	51	543
153	52	319
153	53	1763
153	54	850
153	55	1801
153	56	265
153	57	1270
153	58	10
153	59	575
153	60	539
153	61	436
153	62	730
153	63	3672
153	64	1373
153	65	2496
153	66	226
153	67	730
153	68	557
153	69	1015
153	70	864
153	71	596
153	72	3282
153	73	319
153	74	840
153	75	1017
153	76	596
153	77	1015
153	78	1015
153	79	3282
153	80	543
153	81	1801
153	82	354
153	83	730
153	84	1017
153	85	319
153	86	1389
153	87	685
153	88	864
153	89	575
153	90	1801
153	91	1935
153	92	1177
153	93	201
153	94	1763
153	95	1763
153	96	685
153	97	1935
153	98	685
153	99	1373
153	100	1213
153	101	1373
153	102	1270
153	103	539
153	104	10
153	105	226
153	106	1213
153	107	543
153	108	354
153	109	557
153	110	864
153	111	575
153	112	436
153	113	1017
153	114	420
153	115	596
153	116	10
153	117	226
153	118	420
153	119	543
153	120	1377
153	121	1177
153	122	201
153	123	1389
153	124	436
153	125	3672
153	126	547
153	127	842
153	128	191
153	129	1379
153	130	426
153	131	3662
153	132	309
153	133	1791
153	134	720
153	135	1260
153	136	529
153	137	2486
153	138	1005
153	139	3272
153	140	1363
153	141	1203
153	142	344
153	143	854
153	144	565
153	145	1753
153	146	675
153	147	1925
153	148	533
153	149	1367
153	150	1167
153	151	1007
153	152	586
153	153	0
153	154	216
153	155	410
153	156	275
153	157	436
154	1	381
154	2	109
154	3	868
154	4	868
154	5	226
154	6	868
154	7	109
154	8	660
154	9	623
154	10	1261
154	11	1087
154	12	381
154	13	690
154	14	868
154	15	643
154	16	109
154	17	381
154	18	459
154	19	109
154	20	109
154	21	652
154	22	109
154	23	868
154	24	1261
154	25	868
154	26	660
154	27	226
154	28	1261
154	29	660
154	30	623
154	31	413
154	32	381
154	33	109
154	34	1149
154	35	880
154	36	868
154	37	459
154	38	1151
154	39	690
154	40	537
154	41	413
154	42	815
154	43	226
154	44	623
154	45	1311
154	46	381
154	47	660
154	48	868
154	49	10
154	50	599
154	51	690
154	52	109
154	53	1634
154	54	868
154	55	1653
154	56	371
154	57	1311
154	58	226
154	59	643
154	60	599
154	61	652
154	62	660
154	63	3527
154	64	1261
154	65	2351
154	66	10
154	67	660
154	68	459
154	69	880
154	70	815
154	71	385
154	72	3135
154	73	109
154	74	858
154	75	1087
154	76	385
154	77	880
154	78	880
154	79	3135
154	80	690
154	81	1653
154	82	185
154	83	660
154	84	1087
154	85	109
154	86	1243
154	87	537
154	88	815
154	89	643
154	90	1653
154	91	1815
154	92	1151
154	93	413
154	94	1634
154	95	1634
154	96	537
154	97	1815
154	98	537
154	99	1261
154	100	1149
154	101	1261
154	102	1311
154	103	599
154	104	226
154	105	10
154	106	1149
154	107	690
154	108	185
154	109	459
154	110	815
154	111	643
154	112	652
154	113	1087
154	114	623
154	115	385
154	116	226
154	117	10
154	118	623
154	119	690
154	120	1277
154	121	1151
154	122	413
154	123	1243
154	124	652
154	125	3527
154	126	449
154	127	884
154	128	403
154	129	1233
154	130	642
154	131	3517
154	132	99
154	133	1643
154	134	650
154	135	1301
154	136	589
154	137	2341
154	138	870
154	139	3125
154	140	1251
154	141	1139
154	142	175
154	143	805
154	144	633
154	145	1624
154	146	527
154	147	1805
154	148	680
154	149	1267
154	150	1141
154	151	1077
154	152	375
154	153	216
154	154	0
154	155	613
154	156	381
154	157	652
155	1	348
155	2	700
155	3	795
155	4	795
155	5	420
155	6	795
155	7	700
155	8	856
155	9	10
155	10	1505
155	11	1167
155	12	348
155	13	287
155	14	795
155	15	795
155	16	700
155	17	348
155	18	766
155	19	700
155	20	700
155	21	218
155	22	700
155	23	795
155	24	1505
155	25	795
155	26	856
155	27	420
155	28	1505
155	29	856
155	30	10
155	31	233
155	32	348
155	33	700
155	34	1264
155	35	1214
155	36	795
155	37	766
155	38	1161
155	39	287
155	40	941
155	41	233
155	42	930
155	43	420
155	44	10
155	45	1449
155	46	348
155	47	856
155	48	795
155	49	623
155	50	493
155	51	287
155	52	700
155	53	1910
155	54	795
155	55	1986
155	56	338
155	57	1449
155	58	420
155	59	795
155	60	493
155	61	218
155	62	856
155	63	3822
155	64	1505
155	65	2660
155	66	623
155	67	856
155	68	766
155	69	1214
155	70	930
155	71	961
155	72	3441
155	73	700
155	74	785
155	75	1167
155	76	961
155	77	1214
155	78	1214
155	79	3441
155	80	287
155	81	1986
155	82	695
155	83	856
155	84	1167
155	85	700
155	86	1584
155	87	941
155	88	930
155	89	795
155	90	1986
155	91	2060
155	92	1161
155	93	233
155	94	1910
155	95	1910
155	96	941
155	97	2060
155	98	941
155	99	1505
155	100	1264
155	101	1505
155	102	1449
155	103	493
155	104	420
155	105	623
155	106	1264
155	107	287
155	108	695
155	109	766
155	110	930
155	111	795
155	112	218
155	113	1167
155	114	10
155	115	961
155	116	420
155	117	623
155	118	10
155	119	287
155	120	1485
155	121	1161
155	122	233
155	123	1584
155	124	218
155	125	3822
155	126	756
155	127	740
155	128	223
155	129	1574
155	130	208
155	131	3812
155	132	690
155	133	1976
155	134	846
155	135	1439
155	136	483
155	137	2650
155	138	1204
155	139	3431
155	140	1495
155	141	1254
155	142	685
155	143	920
155	144	785
155	145	1900
155	146	931
155	147	2050
155	148	277
155	149	1475
155	150	1151
155	151	1157
155	152	951
155	153	410
155	154	613
155	155	0
155	156	348
155	157	218
156	1	10
156	2	426
156	3	595
156	4	595
156	5	275
156	6	595
156	7	426
156	8	546
156	9	348
156	10	1204
156	11	1264
156	12	10
156	13	322
156	14	595
156	15	830
156	16	426
156	17	10
156	18	431
156	19	426
156	20	426
156	21	487
156	22	426
156	23	595
156	24	1204
156	25	595
156	26	546
156	27	275
156	28	1194
156	29	546
156	30	348
156	31	248
156	32	10
156	33	426
156	34	990
156	35	877
156	36	595
156	37	421
156	38	938
156	39	322
156	40	594
156	41	258
156	42	641
156	43	275
156	44	338
156	45	1525
156	46	10
156	47	546
156	48	595
156	49	381
156	50	276
156	51	322
156	52	426
156	53	1605
156	54	595
156	55	1668
156	56	10
156	57	1525
156	58	275
156	59	830
156	60	276
156	61	487
156	62	546
156	63	3521
156	64	1204
156	65	2351
156	66	381
156	67	546
156	68	431
156	69	887
156	70	651
156	71	652
156	72	3136
156	73	426
156	74	595
156	75	1264
156	76	652
156	77	887
156	78	887
156	79	3136
156	80	322
156	81	1668
156	82	387
156	83	546
156	84	1264
156	85	426
156	86	1261
156	87	604
156	88	651
156	89	830
156	90	1668
156	91	1766
156	92	938
156	93	258
156	94	1605
156	95	1605
156	96	604
156	97	1766
156	98	604
156	99	1204
156	100	1000
156	101	1204
156	102	1525
156	103	276
156	104	275
156	105	381
156	106	1000
156	107	322
156	108	387
156	109	431
156	110	651
156	111	830
156	112	487
156	113	1264
156	114	348
156	115	652
156	116	275
156	117	381
156	118	348
156	119	322
156	120	1194
156	121	938
156	122	258
156	123	1261
156	124	487
156	125	3521
156	126	431
156	127	590
156	128	258
156	129	1261
156	130	487
156	131	3521
156	132	426
156	133	1668
156	134	546
156	135	1525
156	136	276
156	137	2351
156	138	887
156	139	3136
156	140	1204
156	141	1000
156	142	387
156	143	651
156	144	830
156	145	1605
156	146	604
156	147	1766
156	148	322
156	149	1194
156	150	938
156	151	1264
156	152	652
156	153	275
156	154	381
156	155	348
156	156	0
156	157	477
157	1	487
157	2	744
157	3	995
157	4	995
157	5	436
157	6	995
157	7	744
157	8	1021
157	9	218
157	10	1677
157	11	976
157	12	487
157	13	494
157	14	995
157	15	640
157	16	744
157	17	487
157	18	901
157	19	744
157	20	744
157	21	10
157	22	744
157	23	995
157	24	1677
157	25	995
157	26	1021
157	27	436
157	28	1667
157	29	1021
157	30	218
157	31	257
157	32	487
157	33	744
157	34	1443
157	35	1352
157	36	995
157	37	891
157	38	1360
157	39	494
157	40	1052
157	41	267
157	42	1102
157	43	436
157	44	208
157	45	1262
157	46	487
157	47	1021
157	48	995
157	49	652
157	50	683
157	51	494
157	52	744
157	53	2080
157	54	995
157	55	2145
157	56	487
157	57	1262
157	58	436
157	59	640
157	60	683
157	61	10
157	62	1021
157	63	3996
157	64	1677
157	65	2828
157	66	652
157	67	1021
157	68	901
157	69	1362
157	70	1112
157	71	1020
157	72	3612
157	73	744
157	74	995
157	75	976
157	76	1020
157	77	1362
157	78	1362
157	79	3612
157	80	494
157	81	2145
157	82	767
157	83	1021
157	84	976
157	85	744
157	86	1737
157	87	1062
157	88	1112
157	89	640
157	90	2145
157	91	2237
157	92	1360
157	93	267
157	94	2080
157	95	2080
157	96	1062
157	97	2237
157	98	1062
157	99	1677
157	100	1453
157	101	1677
157	102	1262
157	103	683
157	104	436
157	105	652
157	106	1453
157	107	494
157	108	767
157	109	901
157	110	1112
157	111	640
157	112	10
157	113	976
157	114	218
157	115	1020
157	116	436
157	117	652
157	118	218
157	119	494
157	120	1664
157	121	1360
157	122	267
157	123	1737
157	124	10
157	125	3996
157	126	901
157	127	955
157	128	267
157	129	1737
157	130	10
157	131	3996
157	132	744
157	133	2145
157	134	1021
157	135	1262
157	136	683
157	137	2828
157	138	1362
157	139	3612
157	140	1677
157	141	1453
157	142	767
157	143	1112
157	144	640
157	145	2080
157	146	1062
157	147	2237
157	148	494
157	149	1664
157	150	1360
157	151	976
157	152	1020
157	153	436
157	154	652
157	155	218
157	156	477
157	157	0
\.


--
-- Data for Name: iprange; Type: TABLE DATA; Schema: public; Owner: test
--

COPY public.iprange (id, ip) FROM stdin;
1	118.144.0.0/14
3	60.194.0.0/15
5	124.192.0.0/15
8	61.28.64.0/18
10	61.28.32.0/19
11	61.28.0.0/20
13	61.28.16.0/20
16	203.93.144.0/20
17	116.199.0.0/17
19	124.40.128.0/18
20	125.31.192.0/18
22	203.93.142.0/23
24	36.32.0.0/14
26	120.80.0.0/13
28	112.88.0.0/13
29	27.40.0.0/13
31	27.36.0.0/14
32	112.96.0.0/15
33	163.204.0.0/16
34	163.177.0.0/16
35	163.142.0.0/16
38	163.0.0.0/16
39	163.125.0.0/16
41	221.4.0.0/16
43	122.13.0.0/16
45	163.179.0.0/16
47	210.21.0.0/17
49	221.5.0.0/17
51	218.104.160.0/19
54	218.104.192.0/21
57	115.48.0.0/12
59	42.224.0.0/12
62	182.112.0.0/12
64	125.40.0.0/13
68	101.244.0.0/14
71	223.208.0.0/14
74	203.86.64.0/20
77	103.23.56.0/22
84	220.112.0.0/14
87	180.88.0.0/14
91	115.172.0.0/14
14	119.32.0.0/14
23	210.12.192.0/18
25	210.15.64.0/19
27	203.93.128.0/21
30	210.12.128.0/18
36	36.192.0.0/11
37	123.64.0.0/11
40	122.64.0.0/11
42	110.192.0.0/11
44	110.96.0.0/11
46	101.144.0.0/12
48	115.104.0.0/14
50	114.208.0.0/14
52	115.180.0.0/14
55	118.204.0.0/14
56	61.232.0.0/14
58	103.3.128.0/22
63	120.90.0.0/15
66	175.188.0.0/14
2498	202.141.176.0/24
2499	117.136.8.0/24
53	202.127.200.0/21
60	223.192.0.0/15
65	124.16.0.0/15
69	123.8.0.0/13
73	222.136.0.0/13
76	123.4.0.0/14
80	219.154.0.0/15
81	219.156.0.0/15
86	221.14.0.0/15
90	61.52.0.0/15
95	61.54.0.0/16
121	117.72.0.0/15
128	211.142.128.0/17
133	202.110.64.0/18
140	42.50.0.0/16
151	113.0.0.0/13
159	1.56.0.0/13
167	122.156.0.0/14
174	210.40.0.0/13
216	61.167.0.0/16
220	49.239.192.0/18
223	36.56.0.0/13
234	58.14.0.0/15
248	202.116.48.0/20
254	202.116.32.0/20
274	122.204.0.0/14
282	59.68.0.0/14
285	49.120.0.0/14
290	183.168.0.0/15
295	115.156.0.0/15
297	103.3.124.0/22
302	114.240.0.0/12
304	123.112.0.0/12
308	111.192.0.0/12
312	221.216.0.0/13
315	49.152.0.0/14
319	111.208.0.0/14
320	61.48.0.0/14
325	222.128.0.0/14
329	124.64.0.0/15
331	210.82.0.0/15
335	61.148.0.0/15
337	61.135.0.0/16
340	202.106.0.0/16
343	202.108.0.0/16
348	125.33.0.0/16
351	125.34.0.0/16
353	219.158.128.0/17
357	120.132.0.0/17
360	202.96.0.0/18
364	103.3.120.0/22
368	124.152.0.0/16
372	180.95.128.0/17
377	60.10.0.0/16
382	221.195.0.0/16
386	221.8.0.0/15
389	222.163.128.0/17
394	183.172.0.0/14
396	202.204.0.0/14
399	59.64.0.0/14
403	222.28.0.0/14
406	101.4.0.0/14
409	211.68.0.0/15
413	219.242.0.0/15
416	219.224.0.0/15
420	121.194.0.0/15
423	210.25.0.0/16
426	202.112.0.0/16
429	211.81.0.0/16
432	202.4.128.0/19
435	202.38.96.0/19
439	121.52.160.0/19
442	202.179.240.0/20
444	203.91.120.0/21
449	210.26.0.0/15
452	222.23.0.0/16
454	59.76.0.0/16
461	221.213.0.0/16
463	1.1.32.0/19
469	1.4.32.0/19
472	1.10.32.0/19
475	221.200.0.0/14
479	180.208.0.0/15
481	42.56.0.0/14
487	58.192.0.0/15
495	42.96.64.0/19
498	42.99.64.0/19
501	42.123.0.0/19
504	42.156.0.0/19
507	42.187.64.0/19
509	42.194.32.0/19
511	101.99.96.0/19
513	101.101.64.0/19
515	101.102.64.0/19
518	101.110.64.0/19
520	101.128.32.0/19
523	101.203.128.0/19
525	101.234.96.0/19
528	101.251.32.0/19
530	110.93.32.0/19
532	110.173.64.0/19
535	115.166.64.0/19
537	118.127.128.0/19
539	119.27.128.0/19
541	120.143.128.0/19
544	123.50.160.0/19
547	124.40.192.0/19
550	202.148.64.0/19
552	202.149.32.0/19
555	202.150.224.0/19
556	202.151.128.0/19
559	202.157.192.0/19
562	202.164.96.0/19
565	202.166.224.0/19
569	202.170.224.0/19
570	202.115.32.0/19
573	202.115.0.0/19
575	115.24.0.0/14
578	120.95.0.0/16
580	211.82.0.0/16
582	222.199.0.0/16
586	222.198.0.0/16
588	219.221.0.0/16
591	210.36.0.0/14
594	58.194.0.0/15
597	202.118.128.0/17
601	222.204.0.0/15
603	219.220.0.0/16
606	211.64.0.0/14
607	222.206.0.0/15
610	219.218.0.0/15
612	211.86.0.0/15
615	114.214.0.0/16
617	180.201.0.0/16
620	219.226.0.0/16
622	202.113.64.0/18
625	202.113.128.0/18
628	202.113.32.0/19
629	202.113.192.0/19
632	202.113.16.0/20
635	202.113.0.0/20
638	202.113.224.0/20
641	218.193.0.0/16
642	59.77.0.0/16
645	211.84.0.0/15
647	222.22.0.0/16
650	183.170.0.0/16
652	125.219.0.0/16
655	115.158.0.0/16
658	218.196.0.0/14
661	219.216.0.0/15
662	110.228.0.0/14
665	221.192.0.0/15
667	60.8.0.0/15
669	221.194.0.0/16
672	218.11.0.0/16
674	218.12.0.0/16
677	61.55.0.0/16
679	61.182.0.0/16
681	61.134.128.0/18
684	61.159.0.0/18
687	202.99.128.0/19
688	202.99.176.0/20
690	202.99.160.0/21
693	202.99.168.0/21
697	103.3.156.0/22
702	175.16.0.0/13
705	119.48.0.0/13
708	122.136.0.0/13
711	58.244.0.0/15
714	222.160.0.0/15
717	222.162.0.0/16
720	58.21.0.0/16
723	218.27.0.0/16
727	125.32.0.0/16
730	61.138.128.0/18
733	61.139.128.0/18
734	202.45.16.0/20
740	202.70.96.0/20
742	202.98.8.0/21
746	202.74.80.0/20
750	202.90.112.0/20
751	219.159.0.0/18
754	221.199.128.0/18
758	103.3.140.0/22
61	42.196.0.0/14
67	119.78.0.0/15
72	101.252.0.0/15
75	49.210.0.0/15
79	101.54.0.0/16
83	211.154.0.0/16
88	210.77.0.0/16
93	36.254.0.0/16
100	49.220.0.0/14
126	117.121.128.0/18
134	211.89.0.0/16
148	203.190.96.0/20
153	42.123.128.0/17
160	125.62.0.0/18
165	203.161.192.0/19
178	221.208.0.0/14
182	103.2.208.0/22
187	202.99.112.0/20
201	202.127.5.0/24
207	125.35.0.0/17
224	202.116.128.0/17
230	60.168.0.0/13
239	114.96.0.0/13
242	60.232.0.0/15
255	203.100.32.0/20
271	182.238.0.0/16
281	221.129.0.0/16
286	202.164.0.0/20
289	103.1.20.0/22
292	222.20.0.0/15
293	221.13.64.0/19
299	202.102.200.0/21
301	103.22.16.0/22
306	183.0.0.0/10
310	113.64.0.0/11
314	14.16.0.0/12
318	14.112.0.0/12
322	14.144.0.0/12
324	14.208.0.0/12
327	113.96.0.0/12
332	116.16.0.0/12
336	119.128.0.0/12
338	219.128.0.0/12
341	59.32.0.0/13
344	106.120.0.0/13
347	113.112.0.0/13
350	119.120.0.0/13
352	121.8.0.0/13
356	125.88.0.0/13
359	58.60.0.0/14
363	61.140.0.0/14
366	61.144.0.0/14
369	106.108.0.0/14
371	116.4.0.0/14
375	119.144.0.0/14
379	121.32.0.0/14
383	218.16.0.0/14
385	59.40.0.0/15
388	202.104.0.0/15
390	218.14.0.0/15
393	218.30.0.0/15
397	1.3.0.0/16
400	59.42.0.0/16
404	218.13.0.0/16
407	218.20.0.0/16
410	39.0.128.0/17
412	218.100.128.0/17
415	1.2.64.0/18
419	1.4.64.0/18
422	1.10.64.0/18
425	39.0.64.0/18
428	42.99.0.0/18
431	42.123.64.0/18
436	42.156.64.0/18
440	42.187.0.0/18
441	42.194.64.0/18
445	106.0.64.0/18
448	114.79.64.0/18
451	119.151.192.0/18
453	121.101.0.0/18
457	202.103.128.0/18
460	1.0.32.0/19
464	121.248.0.0/14
465	42.4.0.0/14
470	222.192.0.0/14
471	124.92.0.0/14
478	36.37.0.0/19
480	39.0.32.0/19
483	42.0.32.0/19
486	119.108.0.0/15
490	42.62.128.0/19
491	116.2.0.0/15
70	27.112.80.0/20
78	202.74.8.0/21
85	210.52.0.0/18
92	202.136.48.0/20
94	117.59.0.0/16
2519	202.141.160.0/24
82	218.244.0.0/15
89	27.144.0.0/16
96	218.206.0.0/15
104	221.130.0.0/15
116	61.168.0.0/16
118	115.190.0.0/15
122	116.213.64.0/18
131	221.11.192.0/19
136	210.72.128.0/19
142	113.130.96.0/20
155	221.214.0.0/15
157	60.216.0.0/15
162	202.110.192.0/18
166	202.102.144.0/20
170	202.102.136.0/21
177	60.28.0.0/15
184	218.8.0.0/15
191	202.127.6.0/23
198	202.153.48.0/20
215	125.218.0.0/16
221	125.211.0.0/16
226	221.207.128.0/17
229	202.38.192.0/18
233	202.116.0.0/19
237	202.116.64.0/19
241	202.116.96.0/19
245	103.3.100.0/22
249	171.34.0.0/15
251	113.194.0.0/15
256	118.212.0.0/16
260	58.17.0.0/17
265	175.184.128.0/18
270	221.207.0.0/18
278	124.89.0.0/17
284	103.3.132.0/22
97	119.80.0.0/16
98	113.209.0.0/16
101	116.70.0.0/17
105	116.213.128.0/17
109	219.82.0.0/16
115	218.204.0.0/15
117	125.208.0.0/18
119	61.163.0.0/16
124	58.248.0.0/13
125	61.158.128.0/17
127	121.4.0.0/15
132	210.73.0.0/19
138	122.192.0.0/14
144	124.128.0.0/13
147	60.208.0.0/13
99	58.100.0.0/15
102	113.214.0.0/15
103	125.210.0.0/16
106	218.108.0.0/16
108	117.121.0.0/17
111	117.122.128.0/17
112	58.242.0.0/15
113	60.245.128.0/17
130	58.22.0.0/15
135	218.200.0.0/14
141	211.143.0.0/16
146	211.140.0.0/15
149	202.152.176.0/20
152	202.127.144.0/20
154	202.127.16.0/20
156	202.43.144.0/20
158	119.38.192.0/20
161	203.83.56.0/21
164	175.24.0.0/14
168	122.0.64.0/18
169	202.180.128.0/19
173	218.68.0.0/15
175	60.200.0.0/14
180	60.30.0.0/16
188	180.233.0.0/18
189	1.184.0.0/15
193	202.127.0.0/23
196	119.27.160.0/19
197	211.144.0.0/15
212	103.5.252.0/22
218	119.40.128.0/17
219	219.227.0.0/16
222	115.85.192.0/18
225	119.42.0.0/19
228	221.207.64.0/18
232	61.138.0.0/18
236	202.97.240.0/20
240	202.97.224.0/21
244	117.64.0.0/13
246	183.160.0.0/13
250	223.240.0.0/13
253	36.4.0.0/14
257	114.104.0.0/14
259	60.166.0.0/15
262	61.190.0.0/15
264	124.112.0.0/15
266	218.22.0.0/15
269	223.214.0.0/15
272	117.57.0.0/16
275	124.73.0.0/16
277	61.133.128.0/17
279	202.111.192.0/18
288	202.102.208.0/20
294	58.18.0.0/16
298	124.67.0.0/16
305	116.95.0.0/16
309	218.21.128.0/17
313	61.134.96.0/19
317	202.99.240.0/20
323	221.199.192.0/20
330	202.99.232.0/21
333	202.99.224.0/21
342	123.138.0.0/15
346	221.11.0.0/17
355	27.98.224.0/19
361	112.111.0.0/16
365	218.104.128.0/19
374	121.28.0.0/15
376	60.13.0.0/18
380	221.7.32.0/19
387	122.188.0.0/14
392	183.92.0.0/14
402	113.56.0.0/15
408	58.19.0.0/16
414	119.36.0.0/16
417	118.72.0.0/13
421	183.184.0.0/13
427	118.80.0.0/15
433	218.26.0.0/16
437	121.30.0.0/16
446	202.99.200.0/21
456	14.204.0.0/15
458	116.13.0.0/16
466	1.2.32.0/19
473	42.244.0.0/14
474	219.230.0.0/15
477	175.148.0.0/14
484	211.70.0.0/15
492	42.83.96.0/19
494	175.146.0.0/15
496	202.119.128.0/17
499	202.119.96.0/19
503	202.119.32.0/19
506	202.119.0.0/19
512	202.119.80.0/20
517	202.119.64.0/20
522	202.127.12.0/22
524	202.38.2.0/23
529	222.196.0.0/15
534	180.84.0.0/15
538	222.18.0.0/15
543	223.128.0.0/15
546	121.48.0.0/15
549	113.54.0.0/15
553	218.194.0.0/16
558	211.83.0.0/16
560	120.94.0.0/16
564	202.115.128.0/17
567	202.115.64.0/18
572	202.176.224.0/19
574	202.182.192.0/19
577	203.86.96.0/19
581	203.95.224.0/19
584	203.105.96.0/19
587	203.105.128.0/19
590	203.142.224.0/19
592	203.144.96.0/19
595	203.145.0.0/19
599	203.152.128.0/19
602	203.160.192.0/19
605	203.168.0.0/19
609	58.17.128.0/17
613	221.7.64.0/19
616	221.7.96.0/19
619	103.3.148.0/22
624	182.88.0.0/14
627	171.36.0.0/14
631	110.72.0.0/15
633	115.46.0.0/16
636	121.31.0.0/16
639	221.7.128.0/17
644	120.0.0.0/12
648	110.240.0.0/12
651	121.16.0.0/13
654	60.0.0.0/13
657	121.24.0.0/14
660	119.248.0.0/14
664	222.26.0.0/15
668	125.222.0.0/15
671	118.202.0.0/15
675	58.154.0.0/15
678	202.118.64.0/18
682	202.118.32.0/19
685	202.118.0.0/19
691	49.52.0.0/14
694	219.228.0.0/15
696	175.186.0.0/15
699	58.196.0.0/15
701	58.198.0.0/15
703	59.78.0.0/15
706	111.186.0.0/15
709	211.80.0.0/16
712	202.121.0.0/16
715	175.185.0.0/16
718	202.120.128.0/17
721	202.120.0.0/18
725	202.120.64.0/18
728	210.32.0.0/14
731	121.192.0.0/16
735	61.161.0.0/18
736	202.57.240.0/20
739	202.60.144.0/20
741	222.163.32.0/19
745	202.72.80.0/20
752	202.91.96.0/20
753	202.92.48.0/20
755	202.96.144.0/20
756	61.138.64.0/18
757	202.96.176.0/20
759	202.125.112.0/20
761	27.192.0.0/11
762	202.133.32.0/20
763	39.64.0.0/11
764	202.134.128.0/20
765	202.143.32.0/20
766	202.146.160.0/20
768	202.147.144.0/20
769	202.148.32.0/20
771	202.150.32.0/20
772	202.150.192.0/20
774	202.174.64.0/20
776	202.182.32.0/20
778	202.191.80.0/20
781	203.6.224.0/20
783	203.15.0.0/20
107	112.122.0.0/15
114	112.132.0.0/16
110	1.12.0.0/14
120	211.142.0.0/17
123	221.13.128.0/17
129	61.136.64.0/18
137	202.111.128.0/19
139	202.102.240.0/20
143	202.102.224.0/21
145	202.102.232.0/21
150	123.232.0.0/14
163	202.38.64.0/19
171	202.192.0.0/13
172	1.188.0.0/14
185	119.27.192.0/18
186	219.222.0.0/15
192	180.233.64.0/19
195	60.218.0.0/15
199	60.14.0.0/15
203	116.56.0.0/15
205	221.206.0.0/16
208	202.127.2.0/24
210	218.192.0.0/16
213	218.10.0.0/16
214	202.130.224.0/19
217	202.127.3.0/24
227	218.7.0.0/16
231	60.11.0.0/16
235	61.180.128.0/17
238	61.158.0.0/17
243	202.97.192.0/19
247	202.96.80.0/20
252	27.115.0.0/17
258	124.88.0.0/16
261	113.204.0.0/14
263	221.13.96.0/19
267	218.28.0.0/15
268	175.106.128.0/17
273	124.240.128.0/18
276	58.20.0.0/16
280	110.16.0.0/14
283	116.112.0.0/14
287	116.116.0.0/15
291	110.6.0.0/15
296	202.102.192.0/21
300	125.220.0.0/15
303	202.114.128.0/17
307	202.114.64.0/18
311	202.114.0.0/19
316	202.114.32.0/19
321	59.72.0.0/15
326	111.116.0.0/15
328	49.140.0.0/15
334	118.230.0.0/16
339	121.193.0.0/16
345	202.200.0.0/14
349	219.244.0.0/14
354	222.24.0.0/15
358	59.74.0.0/15
362	111.114.0.0/15
367	115.154.0.0/15
370	49.208.0.0/15
373	218.195.0.0/16
378	202.117.128.0/17
381	202.117.64.0/18
384	202.117.0.0/18
391	58.200.0.0/13
395	221.199.64.0/18
398	221.11.224.0/19
401	221.199.0.0/19
405	221.199.48.0/20
411	221.199.32.0/20
418	210.5.128.0/20
424	103.3.104.0/22
430	110.52.0.0/15
434	42.48.0.0/15
438	119.39.0.0/16
443	113.224.0.0/12
447	175.160.0.0/12
450	119.112.0.0/13
455	60.16.0.0/13
459	42.176.0.0/13
462	42.84.0.0/14
467	210.28.0.0/14
468	42.52.0.0/14
476	36.0.32.0/19
482	223.2.0.0/15
485	123.188.0.0/14
488	42.1.0.0/19
489	101.76.0.0/15
493	114.212.0.0/15
497	218.60.0.0/15
500	218.24.0.0/15
502	61.176.0.0/16
505	202.107.0.0/17
508	61.137.128.0/17
510	61.189.0.0/17
514	61.161.128.0/17
516	202.110.0.0/18
519	202.96.72.0/21
521	202.96.64.0/21
526	101.204.0.0/14
527	119.4.0.0/14
531	112.192.0.0/14
533	175.152.0.0/14
536	221.10.0.0/16
540	124.161.0.0/16
542	218.104.200.0/21
545	103.3.108.0/22
548	171.120.0.0/13
551	124.164.0.0/14
554	171.116.0.0/14
557	60.220.0.0/14
561	221.204.0.0/15
563	124.163.0.0/16
566	61.134.192.0/18
568	202.97.128.0/18
571	202.99.208.0/20
576	180.130.0.0/16
579	119.62.0.0/16
583	221.3.128.0/17
585	180.129.128.0/17
589	103.3.116.0/22
593	27.8.0.0/13
596	123.144.0.0/14
598	58.144.0.0/16
600	124.162.0.0/16
604	221.5.128.0/17
608	203.176.64.0/19
611	203.189.192.0/19
614	203.193.224.0/19
618	203.195.64.0/19
621	203.205.64.0/19
623	218.100.96.0/19
626	1.1.16.0/20
630	1.2.16.0/20
634	1.4.16.0/20
637	1.10.16.0/20
640	36.0.16.0/20
643	36.37.48.0/20
646	39.0.16.0/20
649	42.1.32.0/20
653	42.62.160.0/20
656	42.83.64.0/20
659	42.96.112.0/20
663	42.99.96.0/20
666	42.123.48.0/20
670	42.156.48.0/20
673	42.187.96.0/20
676	42.194.16.0/20
680	61.45.224.0/20
683	101.96.16.0/20
686	101.101.112.0/20
689	101.102.112.0/20
692	101.110.96.0/20
695	101.128.16.0/20
698	101.203.176.0/20
700	101.234.80.0/20
704	101.251.16.0/20
707	106.0.16.0/20
710	115.69.64.0/20
713	116.50.0.0/20
716	117.74.80.0/20
719	119.82.208.0/20
722	119.148.176.0/20
724	202.6.176.0/20
726	202.8.192.0/20
729	202.38.48.0/20
732	202.44.16.0/20
737	222.163.64.0/18
738	222.163.0.0/19
743	202.70.192.0/20
744	202.98.0.0/21
747	1.24.0.0/13
748	202.87.80.0/20
749	60.31.0.0/16
176	113.130.112.0/21
179	222.200.0.0/14
181	117.120.128.0/17
183	222.16.0.0/15
190	125.254.192.0/18
194	219.232.0.0/14
200	110.64.0.0/15
202	113.8.0.0/15
204	60.255.0.0/16
206	125.216.0.0/15
209	221.212.0.0/16
211	202.127.4.0/24
760	202.127.128.0/20
767	112.224.0.0/11
770	119.176.0.0/12
773	123.128.0.0/13
775	119.164.0.0/14
777	222.132.0.0/14
779	218.56.0.0/14
780	119.162.0.0/15
782	221.0.0.0/15
784	61.179.0.0/16
786	221.2.0.0/16
788	61.156.0.0/16
790	61.162.0.0/16
792	221.3.0.0/17
794	61.133.0.0/17
796	202.102.128.0/21
798	117.8.0.0/13
801	1.1.8.0/21
803	1.4.8.0/21
804	1.10.0.0/21
806	14.0.0.0/21
808	27.34.232.0/21
811	27.50.40.0/21
813	27.54.72.0/21
815	27.54.152.0/21
817	27.121.72.0/21
818	27.121.120.0/21
820	36.37.40.0/21
823	39.0.8.0/21
824	42.0.8.0/21
826	42.0.16.0/21
828	42.1.48.0/21
830	42.62.184.0/21
832	42.83.88.0/21
833	42.96.96.0/21
835	42.99.120.0/21
838	42.123.40.0/21
839	42.156.40.0/21
841	42.187.112.0/21
843	42.194.0.0/21
845	58.65.232.0/21
847	61.4.88.0/21
849	101.55.224.0/21
850	101.96.0.0/21
852	101.101.104.0/21
854	101.102.104.0/21
856	101.110.120.0/21
858	101.128.8.0/21
859	101.203.160.0/21
861	101.234.64.0/21
863	101.251.8.0/21
865	106.0.8.0/21
867	112.137.48.0/21
869	113.212.184.0/21
871	114.141.64.0/21
873	114.198.248.0/21
875	116.0.8.0/21
877	116.0.24.0/21
879	116.193.176.0/21
880	122.96.0.0/15
882	153.36.0.0/15
885	117.104.168.0/21
886	118.102.32.0/21
888	119.42.128.0/21
890	119.160.200.0/21
892	119.252.96.0/21
894	120.88.8.0/21
896	121.0.8.0/21
897	121.50.8.0/21
899	121.54.176.0/21
901	121.58.136.0/21
903	121.58.160.0/21
905	121.200.192.0/21
907	122.128.120.0/21
909	122.248.24.0/21
910	122.255.64.0/21
912	124.109.96.0/21
915	180.148.16.0/21
958	1.192.0.0/13
959	171.8.0.0/13
960	123.52.0.0/14
961	123.160.0.0/14
962	222.88.0.0/15
963	123.101.0.0/16
964	123.149.0.0/16
965	219.150.128.0/17
966	222.85.0.0/17
967	219.150.112.0/20
968	103.22.88.0/22
971	49.64.0.0/11
972	180.96.0.0/11
973	58.208.0.0/12
974	114.224.0.0/12
975	117.80.0.0/12
976	121.224.0.0/12
977	114.216.0.0/13
978	221.224.0.0/13
979	222.184.0.0/13
980	117.60.0.0/14
981	222.92.0.0/14
982	218.2.0.0/15
983	218.4.0.0/15
984	61.132.0.0/16
985	61.160.0.0/16
986	61.177.0.0/16
987	202.111.0.0/17
988	202.102.64.0/18
989	202.102.0.0/19
990	202.102.32.0/19
991	103.12.68.0/22
992	103.22.20.0/22
1004	101.80.0.0/12
1005	114.80.0.0/12
1006	116.224.0.0/12
1007	180.160.0.0/12
1008	58.32.0.0/13
1009	101.224.0.0/13
1010	180.152.0.0/13
1011	222.64.0.0/13
1012	61.172.0.0/14
1013	124.76.0.0/14
1014	218.80.0.0/14
1015	58.40.0.0/15
1016	61.170.0.0/15
1017	116.246.0.0/15
1018	124.74.0.0/15
1019	218.78.0.0/15
1020	222.72.0.0/15
1021	61.152.0.0/16
1022	61.165.0.0/16
1023	61.169.0.0/16
1024	116.192.0.0/16
1025	118.126.0.0/16
1026	202.109.0.0/16
1027	218.1.0.0/16
1028	221.239.128.0/17
1029	202.101.0.0/18
1030	180.150.160.0/19
1031	202.96.208.0/20
1032	202.96.240.0/20
1033	202.96.192.0/21
1034	202.96.200.0/21
1035	202.96.224.0/21
1036	202.96.232.0/21
1037	103.22.76.0/22
1053	1.202.0.0/15
1054	110.94.0.0/15
1055	116.69.0.0/16
1056	211.100.0.0/16
1057	180.149.128.0/19
1058	122.102.80.0/20
1059	103.22.4.0/22
1073	27.16.0.0/12
1074	58.48.0.0/13
1075	111.176.0.0/13
1076	119.96.0.0/13
1077	171.40.0.0/13
1078	61.184.0.0/14
1079	111.172.0.0/14
1080	116.208.0.0/14
1081	121.60.0.0/14
1082	171.80.0.0/14
1083	171.112.0.0/14
1084	221.232.0.0/14
1085	59.172.0.0/15
1086	59.174.0.0/15
1087	61.183.0.0/16
1088	111.170.0.0/16
1089	116.207.0.0/16
1090	61.136.128.0/17
1091	202.110.128.0/18
1092	202.103.32.0/19
1093	202.103.16.0/20
1094	202.103.0.0/21
1095	202.103.8.0/21
1096	103.22.80.0/22
1105	106.224.0.0/12
1106	182.96.0.0/12
1107	111.72.0.0/13
1108	59.52.0.0/14
1109	106.4.0.0/14
1110	115.148.0.0/14
1111	117.40.0.0/14
1112	182.84.0.0/14
1113	59.62.0.0/15
785	203.25.208.0/20
787	203.57.224.0/20
789	203.78.48.0/20
791	203.80.32.0/20
793	203.83.224.0/20
795	203.104.32.0/20
797	203.110.208.0/20
799	1.0.8.0/21
800	125.36.0.0/14
802	60.24.0.0/14
805	221.196.0.0/15
807	221.198.0.0/16
809	61.181.0.0/16
810	218.67.128.0/17
812	125.35.128.0/17
814	61.136.0.0/18
816	202.99.64.0/19
819	202.99.104.0/21
821	202.99.96.0/21
822	103.3.96.0/22
825	123.152.0.0/13
827	101.64.0.0/13
829	124.90.0.0/15
831	124.160.0.0/16
834	221.12.0.0/17
836	124.89.128.0/17
837	221.12.128.0/18
840	103.3.112.0/22
842	36.248.0.0/14
844	175.42.0.0/15
846	175.44.0.0/16
848	112.109.128.0/17
851	58.16.0.0/16
853	111.85.0.0/16
855	221.13.0.0/18
857	103.3.152.0/22
860	150.255.0.0/16
862	153.0.0.0/16
864	113.58.0.0/16
866	124.66.0.0/17
868	113.59.0.0/17
870	221.11.128.0/18
872	60.13.64.0/18
874	221.199.224.0/19
876	112.80.0.0/13
878	153.34.0.0/15
881	117.103.40.0/21
883	117.103.72.0/21
884	58.240.0.0/15
887	153.3.0.0/16
889	153.99.0.0/16
891	153.101.0.0/16
893	221.6.0.0/16
895	42.63.0.0/16
898	182.54.0.0/17
900	220.248.0.0/14
902	223.166.0.0/15
904	58.246.0.0/15
906	112.64.0.0/15
908	210.13.64.0/18
911	60.13.128.0/17
913	221.7.0.0/19
914	103.3.136.0/22
916	180.148.152.0/21
917	180.148.216.0/21
918	182.23.184.0/21
919	182.23.200.0/21
920	183.91.136.0/21
921	202.60.48.0/21
922	202.60.96.0/21
923	202.60.136.0/21
924	202.63.88.0/21
925	202.65.0.0/21
926	202.72.40.0/21
927	202.77.80.0/21
928	202.78.8.0/21
929	202.79.224.0/21
930	202.80.200.0/21
931	202.84.8.0/21
932	202.84.24.0/21
933	202.89.8.0/21
934	202.92.8.0/21
935	202.95.240.0/21
936	202.96.128.0/21
937	202.96.136.0/21
938	202.96.160.0/21
939	202.96.168.0/21
940	202.122.120.0/21
941	202.124.16.0/21
942	202.143.56.0/21
943	202.146.200.0/21
944	202.171.216.0/21
945	202.180.208.0/21
946	202.189.184.0/21
947	202.191.72.0/21
948	203.0.104.0/21
949	203.2.64.0/21
950	203.2.112.0/21
951	203.2.160.0/21
952	203.3.80.0/21
953	203.3.112.0/21
954	1.2.12.0/22
955	103.22.40.0/22
956	1.2.10.0/23
957	1.2.9.0/24
969	202.97.96.0/20
970	202.97.112.0/20
993	14.134.0.0/15
994	111.112.0.0/15
995	1.50.0.0/16
996	119.60.0.0/16
997	124.224.0.0/16
998	222.75.0.0/16
999	218.21.0.0/17
1000	202.100.112.0/20
1001	202.100.96.0/21
1002	202.100.104.0/21
1003	103.22.64.0/22
1038	49.112.0.0/13
1039	110.152.0.0/14
1040	120.68.0.0/14
1041	218.84.0.0/14
1042	110.156.0.0/15
1043	124.118.0.0/15
1044	222.80.0.0/15
1045	124.117.0.0/16
1046	222.82.0.0/16
1047	202.107.128.0/17
1048	222.83.0.0/17
1049	202.100.176.0/20
1050	202.100.160.0/21
1051	202.100.168.0/21
1052	103.22.116.0/22
1060	42.88.0.0/13
1061	27.224.0.0/14
1062	118.180.0.0/14
1063	60.164.0.0/15
1064	125.74.0.0/15
1065	61.178.0.0/16
1066	125.76.0.0/17
1067	61.159.64.0/18
1068	61.134.64.0/19
1069	202.100.80.0/20
1070	202.100.64.0/21
1071	202.100.72.0/21
1072	103.22.56.0/22
1097	42.100.0.0/14
1098	112.100.0.0/14
1099	123.164.0.0/14
1100	42.184.0.0/15
1101	112.98.0.0/15
1102	222.170.0.0/15
1103	222.172.0.0/17
1104	103.29.128.0/22
1121	110.166.0.0/15
1122	223.220.0.0/15
1123	118.213.0.0/16
1124	125.72.0.0/16
1125	202.100.144.0/20
1126	202.100.128.0/21
1127	202.100.136.0/21
1128	103.22.100.0/22
1146	101.248.0.0/15
1147	113.62.0.0/15
1148	124.31.0.0/16
1149	219.151.32.0/19
1150	202.98.240.0/20
1151	202.98.224.0/21
1152	202.98.232.0/21
1153	103.22.44.0/22
1170	171.104.0.0/13
1171	180.136.0.0/13
1172	113.12.0.0/14
1173	116.8.0.0/14
1174	113.16.0.0/15
1175	116.252.0.0/15
1176	124.226.0.0/15
1177	222.216.0.0/15
1178	116.1.0.0/16
1179	125.73.0.0/16
1180	222.84.0.0/16
1181	222.218.0.0/16
1182	58.59.128.0/17
1183	219.159.128.0/17
1184	222.83.128.0/17
1114	115.152.0.0/15
1115	117.44.0.0/15
1116	218.64.0.0/15
1117	117.21.0.0/16
1118	61.180.0.0/17
1119	202.101.224.0/21
1120	103.22.0.0/22
1129	1.80.0.0/13
1130	36.40.0.0/13
1131	113.136.0.0/13
1132	117.32.0.0/13
1133	113.132.0.0/14
1134	219.144.0.0/14
1135	61.150.0.0/15
1136	117.22.0.0/15
1137	124.114.0.0/15
1138	222.90.0.0/15
1139	124.116.0.0/16
1140	125.76.128.0/17
1141	61.134.0.0/18
1142	202.100.32.0/19
1143	202.100.16.0/20
1144	202.100.0.0/21
1145	103.22.36.0/22
1154	106.80.0.0/12
1155	14.104.0.0/13
1156	125.80.0.0/13
1157	183.64.0.0/13
1158	222.176.0.0/13
1159	113.248.0.0/14
1160	119.84.0.0/14
1161	218.70.0.0/15
1162	219.152.0.0/15
1163	58.43.0.0/16
1164	219.151.128.0/17
1165	61.161.64.0/18
1166	202.98.48.0/20
1167	202.98.32.0/21
1168	202.98.40.0/21
1169	103.22.12.0/22
1192	27.184.0.0/13
1193	106.112.0.0/13
1194	111.224.0.0/14
1195	123.180.0.0/14
1196	124.236.0.0/14
1197	27.128.0.0/15
1198	106.8.0.0/15
1199	222.222.0.0/15
1200	219.148.0.0/16
1201	103.22.84.0/22
1223	42.248.0.0/13
1224	182.200.0.0/13
1225	59.44.0.0/14
1226	123.184.0.0/14
1227	123.244.0.0/14
1228	42.202.0.0/15
1229	123.177.0.0/16
1230	219.149.0.0/17
1231	103.22.104.0/22
1252	110.176.0.0/13
1253	223.8.0.0/13
1254	1.68.0.0/14
1255	113.24.0.0/14
1256	123.174.0.0/15
1257	59.48.0.0/16
1258	59.49.0.0/17
1259	219.149.128.0/18
1260	202.99.192.0/21
1261	103.22.72.0/22
1282	220.160.0.0/11
1283	27.152.0.0/13
1284	110.80.0.0/13
1285	117.24.0.0/13
1286	120.32.0.0/13
1287	27.148.0.0/14
1288	59.56.0.0/14
1289	110.88.0.0/14
1290	120.40.0.0/14
1291	121.204.0.0/14
1292	222.76.0.0/14
1293	59.60.0.0/15
1294	61.154.0.0/15
1295	125.78.0.0/15
1296	124.72.0.0/16
1297	125.77.0.0/16
1298	218.6.0.0/16
1299	218.66.0.0/16
1300	218.67.0.0/17
1301	202.101.128.0/18
1302	202.101.96.0/19
1303	202.80.192.0/21
1304	203.8.24.0/21
1305	203.12.88.0/21
1306	203.12.200.0/21
1307	203.13.80.0/21
1308	203.14.184.0/21
1309	203.15.112.0/21
1310	203.15.232.0/21
1311	203.16.16.0/21
1312	203.19.32.0/21
1313	203.20.136.0/21
1314	203.22.176.0/21
1315	203.25.48.0/21
1316	203.33.8.0/21
1317	203.34.192.0/21
1318	203.56.48.0/21
1319	203.80.136.0/21
1320	203.81.0.0/21
1321	203.82.16.0/21
1322	203.89.8.0/21
1323	203.99.8.0/21
1324	203.100.48.0/21
1325	203.119.120.0/21
1326	203.128.224.0/21
1327	203.129.8.0/21
1328	203.160.104.0/21
1329	203.194.120.0/21
1330	203.195.112.0/21
1331	203.196.8.0/21
1332	203.215.232.0/21
1333	203.223.16.0/21
1334	210.5.56.0/21
1335	210.48.136.0/21
1336	218.100.88.0/21
1337	218.185.240.0/21
1338	220.247.136.0/21
1339	1.1.4.0/22
1340	1.10.12.0/22
1341	14.0.12.0/22
1342	14.1.0.0/22
1343	14.102.128.0/22
1344	14.192.76.0/22
1345	36.0.0.0/22
1346	39.0.4.0/22
1347	42.0.0.0/22
1348	42.0.24.0/22
1349	42.1.56.0/22
1350	42.62.180.0/22
1351	42.83.80.0/22
1352	42.96.108.0/22
1353	42.99.112.0/22
1354	42.123.36.0/22
1355	42.156.36.0/22
1356	42.187.120.0/22
1357	42.194.8.0/22
1358	61.4.84.0/22
1359	101.0.0.0/22
1360	101.1.0.0/22
1361	101.2.172.0/22
1362	101.50.56.0/22
1363	101.53.100.0/22
1364	101.78.0.0/22
1365	101.96.8.0/22
1366	101.110.116.0/22
1367	101.128.0.0/22
1368	101.203.172.0/22
1369	101.234.76.0/22
1370	101.251.0.0/22
1371	103.22.32.0/22
1372	106.0.4.0/22
1373	110.76.156.0/22
1374	110.76.184.0/22
1375	111.235.156.0/22
1376	113.59.224.0/22
1377	183.78.180.0/22
1378	202.59.212.0/22
1379	202.60.132.0/22
1380	202.62.112.0/22
1381	202.62.248.0/22
1382	202.63.84.0/22
1383	202.67.0.0/22
1384	202.73.128.0/22
1385	202.75.252.0/22
1386	202.76.252.0/22
1387	202.77.92.0/22
1388	202.79.248.0/22
1389	202.81.0.0/22
1390	202.83.252.0/22
1391	202.84.4.0/22
1392	202.86.252.0/22
1393	202.91.0.0/22
1394	202.92.252.0/22
1395	202.94.92.0/22
1396	202.124.24.0/22
1397	202.127.196.0/22
1185	61.139.192.0/18
1186	219.159.64.0/18
1187	202.103.192.0/19
1188	202.103.240.0/20
1189	202.103.224.0/21
1190	202.103.232.0/21
1191	103.22.60.0/22
1202	106.16.0.0/12
1203	106.32.0.0/12
1204	175.0.0.0/12
1205	223.144.0.0/12
1206	113.240.0.0/13
1207	118.248.0.0/13
1208	222.240.0.0/13
1209	58.44.0.0/14
1210	113.220.0.0/14
1211	124.228.0.0/14
1212	113.218.0.0/15
1213	124.232.0.0/15
1214	218.76.0.0/15
1215	118.239.0.0/16
1216	59.51.0.0/17
1217	61.137.0.0/17
1218	202.103.64.0/19
1219	202.103.112.0/20
1220	202.103.96.0/21
1221	202.103.104.0/21
1222	103.22.68.0/22
1232	171.208.0.0/12
1233	182.128.0.0/12
1234	110.184.0.0/13
1235	118.112.0.0/13
1236	125.64.0.0/13
1237	171.88.0.0/13
1238	182.144.0.0/13
1239	218.88.0.0/13
1240	222.208.0.0/13
1241	118.120.0.0/14
1242	118.124.0.0/15
1243	221.236.0.0/15
1244	61.157.0.0/16
1245	61.188.0.0/16
1246	61.139.0.0/17
1247	202.98.128.0/19
1248	202.98.112.0/20
1249	202.98.96.0/21
1250	202.98.104.0/21
1251	103.22.124.0/22
1262	106.56.0.0/13
1263	182.240.0.0/13
1264	112.112.0.0/14
1265	116.52.0.0/14
1266	42.242.0.0/15
1267	60.160.0.0/15
1268	112.116.0.0/15
1269	116.248.0.0/15
1270	222.220.0.0/15
1271	61.166.0.0/16
1272	218.63.0.0/16
1273	222.219.0.0/16
1274	218.62.128.0/17
1275	222.172.128.0/17
1276	61.138.192.0/18
1277	202.98.64.0/19
1278	202.98.176.0/20
1279	202.98.160.0/21
1280	202.98.168.0/21
1281	103.22.28.0/22
2404	1.204.0.0/14
2405	111.120.0.0/14
2406	1.48.0.0/15
2407	114.138.0.0/15
2408	119.0.0.0/15
2409	222.86.0.0/15
2410	58.42.0.0/16
2411	111.124.0.0/16
2412	114.135.0.0/16
2413	59.51.128.0/17
2414	61.159.128.0/17
2415	61.189.128.0/17
2416	222.85.128.0/17
2417	202.101.64.0/19
2418	219.151.0.0/19
2419	202.98.208.0/20
2420	202.98.192.0/21
2421	202.98.200.0/21
2422	103.22.24.0/22
2434	36.48.0.0/15
2435	123.172.0.0/15
2436	124.234.0.0/15
2437	175.30.0.0/15
2438	222.168.0.0/15
2439	42.97.0.0/16
2440	218.62.0.0/17
2441	219.149.192.0/18
2442	202.111.160.0/19
2443	219.150.0.0/19
2444	202.98.16.0/20
2445	103.22.112.0/22
2452	182.32.0.0/12
2453	113.120.0.0/13
2454	122.4.0.0/14
2455	123.168.0.0/14
2456	58.56.0.0/15
2457	113.128.0.0/15
2458	150.138.0.0/15
2459	153.118.0.0/15
2460	222.174.0.0/15
2461	58.58.0.0/16
2462	60.235.0.0/16
2463	150.0.0.0/16
2464	150.115.0.0/16
2465	150.121.0.0/16
2466	150.122.0.0/16
2467	150.223.0.0/16
2468	222.173.0.0/16
2469	58.59.0.0/17
2470	103.22.108.0/22
2481	36.96.0.0/11
2482	115.192.0.0/11
2483	183.128.0.0/11
2484	36.16.0.0/12
2485	60.176.0.0/12
2486	115.224.0.0/12
2487	125.112.0.0/12
2488	122.240.0.0/13
2489	125.104.0.0/13
2490	218.72.0.0/14
2491	60.162.0.0/15
2492	123.96.0.0/15
2493	61.164.0.0/16
2494	202.96.112.0/20
2495	202.96.96.0/21
2496	202.96.104.0/21
2497	103.22.52.0/22
1398	202.127.212.0/22
1399	202.143.4.0/22
1400	202.146.188.0/22
1401	202.146.196.0/22
1402	202.150.56.0/22
1403	202.151.0.0/22
1404	202.153.0.0/22
1405	202.165.252.0/22
1406	202.172.0.0/22
1407	202.173.0.0/22
1408	202.191.68.0/22
1409	203.0.4.0/22
1410	203.0.132.0/22
1411	203.1.4.0/22
1412	203.1.100.0/22
1413	203.2.152.0/22
1414	203.3.96.0/22
1415	203.4.152.0/22
1416	203.4.208.0/22
1417	203.5.52.0/22
1418	203.8.212.0/22
1419	203.9.96.0/22
1420	203.10.84.0/22
1421	203.11.76.0/22
1422	203.11.84.0/22
1423	203.11.100.0/22
1424	203.11.136.0/22
1425	203.11.180.0/22
1426	203.11.208.0/22
1427	203.12.196.0/22
1428	203.12.240.0/22
1429	203.13.92.0/22
1430	203.14.24.0/22
1431	203.15.156.0/22
1432	203.18.72.0/22
1433	203.19.228.0/22
1434	203.21.96.0/22
1435	203.22.92.0/22
1436	203.23.92.0/22
1437	203.23.204.0/22
1438	203.23.228.0/22
1439	203.29.120.0/22
1440	203.34.204.0/22
1441	203.62.228.0/22
1442	203.76.160.0/22
1443	203.76.168.0/22
1444	203.77.180.0/22
1445	203.80.132.0/22
1446	203.83.0.0/22
1447	203.89.136.0/22
1448	203.90.8.0/22
1449	203.92.0.0/22
1450	203.119.116.0/22
1451	203.148.80.0/22
1452	203.149.92.0/22
1453	203.153.0.0/22
1454	203.161.0.0/22
1455	203.171.0.0/22
1456	203.189.112.0/22
1457	203.202.236.0/22
1458	1.0.2.0/23
1459	1.1.2.0/23
1460	1.2.0.0/23
1461	1.2.6.0/23
1462	1.4.2.0/23
1463	1.4.6.0/23
1464	1.10.8.0/23
1465	36.37.36.0/23
1466	39.0.2.0/23
1467	49.128.2.0/23
1468	101.101.102.0/23
1469	101.102.100.0/23
1470	106.0.2.0/23
1471	202.0.100.0/23
1472	202.0.122.0/23
1473	202.3.128.0/23
1474	202.6.6.0/23
1475	202.6.66.0/23
1476	202.6.72.0/23
1477	202.6.88.0/23
1478	202.6.92.0/23
1479	202.6.110.0/23
1480	202.8.2.0/23
1481	202.8.4.0/23
1482	202.9.34.0/23
1483	202.9.48.0/23
1484	202.9.52.0/23
1485	202.9.58.0/23
1486	202.12.84.0/23
1487	202.12.98.0/23
1488	202.14.64.0/23
1489	202.14.74.0/23
1490	202.14.78.0/23
1491	202.14.104.0/23
1492	202.14.108.0/23
1493	202.14.114.0/23
1494	202.14.118.0/23
1495	202.14.124.0/23
1496	202.14.158.0/23
1497	202.14.170.0/23
1498	202.14.184.0/23
1499	202.14.208.0/23
1500	202.14.222.0/23
1501	202.14.226.0/23
1502	202.20.88.0/23
1503	202.20.94.0/23
1504	202.21.150.0/23
1505	202.21.152.0/23
1506	202.27.136.0/23
1507	202.38.0.0/23
1508	202.38.130.0/23
1509	202.38.136.0/23
1510	202.38.142.0/23
1511	202.38.150.0/23
1512	202.38.154.0/23
1513	202.38.158.0/23
1514	202.38.168.0/23
1515	202.40.4.0/23
1516	202.40.144.0/23
1517	202.40.158.0/23
1518	202.41.8.0/23
1519	202.41.12.0/23
1520	202.41.130.0/23
1521	202.44.132.0/23
1522	202.44.146.0/23
1523	202.45.0.0/23
1524	202.46.16.0/23
1525	202.46.20.0/23
1526	202.47.82.0/23
1527	202.47.130.0/23
1528	202.63.82.0/23
1529	202.65.8.0/23
1530	202.74.254.0/23
1531	202.127.194.0/23
1532	202.165.240.0/23
1533	203.0.10.0/23
1534	203.0.42.0/23
1535	203.0.46.0/23
1536	203.0.82.0/23
1537	203.0.90.0/23
1538	203.0.96.0/23
1539	203.0.114.0/23
1540	203.0.130.0/23
1541	203.0.150.0/23
1542	203.1.26.0/23
1543	203.1.66.0/23
1544	203.1.70.0/23
1545	203.1.76.0/23
1546	203.1.98.0/23
1547	203.2.126.0/23
1548	203.2.156.0/23
1549	203.2.180.0/23
1550	203.2.196.0/23
1551	203.2.214.0/23
1552	203.2.226.0/23
1553	203.2.236.0/23
1554	203.3.72.0/23
1555	203.4.132.0/23
1556	203.4.174.0/23
1557	203.4.230.0/23
1558	203.5.4.0/23
1559	203.5.8.0/23
1560	203.5.46.0/23
1561	203.5.56.0/23
1562	203.5.60.0/23
1563	203.5.114.0/23
1564	203.5.180.0/23
1565	203.5.188.0/23
1566	203.5.214.0/23
1567	203.5.218.0/23
1568	203.6.138.0/23
1569	203.6.150.0/23
1570	203.6.248.0/23
1571	203.7.138.0/23
1572	203.7.150.0/23
1573	203.7.192.0/23
1574	203.8.86.0/23
1575	203.8.110.0/23
1576	203.8.166.0/23
1577	203.8.186.0/23
1578	203.8.190.0/23
1579	203.8.198.0/23
1580	203.8.210.0/23
1581	203.9.36.0/23
1582	203.9.70.0/23
1583	203.9.76.0/23
1584	203.9.100.0/23
1585	203.10.74.0/23
1586	203.11.142.0/23
1587	203.12.70.0/23
1588	203.12.100.0/23
1589	203.13.44.0/23
1590	203.13.88.0/23
1591	203.13.224.0/23
1592	203.14.114.0/23
1593	203.14.194.0/23
1594	203.15.20.0/23
1595	203.15.88.0/23
1596	203.15.130.0/23
1597	203.15.240.0/23
1598	203.16.12.0/23
1599	203.16.50.0/23
1600	203.16.186.0/23
1601	203.17.74.0/23
1602	203.17.88.0/23
1603	203.17.190.0/23
1604	203.18.2.0/23
1605	203.18.48.0/23
1606	203.18.80.0/23
1607	203.18.100.0/23
1608	203.18.132.0/23
1609	203.19.44.0/23
1610	203.19.60.0/23
1611	203.19.178.0/23
1612	203.19.248.0/23
1613	203.20.40.0/23
1614	203.20.84.0/23
1615	203.20.106.0/23
1616	203.20.118.0/23
1617	203.20.126.0/23
1618	203.21.0.0/23
1619	203.21.136.0/23
1620	203.22.28.0/23
1621	203.22.122.0/23
1622	203.22.242.0/23
1623	203.22.252.0/23
1624	203.23.62.0/23
1625	203.23.140.0/23
1626	203.23.186.0/23
1627	203.23.226.0/23
1628	203.24.80.0/23
1629	203.24.84.0/23
1630	203.24.122.0/23
1631	203.24.152.0/23
1632	203.24.186.0/23
1633	203.24.212.0/23
1634	203.25.20.0/23
1635	203.25.64.0/23
1636	203.25.154.0/23
1637	203.25.174.0/23
1638	203.25.202.0/23
1639	203.26.56.0/23
1640	203.26.102.0/23
1641	203.26.148.0/23
1642	203.26.158.0/23
1643	203.26.202.0/23
1644	203.27.22.0/23
1645	203.27.122.0/23
1646	203.28.34.0/23
1647	203.28.178.0/23
1648	203.28.226.0/23
1649	203.29.8.0/23
1650	203.29.182.0/23
1651	203.29.254.0/23
1652	203.30.16.0/23
1653	203.30.232.0/23
1654	203.30.240.0/23
1655	203.30.250.0/23
1656	203.31.54.0/23
1657	203.31.108.0/23
1658	203.31.222.0/23
1659	203.31.248.0/23
1660	203.32.48.0/23
1661	203.32.68.0/23
1662	203.32.84.0/23
1663	203.32.186.0/23
1664	203.32.204.0/23
1665	203.33.158.0/23
1666	203.33.202.0/23
1667	203.33.206.0/23
1668	203.33.214.0/23
1669	203.33.224.0/23
1670	203.34.48.0/23
1671	203.34.56.0/23
1672	203.34.152.0/23
1673	203.55.2.0/23
1674	203.55.116.0/23
1675	203.55.128.0/23
1676	203.55.146.0/23
1677	203.55.218.0/23
1678	203.56.68.0/23
1679	203.56.82.0/23
1680	203.56.84.0/23
1681	203.56.172.0/23
1682	203.56.208.0/23
1683	203.57.12.0/23
1684	203.57.70.0/23
1685	203.57.246.0/23
1686	203.57.254.0/23
1687	203.80.4.0/23
1688	203.82.0.0/23
1689	203.86.254.0/23
1690	203.110.232.0/23
1691	203.119.114.0/23
1692	203.148.86.0/23
1693	203.170.58.0/23
1694	203.189.0.0/23
1695	203.189.6.0/23
1696	203.191.0.0/23
1697	223.255.252.0/23
1698	1.0.1.0/24
1699	1.1.0.0/24
1700	1.2.5.0/24
1701	1.4.1.0/24
1702	1.4.5.0/24
1703	1.10.11.0/24
1704	36.37.39.0/24
1705	39.0.0.0/24
1706	49.128.0.0/24
1707	101.101.100.0/24
1708	101.102.102.0/24
1709	106.0.0.0/24
1710	202.6.87.0/24
1711	202.6.103.0/24
1712	202.6.108.0/24
1713	202.6.114.0/24
1714	202.8.0.0/24
1715	202.8.12.0/24
1716	202.8.24.0/24
1717	202.8.77.0/24
1718	202.9.32.0/24
1719	202.9.51.0/24
1720	202.9.54.0/24
1721	202.9.57.0/24
1722	202.12.1.0/24
1723	202.12.2.0/24
1724	202.12.17.0/24
1725	202.12.18.0/24
1726	202.12.72.0/24
1727	202.12.96.0/24
1728	202.12.106.0/24
1729	202.12.111.0/24
1730	202.12.116.0/24
1731	202.14.69.0/24
1732	202.14.73.0/24
1733	202.14.76.0/24
1734	202.14.88.0/24
1735	202.14.97.0/24
1736	202.14.111.0/24
1737	202.14.127.0/24
1738	202.14.129.0/24
1739	202.14.135.0/24
1740	202.14.136.0/24
1741	202.14.149.0/24
1742	202.14.151.0/24
1743	202.14.157.0/24
1744	202.14.169.0/24
1745	202.14.176.0/24
1746	202.14.213.0/24
1747	202.14.219.0/24
1748	202.14.220.0/24
1749	202.14.225.0/24
1750	202.14.231.0/24
1751	202.14.239.0/24
1752	202.14.246.0/24
1753	202.14.251.0/24
1754	202.20.66.0/24
1755	202.20.79.0/24
1756	202.20.87.0/24
1757	202.20.90.0/24
1758	202.20.114.0/24
1759	202.20.117.0/24
1760	202.20.120.0/24
1761	202.20.125.0/24
1762	202.20.127.0/24
1763	202.21.131.0/24
1764	202.21.132.0/24
1765	202.21.141.0/24
1766	202.21.142.0/24
1767	202.21.147.0/24
1768	202.21.148.0/24
1769	202.21.154.0/24
1770	202.21.156.0/24
1771	202.38.149.0/24
1772	202.38.156.0/24
1773	202.38.170.0/24
1774	202.40.7.0/24
1775	202.40.15.0/24
1776	202.40.135.0/24
1777	202.40.136.0/24
1778	202.40.140.0/24
1779	202.40.143.0/24
1780	202.40.150.0/24
1781	202.40.155.0/24
1782	202.40.156.0/24
1783	202.40.162.0/24
1784	202.41.11.0/24
1785	202.41.128.0/24
1786	202.41.192.0/24
1787	202.44.67.0/24
1788	202.44.74.0/24
1789	202.44.129.0/24
1790	202.45.2.0/24
1791	202.45.15.0/24
1792	202.46.18.0/24
1793	202.46.128.0/24
1794	202.47.126.0/24
1795	202.47.128.0/24
1796	202.58.0.0/24
1797	202.59.0.0/24
1798	202.59.236.0/24
1799	202.62.252.0/24
1800	202.62.255.0/24
1801	202.63.81.0/24
1802	202.86.249.0/24
1803	202.90.196.0/24
1804	202.122.132.0/24
1805	202.134.58.0/24
1806	202.137.231.0/24
1807	202.162.67.0/24
1808	202.162.75.0/24
1809	202.165.239.0/24
1810	202.165.243.0/24
1811	202.165.245.0/24
1812	202.165.251.0/24
1813	202.171.235.0/24
1814	202.191.0.0/24
1815	203.0.18.0/24
1816	203.0.24.0/24
1817	203.0.45.0/24
1818	203.0.81.0/24
1819	203.0.122.0/24
1820	203.0.128.0/24
1821	203.0.137.0/24
1822	203.0.142.0/24
1823	203.0.144.0/24
1824	203.0.146.0/24
1825	203.0.148.0/24
1826	203.0.152.0/24
1827	203.0.177.0/24
1828	203.0.224.0/24
1829	203.1.18.0/24
1830	203.1.65.0/24
1831	203.1.90.0/24
1832	203.1.97.0/24
1833	203.1.108.0/24
1834	203.1.253.0/24
1835	203.1.254.0/24
1836	203.2.73.0/24
1837	203.2.140.0/24
1838	203.2.150.0/24
1839	203.2.209.0/24
1840	203.2.229.0/24
1841	203.3.68.0/24
1842	203.3.75.0/24
1843	203.3.105.0/24
1844	203.3.120.0/24
1845	203.3.123.0/24
1846	203.3.135.0/24
1847	203.3.139.0/24
1848	203.3.143.0/24
1849	203.4.134.0/24
1850	203.4.151.0/24
1851	203.4.180.0/24
1852	203.4.186.0/24
1853	203.4.205.0/24
1854	203.4.227.0/24
1855	203.5.7.0/24
1856	203.5.11.0/24
1857	203.5.21.0/24
1858	203.5.22.0/24
1859	203.5.44.0/24
1860	203.5.118.0/24
1861	203.5.120.0/24
1862	203.5.172.0/24
1863	203.5.182.0/24
1864	203.5.185.0/24
1865	203.5.186.0/24
1866	203.5.190.0/24
1867	203.5.195.0/24
1868	203.6.131.0/24
1869	203.6.136.0/24
1870	203.6.142.0/24
1871	203.6.157.0/24
1872	203.6.159.0/24
1873	203.7.129.0/24
1874	203.7.147.0/24
1875	203.7.158.0/24
1876	203.7.200.0/24
1877	203.8.0.0/24
1878	203.8.8.0/24
1879	203.8.23.0/24
1880	203.8.70.0/24
1881	203.8.82.0/24
1882	203.8.91.0/24
1883	203.8.115.0/24
1884	203.8.169.0/24
1885	203.8.173.0/24
1886	203.8.184.0/24
1887	203.8.192.0/24
1888	203.8.197.0/24
1889	203.8.203.0/24
1890	203.8.209.0/24
1891	203.8.217.0/24
1892	203.8.220.0/24
1893	203.9.32.0/24
1894	203.9.57.0/24
1895	203.9.63.0/24
1896	203.9.65.0/24
1897	203.9.72.0/24
1898	203.9.75.0/24
1899	203.9.108.0/24
1900	203.9.158.0/24
1901	203.10.34.0/24
1902	203.10.56.0/24
1903	203.10.88.0/24
1904	203.10.95.0/24
1905	203.10.125.0/24
1906	203.11.70.0/24
1907	203.11.82.0/24
1908	203.11.109.0/24
1909	203.11.117.0/24
1910	203.11.122.0/24
1911	203.11.126.0/24
1912	203.11.141.0/24
1913	203.12.16.0/24
1914	203.12.19.0/24
1915	203.12.24.0/24
1916	203.12.57.0/24
1917	203.12.65.0/24
1918	203.12.66.0/24
1919	203.12.87.0/24
1920	203.12.103.0/24
1921	203.12.114.0/24
1922	203.12.118.0/24
1923	203.12.130.0/24
1924	203.12.137.0/24
1925	203.12.211.0/24
1926	203.12.219.0/24
1927	203.12.226.0/24
1928	203.13.18.0/24
1929	203.13.24.0/24
1930	203.13.173.0/24
1931	203.13.227.0/24
1932	203.13.233.0/24
1933	203.14.33.0/24
1934	203.14.56.0/24
1935	203.14.61.0/24
1936	203.14.62.0/24
1937	203.14.104.0/24
1938	203.14.118.0/24
1939	203.14.162.0/24
1940	203.14.192.0/24
1941	203.14.214.0/24
1942	203.14.231.0/24
1943	203.14.246.0/24
1944	203.15.22.0/24
1945	203.15.87.0/24
1946	203.15.105.0/24
1947	203.15.149.0/24
1948	203.15.151.0/24
1949	203.15.174.0/24
1950	203.15.227.0/24
1951	203.15.246.0/24
1952	203.16.10.0/24
1953	203.16.27.0/24
1954	203.16.38.0/24
1955	203.16.49.0/24
1956	203.16.58.0/24
1957	203.16.133.0/24
1958	203.16.161.0/24
1959	203.16.162.0/24
1960	203.16.228.0/24
1961	203.16.238.0/24
1962	203.16.240.0/24
1963	203.16.245.0/24
1964	203.17.2.0/24
1965	203.17.18.0/24
1966	203.17.28.0/24
1967	203.17.39.0/24
1968	203.17.56.0/24
1969	203.17.136.0/24
1970	203.17.164.0/24
1971	203.17.187.0/24
1972	203.17.231.0/24
1973	203.17.233.0/24
1974	203.17.248.0/24
1975	203.17.255.0/24
1976	203.18.4.0/24
1977	203.18.7.0/24
1978	203.18.31.0/24
1979	203.18.37.0/24
1980	203.18.52.0/24
1981	203.18.87.0/24
1982	203.18.105.0/24
1983	203.18.107.0/24
1984	203.18.110.0/24
1985	203.18.129.0/24
1986	203.18.131.0/24
1987	203.18.144.0/24
1988	203.18.153.0/24
1989	203.18.199.0/24
1990	203.18.208.0/24
1991	203.18.211.0/24
1992	203.18.215.0/24
1993	203.19.18.0/24
1994	203.19.24.0/24
1995	203.19.30.0/24
1996	203.19.41.0/24
1997	203.19.46.0/24
1998	203.19.58.0/24
1999	203.19.64.0/24
2000	203.19.68.0/24
2001	203.19.72.0/24
2002	203.19.101.0/24
2003	203.19.111.0/24
2004	203.19.131.0/24
2005	203.19.133.0/24
2006	203.19.144.0/24
2007	203.19.149.0/24
2008	203.19.156.0/24
2009	203.19.176.0/24
2010	203.19.208.0/24
2011	203.19.233.0/24
2012	203.19.242.0/24
2013	203.19.255.0/24
2014	203.20.17.0/24
2015	203.20.48.0/24
2016	203.20.61.0/24
2017	203.20.65.0/24
2018	203.20.89.0/24
2019	203.20.115.0/24
2020	203.20.117.0/24
2021	203.20.122.0/24
2022	203.20.135.0/24
2023	203.20.150.0/24
2024	203.20.230.0/24
2025	203.20.232.0/24
2026	203.20.236.0/24
2027	203.21.2.0/24
2028	203.21.8.0/24
2029	203.21.10.0/24
2030	203.21.18.0/24
2031	203.21.33.0/24
2032	203.21.34.0/24
2033	203.21.41.0/24
2034	203.21.44.0/24
2035	203.21.68.0/24
2036	203.21.82.0/24
2037	203.21.124.0/24
2038	203.21.145.0/24
2039	203.21.206.0/24
2040	203.22.24.0/24
2041	203.22.31.0/24
2042	203.22.68.0/24
2043	203.22.76.0/24
2044	203.22.78.0/24
2045	203.22.84.0/24
2046	203.22.87.0/24
2047	203.22.99.0/24
2048	203.22.106.0/24
2049	203.22.131.0/24
2050	203.22.163.0/24
2051	203.22.166.0/24
2052	203.22.170.0/24
2053	203.22.194.0/24
2054	203.22.245.0/24
2055	203.22.246.0/24
2056	203.23.0.0/24
2057	203.23.47.0/24
2058	203.23.61.0/24
2059	203.23.73.0/24
2060	203.23.85.0/24
2061	203.23.98.0/24
2062	203.23.107.0/24
2063	203.23.112.0/24
2064	203.23.130.0/24
2065	203.23.172.0/24
2066	203.23.182.0/24
2067	203.23.192.0/24
2068	203.23.197.0/24
2069	203.23.198.0/24
2070	203.23.224.0/24
2071	203.23.249.0/24
2072	203.23.251.0/24
2073	203.24.13.0/24
2074	203.24.18.0/24
2075	203.24.27.0/24
2076	203.24.43.0/24
2077	203.24.56.0/24
2078	203.24.58.0/24
2079	203.24.67.0/24
2080	203.24.74.0/24
2081	203.24.79.0/24
2082	203.24.86.0/24
2083	203.24.90.0/24
2084	203.24.111.0/24
2085	203.24.112.0/24
2086	203.24.116.0/24
2087	203.24.145.0/24
2088	203.24.157.0/24
2089	203.24.161.0/24
2090	203.24.167.0/24
2091	203.24.199.0/24
2092	203.24.202.0/24
2093	203.24.217.0/24
2094	203.24.219.0/24
2095	203.24.244.0/24
2096	203.25.19.0/24
2097	203.25.46.0/24
2098	203.25.91.0/24
2099	203.25.99.0/24
2100	203.25.100.0/24
2101	203.25.106.0/24
2102	203.25.131.0/24
2103	203.25.135.0/24
2104	203.25.138.0/24
2105	203.25.147.0/24
2106	203.25.153.0/24
2107	203.25.164.0/24
2108	203.25.166.0/24
2109	203.25.180.0/24
2110	203.25.182.0/24
2111	203.25.191.0/24
2112	203.25.199.0/24
2113	203.25.200.0/24
2114	203.25.229.0/24
2115	203.25.235.0/24
2116	203.25.236.0/24
2117	203.25.242.0/24
2118	203.26.12.0/24
2119	203.26.34.0/24
2120	203.26.49.0/24
2121	203.26.50.0/24
2122	203.26.55.0/24
2123	203.26.60.0/24
2124	203.26.65.0/24
2125	203.26.68.0/24
2126	203.26.76.0/24
2127	203.26.80.0/24
2128	203.26.84.0/24
2129	203.26.97.0/24
2130	203.26.115.0/24
2131	203.26.116.0/24
2132	203.26.129.0/24
2133	203.26.143.0/24
2134	203.26.144.0/24
2135	203.26.154.0/24
2136	203.26.170.0/24
2137	203.26.173.0/24
2138	203.26.176.0/24
2139	203.26.185.0/24
2140	203.26.210.0/24
2141	203.26.214.0/24
2142	203.26.222.0/24
2143	203.26.224.0/24
2144	203.26.228.0/24
2145	203.26.232.0/24
2146	203.27.0.0/24
2147	203.27.10.0/24
2148	203.27.15.0/24
2149	203.27.16.0/24
2150	203.27.20.0/24
2151	203.27.40.0/24
2152	203.27.45.0/24
2153	203.27.53.0/24
2154	203.27.65.0/24
2155	203.27.66.0/24
2156	203.27.81.0/24
2157	203.27.88.0/24
2158	203.27.102.0/24
2159	203.27.109.0/24
2160	203.27.117.0/24
2161	203.27.121.0/24
2162	203.27.125.0/24
2163	203.27.200.0/24
2164	203.27.202.0/24
2165	203.27.233.0/24
2166	203.27.241.0/24
2167	203.27.250.0/24
2168	203.28.10.0/24
2169	203.28.12.0/24
2170	203.28.33.0/24
2171	203.28.43.0/24
2172	203.28.44.0/24
2173	203.28.54.0/24
2174	203.28.56.0/24
2175	203.28.73.0/24
2176	203.28.74.0/24
2177	203.28.76.0/24
2178	203.28.86.0/24
2179	203.28.88.0/24
2180	203.28.112.0/24
2181	203.28.131.0/24
2182	203.28.136.0/24
2183	203.28.140.0/24
2184	203.28.145.0/24
2185	203.28.165.0/24
2186	203.28.169.0/24
2187	203.28.170.0/24
2188	203.28.185.0/24
2189	203.28.187.0/24
2190	203.28.196.0/24
2191	203.28.239.0/24
2192	203.29.2.0/24
2193	203.29.13.0/24
2194	203.29.14.0/24
2195	203.29.28.0/24
2196	203.29.46.0/24
2197	203.29.57.0/24
2198	203.29.61.0/24
2199	203.29.63.0/24
2200	203.29.69.0/24
2201	203.29.73.0/24
2202	203.29.81.0/24
2203	203.29.90.0/24
2204	203.29.95.0/24
2205	203.29.100.0/24
2206	203.29.103.0/24
2207	203.29.112.0/24
2208	203.29.187.0/24
2209	203.29.189.0/24
2210	203.29.190.0/24
2211	203.29.205.0/24
2212	203.29.210.0/24
2213	203.29.217.0/24
2214	203.29.227.0/24
2215	203.29.231.0/24
2216	203.29.233.0/24
2217	203.29.234.0/24
2218	203.29.248.0/24
2219	203.30.25.0/24
2220	203.30.27.0/24
2221	203.30.29.0/24
2222	203.30.66.0/24
2223	203.30.81.0/24
2224	203.30.87.0/24
2225	203.30.111.0/24
2226	203.30.121.0/24
2227	203.30.123.0/24
2228	203.30.152.0/24
2229	203.30.156.0/24
2230	203.30.162.0/24
2231	203.30.173.0/24
2232	203.30.175.0/24
2233	203.30.187.0/24
2234	203.30.194.0/24
2235	203.30.217.0/24
2236	203.30.220.0/24
2237	203.30.222.0/24
2238	203.30.235.0/24
2239	203.30.246.0/24
2240	203.31.45.0/24
2241	203.31.46.0/24
2242	203.31.49.0/24
2243	203.31.51.0/24
2244	203.31.69.0/24
2245	203.31.72.0/24
2246	203.31.80.0/24
2247	203.31.85.0/24
2248	203.31.97.0/24
2249	203.31.105.0/24
2250	203.31.106.0/24
2251	203.31.124.0/24
2252	203.31.162.0/24
2253	203.31.174.0/24
2254	203.31.177.0/24
2255	203.31.181.0/24
2256	203.31.187.0/24
2257	203.31.189.0/24
2258	203.31.204.0/24
2259	203.31.220.0/24
2260	203.31.225.0/24
2261	203.31.229.0/24
2262	203.31.253.0/24
2263	203.32.20.0/24
2264	203.32.56.0/24
2265	203.32.60.0/24
2266	203.32.62.0/24
2267	203.32.76.0/24
2268	203.32.81.0/24
2269	203.32.95.0/24
2270	203.32.102.0/24
2271	203.32.105.0/24
2272	203.32.130.0/24
2273	203.32.133.0/24
2274	203.32.140.0/24
2275	203.32.152.0/24
2276	203.32.192.0/24
2277	203.32.196.0/24
2278	203.32.203.0/24
2279	203.32.212.0/24
2280	203.33.4.0/24
2281	203.33.7.0/24
2282	203.33.21.0/24
2283	203.33.26.0/24
2284	203.33.32.0/24
2285	203.33.63.0/24
2286	203.33.64.0/24
2287	203.33.67.0/24
2288	203.33.68.0/24
2289	203.33.73.0/24
2290	203.33.79.0/24
2291	203.33.100.0/24
2292	203.33.122.0/24
2293	203.33.129.0/24
2294	203.33.131.0/24
2295	203.33.145.0/24
2296	203.33.156.0/24
2297	203.33.174.0/24
2298	203.33.185.0/24
2299	203.33.200.0/24
2300	203.33.204.0/24
2301	203.33.226.0/24
2302	203.33.233.0/24
2303	203.33.243.0/24
2304	203.33.250.0/24
2305	203.34.4.0/24
2306	203.34.21.0/24
2307	203.34.27.0/24
2308	203.34.39.0/24
2309	203.34.54.0/24
2310	203.34.67.0/24
2311	203.34.69.0/24
2312	203.34.76.0/24
2313	203.34.92.0/24
2314	203.34.106.0/24
2315	203.34.113.0/24
2316	203.34.147.0/24
2317	203.34.150.0/24
2318	203.34.161.0/24
2319	203.34.162.0/24
2320	203.34.187.0/24
2321	203.34.232.0/24
2322	203.34.240.0/24
2323	203.34.242.0/24
2324	203.34.245.0/24
2325	203.34.251.0/24
2326	203.55.4.0/24
2327	203.55.10.0/24
2328	203.55.13.0/24
2329	203.55.22.0/24
2330	203.55.30.0/24
2331	203.55.93.0/24
2332	203.55.101.0/24
2333	203.55.109.0/24
2334	203.55.110.0/24
2335	203.55.119.0/24
2336	203.55.192.0/24
2337	203.55.196.0/24
2338	203.55.221.0/24
2339	203.55.224.0/24
2340	203.56.1.0/24
2341	203.56.4.0/24
2342	203.56.12.0/24
2343	203.56.24.0/24
2344	203.56.38.0/24
2345	203.56.40.0/24
2346	203.56.46.0/24
2347	203.56.95.0/24
2348	203.56.110.0/24
2349	203.56.121.0/24
2350	203.56.161.0/24
2351	203.56.169.0/24
2352	203.56.175.0/24
2353	203.56.183.0/24
2354	203.56.185.0/24
2355	203.56.187.0/24
2356	203.56.192.0/24
2357	203.56.198.0/24
2358	203.56.201.0/24
2359	203.56.210.0/24
2360	203.56.214.0/24
2361	203.56.216.0/24
2362	203.56.227.0/24
2363	203.56.228.0/24
2364	203.56.232.0/24
2365	203.56.240.0/24
2366	203.56.252.0/24
2367	203.56.254.0/24
2368	203.57.5.0/24
2369	203.57.6.0/24
2370	203.57.28.0/24
2371	203.57.39.0/24
2372	203.57.46.0/24
2373	203.57.58.0/24
2374	203.57.61.0/24
2375	203.57.66.0/24
2376	203.57.69.0/24
2377	203.57.73.0/24
2378	203.57.90.0/24
2379	203.57.101.0/24
2380	203.57.109.0/24
2381	203.57.123.0/24
2382	203.57.157.0/24
2383	203.57.200.0/24
2384	203.57.202.0/24
2385	203.57.206.0/24
2386	203.57.222.0/24
2387	203.57.249.0/24
2388	203.57.253.0/24
2389	203.62.2.0/24
2390	203.62.131.0/24
2391	203.62.139.0/24
2392	203.62.161.0/24
2393	203.62.197.0/24
2394	203.62.234.0/24
2395	203.62.246.0/24
2396	203.80.57.0/24
2397	203.100.63.0/24
2398	203.110.234.0/24
2399	203.118.241.0/24
2400	203.119.113.0/24
2401	203.160.129.0/24
2402	203.174.4.0/24
2403	203.190.249.0/24
2423	112.66.0.0/15
2424	223.198.0.0/15
2425	59.50.0.0/16
2426	119.41.0.0/16
2427	124.225.0.0/16
2428	59.49.128.0/17
2429	121.58.0.0/17
2430	202.100.224.0/19
2431	202.100.208.0/20
2432	202.100.192.0/21
2433	103.22.48.0/22
2446	1.180.0.0/14
2447	111.126.0.0/15
2448	121.56.0.0/15
2449	123.178.0.0/15
2450	222.74.0.0/16
2451	103.22.8.0/22
2471	42.80.0.0/15
2472	123.150.0.0/15
2473	180.212.0.0/15
2474	42.122.0.0/16
2475	221.238.0.0/16
2476	221.239.0.0/17
2477	219.150.32.0/19
2478	219.150.64.0/19
2479	219.150.96.0/20
2480	103.22.120.0/22
2	203.93.4.0/22
4	203.93.32.0/19
6	210.14.224.0/19
7	203.93.0.0/22
9	203.93.136.0/22
12	210.12.64.0/18
15	203.93.160.0/19
18	210.15.0.0/19
21	203.93.140.0/24
\.


--
-- Data for Name: iprange_area; Type: TABLE DATA; Schema: public; Owner: test
--

COPY public.iprange_area (iprange_id, area_id) FROM stdin;
1	2
3	2
5	2
6	3
8	4
10	4
11	4
13	4
15	7
21	9
24	12
26	14
28	14
29	14
34	14
35	14
38	14
39	14
41	14
43	14
45	14
47	14
49	14
51	14
54	14
57	18
59	18
62	18
66	19
68	19
71	19
74	19
77	19
84	25
87	25
91	25
94	24
14	6
17	6
18	9
20	6
22	10
23	11
25	13
27	13
30	15
31	14
32	14
33	14
36	16
37	16
40	16
42	16
44	16
46	16
48	16
50	16
52	16
55	16
56	16
58	16
63	21
65	20
2498	156
2499	157
53	17
60	20
69	18
73	18
76	18
80	18
81	18
86	18
90	18
95	18
151	45
159	45
167	45
176	20
180	49
184	45
193	20
197	52
204	53
210	48
225	54
234	58
239	56
241	48
248	48
254	48
274	67
282	67
285	67
290	67
297	72
302	73
304	73
308	73
312	73
315	73
319	73
320	73
325	73
329	73
331	73
335	73
337	73
340	73
343	73
348	73
351	73
353	73
357	73
360	73
364	73
368	81
372	81
374	82
377	82
382	82
386	84
389	84
394	85
396	85
399	85
403	85
406	85
409	85
413	85
416	85
420	85
423	85
426	85
429	85
432	85
435	85
439	85
442	85
444	85
449	90
452	90
454	90
456	91
461	91
464	93
465	89
470	93
473	93
476	74
482	93
485	89
488	74
489	93
491	89
493	93
495	74
498	74
501	74
504	74
507	74
509	74
511	74
513	74
515	74
518	74
520	74
523	74
525	74
528	74
530	74
532	74
535	74
537	74
539	74
541	74
544	74
547	74
550	74
552	74
555	74
556	74
559	74
562	74
565	74
567	95
570	95
573	95
575	98
578	98
580	98
582	98
586	99
588	99
591	100
594	102
597	102
601	103
603	103
606	104
607	104
610	104
612	104
615	104
617	104
620	105
622	105
625	105
628	105
629	105
632	105
635	105
638	105
641	107
642	107
645	109
647	109
650	109
652	109
655	109
658	110
662	108
665	108
667	108
669	108
672	108
674	108
677	108
679	108
681	108
684	108
687	108
688	108
690	108
693	108
697	108
702	113
705	113
708	113
711	113
714	113
717	113
720	113
723	113
727	113
730	113
735	113
736	74
738	113
743	74
61	19
64	18
67	20
72	20
75	20
79	20
83	20
88	20
93	20
100	29
126	20
134	39
153	24
160	24
165	24
189	48
211	20
230	56
242	58
255	62
271	66
281	66
286	66
289	66
294	71
296	56
299	56
301	56
306	74
310	74
314	74
318	74
322	74
324	74
327	74
332	74
336	74
338	74
341	74
344	74
347	74
350	74
352	74
356	74
359	74
363	74
366	74
369	74
371	74
375	74
379	74
383	74
385	74
388	74
390	74
393	74
397	74
400	74
404	74
407	74
410	74
412	74
415	74
419	74
422	74
425	74
428	74
431	74
436	74
440	74
441	74
445	74
448	74
451	74
453	74
457	74
460	74
466	74
472	74
475	89
479	93
481	89
487	93
492	74
70	22
78	23
85	26
2519	56
82	24
89	24
92	27
96	28
104	31
112	32
136	20
142	20
140	24
150	43
155	43
157	43
162	43
166	43
172	45
179	48
185	51
186	48
192	51
194	52
200	48
202	45
201	20
206	48
209	45
207	52
215	48
220	54
224	48
229	48
233	48
237	48
245	45
249	60
251	60
256	60
260	60
265	65
270	65
278	69
284	69
288	56
293	72
97	20
98	20
101	20
105	20
109	30
111	20
120	35
127	33
129	18
138	41
144	43
147	43
149	20
99	30
102	30
103	30
106	30
108	20
114	32
118	29
122	20
123	18
121	33
128	37
132	20
135	40
141	42
146	44
148	39
152	20
154	20
156	20
158	20
161	20
164	47
168	47
169	47
170	43
171	48
174	48
181	51
183	48
190	51
199	45
203	48
205	45
208	20
213	45
218	54
226	45
228	45
232	45
236	45
240	45
244	56
246	56
250	56
253	56
257	56
259	56
262	56
264	56
266	56
269	56
272	56
275	56
277	56
279	56
298	71
305	71
309	71
313	71
317	71
323	71
330	71
333	71
342	77
346	77
355	79
361	80
365	80
376	81
380	81
387	83
392	83
402	83
408	83
417	87
421	87
427	87
433	87
437	87
446	87
458	92
462	89
467	93
468	89
478	74
480	74
483	74
486	89
496	93
499	93
503	93
506	93
512	93
517	93
522	93
524	93
529	95
534	95
538	95
543	95
546	95
549	95
553	95
558	95
560	95
564	95
569	74
572	74
574	74
577	74
581	74
584	74
587	74
590	74
592	74
595	74
599	74
602	74
605	74
609	101
613	101
616	101
619	101
624	106
627	106
631	106
633	106
636	106
639	106
644	108
648	108
651	108
654	108
657	108
660	108
661	111
664	111
668	111
671	111
675	111
678	111
682	111
685	111
691	112
694	112
696	112
699	112
701	112
703	112
706	112
709	112
712	112
715	112
718	112
721	112
725	112
728	114
731	114
732	74
737	113
740	74
742	113
746	74
748	74
749	115
758	115
764	74
765	74
766	74
768	74
769	74
771	74
772	74
774	74
776	74
778	74
781	74
783	74
785	74
787	74
789	74
791	74
793	74
795	74
797	74
107	32
115	34
117	20
119	18
110	33
113	20
116	18
124	36
125	18
130	39
131	38
133	18
137	18
139	18
143	18
145	18
163	46
173	49
175	50
177	49
178	45
188	51
187	49
196	51
198	51
217	20
216	45
219	48
222	55
223	56
227	57
231	57
235	57
238	57
243	57
247	59
252	61
258	63
261	64
263	64
267	68
268	68
273	68
276	70
280	71
283	71
287	71
291	71
292	67
295	67
300	67
303	67
307	67
311	67
316	67
321	75
326	75
328	75
334	76
339	76
345	78
349	78
354	78
358	78
362	78
367	78
370	78
373	78
378	78
381	78
384	78
391	85
395	86
398	86
401	86
405	86
411	86
414	83
418	83
424	83
430	88
434	88
438	88
443	89
447	89
450	89
455	89
459	89
463	74
469	74
471	89
474	93
477	89
484	93
490	74
494	89
497	89
500	89
502	89
505	89
508	89
510	89
514	89
516	89
519	89
521	89
526	94
527	94
531	94
533	94
536	94
540	94
542	94
545	94
548	96
551	96
554	96
557	96
561	96
563	96
566	96
568	96
571	96
576	97
579	97
583	97
585	97
589	97
593	101
596	101
598	101
600	101
604	101
608	74
611	74
614	74
618	74
621	74
623	74
626	74
630	74
634	74
637	74
640	74
643	74
646	74
649	74
653	74
656	74
659	74
663	74
666	74
670	74
673	74
676	74
680	74
683	74
686	74
689	74
692	74
695	74
698	74
700	74
704	74
707	74
710	74
713	74
716	74
719	74
722	74
724	74
726	74
729	74
733	113
734	74
739	74
741	113
745	74
750	74
751	115
753	74
754	115
756	115
757	74
759	74
760	74
762	74
182	20
191	20
195	45
212	53
214	52
221	45
744	113
747	115
752	74
755	74
761	116
763	116
767	116
770	116
773	116
775	116
777	116
779	116
780	116
782	116
784	116
786	116
788	116
790	116
792	116
794	116
796	116
798	117
799	74
801	74
803	74
804	74
806	74
808	74
811	74
813	74
815	74
817	74
818	74
820	74
823	74
824	74
826	74
828	74
830	74
832	74
833	74
835	74
838	74
839	74
841	74
843	74
845	74
847	74
849	74
850	74
852	74
854	74
856	74
858	74
859	74
861	74
863	74
865	74
867	74
869	74
871	74
873	74
875	74
877	74
878	122
880	122
883	74
885	74
886	74
888	74
890	74
892	74
894	74
896	74
897	74
899	74
901	74
903	74
905	74
907	74
909	74
910	74
912	74
915	74
916	74
917	74
918	74
919	74
920	74
921	74
922	74
923	74
924	74
925	74
926	74
927	74
928	74
929	74
930	74
931	74
932	74
933	74
934	74
935	74
936	74
937	74
938	74
939	74
940	74
941	74
942	74
943	74
944	74
945	74
946	74
947	74
948	74
949	74
950	74
951	74
952	74
953	74
954	74
955	74
956	74
957	74
969	127
970	127
993	129
994	129
995	129
996	129
997	129
998	129
999	129
1000	129
1001	129
1002	129
1003	129
1038	131
1039	131
1040	131
1041	131
1042	131
1043	131
1044	131
1045	131
1046	131
1047	131
1048	131
1049	131
1050	131
1051	131
1052	131
1060	133
1061	133
1062	133
1063	133
1064	133
1065	133
1066	133
1067	133
1068	133
1069	133
1070	133
1071	133
1072	133
1097	135
1098	135
1099	135
1100	135
1101	135
1102	135
1103	135
1104	135
1121	137
1122	137
1123	137
1124	137
1125	137
1126	137
1127	137
1128	137
1146	139
1147	139
800	117
802	117
805	117
807	117
809	117
810	117
812	117
814	117
816	117
819	117
821	117
822	117
825	118
827	118
829	118
831	118
834	118
836	118
837	118
840	118
842	119
844	119
846	119
848	119
851	120
853	120
855	120
857	120
860	121
862	121
864	121
866	121
868	121
870	121
872	121
874	121
876	122
879	74
881	74
882	122
884	122
887	122
889	122
891	122
893	122
895	123
898	123
900	124
902	124
904	124
906	124
908	124
911	125
913	125
914	125
958	126
959	126
960	126
961	126
962	126
963	126
964	126
965	126
966	126
967	126
968	126
971	128
972	128
973	128
974	128
975	128
976	128
977	128
978	128
979	128
980	128
981	128
982	128
983	128
984	128
985	128
986	128
987	128
988	128
989	128
990	128
991	128
992	128
1004	130
1005	130
1006	130
1007	130
1008	130
1009	130
1010	130
1011	130
1012	130
1013	130
1014	130
1015	130
1016	130
1017	130
1018	130
1019	130
1020	130
1021	130
1022	130
1023	130
1024	130
1025	130
1026	130
1027	130
1028	130
1029	130
1030	130
1031	130
1032	130
1033	130
1034	130
1035	130
1036	130
1037	130
1053	132
1054	132
1055	132
1056	132
1057	132
1058	132
1059	132
1073	134
1074	134
1075	134
1076	134
1077	134
1078	134
1079	134
1080	134
1081	134
1082	134
1083	134
1084	134
1085	134
1086	134
1087	134
1088	134
1089	134
1090	134
1091	134
1092	134
1093	134
1094	134
1095	134
1096	134
1105	136
1106	136
1107	136
1108	136
1109	136
1110	136
1111	136
1112	136
1113	136
1114	136
1115	136
1116	136
1117	136
1118	136
1119	136
1120	136
1129	138
1130	138
1131	138
1132	138
1133	138
1134	138
1135	138
1136	138
1137	138
1138	138
1139	138
1140	138
1141	138
1142	138
1143	138
1144	138
1145	138
1154	140
1155	140
1156	140
1157	140
1158	140
1159	140
1160	140
1161	140
1162	140
1163	140
1164	140
1165	140
1166	140
1167	140
1168	140
1169	140
1192	142
1193	142
1194	142
1195	142
1196	142
1197	142
1198	142
1199	142
1200	142
1201	142
1223	144
1224	144
1225	144
1226	144
1227	144
1228	144
1229	144
1230	144
1231	144
1252	146
1253	146
1254	146
1255	146
1256	146
1257	146
1258	146
1259	146
1260	146
1261	146
1282	148
1283	148
1284	148
1285	148
1286	148
1287	148
1288	148
1289	148
1290	148
1291	148
1292	148
1293	148
1294	148
1295	148
1296	148
1297	148
1298	148
1299	148
1300	148
1301	148
1302	148
1303	148
1304	148
1305	148
1306	148
1307	148
1308	148
1309	148
1310	148
1311	148
1312	148
1313	148
1314	148
1315	148
1316	148
1317	148
1318	148
1319	148
1320	148
1321	148
1322	148
1323	148
1324	148
1325	148
1326	148
1327	148
1328	148
1329	148
1330	148
1331	148
1332	148
1333	148
1334	148
1335	148
1336	148
1337	148
1338	148
1339	148
1340	148
1341	148
1342	148
1343	148
1344	148
1345	148
1346	148
1347	148
1348	148
1349	148
1350	148
1351	148
1352	148
1353	148
1354	148
1355	148
1356	148
1357	148
1358	148
1359	148
1360	148
1361	148
1362	148
1363	148
1364	148
1365	148
1366	148
1367	148
1368	148
1369	148
1370	148
1371	148
1372	148
1373	148
1374	148
1375	148
1376	148
1377	148
1378	148
1379	148
1380	148
1381	148
1382	148
1383	148
1384	148
1385	148
1386	148
1387	148
1388	148
1389	148
1390	148
1391	148
1392	148
1393	148
1394	148
1395	148
1396	148
1397	148
1398	148
1399	148
1400	148
1401	148
1402	148
1403	148
1404	148
1405	148
1406	148
1407	148
1408	148
1409	148
1410	148
1411	148
1412	148
1413	148
1414	148
1415	148
1416	148
1417	148
1418	148
1419	148
1420	148
1148	139
1149	139
1150	139
1151	139
1152	139
1153	139
1170	141
1171	141
1172	141
1173	141
1174	141
1175	141
1176	141
1177	141
1178	141
1179	141
1180	141
1181	141
1182	141
1183	141
1184	141
1185	141
1186	141
1187	141
1188	141
1189	141
1190	141
1191	141
1202	143
1203	143
1204	143
1205	143
1206	143
1207	143
1208	143
1209	143
1210	143
1211	143
1212	143
1213	143
1214	143
1215	143
1216	143
1217	143
1218	143
1219	143
1220	143
1221	143
1222	143
1232	145
1233	145
1234	145
1235	145
1236	145
1237	145
1238	145
1239	145
1240	145
1241	145
1242	145
1243	145
1244	145
1245	145
1246	145
1247	145
1248	145
1249	145
1250	145
1251	145
1262	147
1263	147
1264	147
1265	147
1266	147
1267	147
1268	147
1269	147
1270	147
1271	147
1272	147
1273	147
1274	147
1275	147
1276	147
1277	147
1278	147
1279	147
1280	147
1281	147
2404	149
2405	149
2406	149
2407	149
2408	149
2409	149
2410	149
2411	149
2412	149
2413	149
2414	149
2415	149
2416	149
2417	149
2418	149
2419	149
2420	149
2421	149
2422	149
2434	151
2435	151
2436	151
2437	151
2438	151
2439	151
2440	151
2441	151
2442	151
2443	151
2444	151
2445	151
2452	153
2453	153
2454	153
2455	153
2456	153
2457	153
2458	153
2459	153
2460	153
2461	153
2462	153
2463	153
2464	153
2465	153
2466	153
2467	153
2468	153
2469	153
2470	153
2481	155
2482	155
2483	155
2484	155
2485	155
2486	155
2487	155
2488	155
2489	155
2490	155
2491	155
2492	155
2493	155
2494	155
2495	155
2496	155
2497	155
1421	148
1422	148
1423	148
1424	148
1425	148
1426	148
1427	148
1428	148
1429	148
1430	148
1431	148
1432	148
1433	148
1434	148
1435	148
1436	148
1437	148
1438	148
1439	148
1440	148
1441	148
1442	148
1443	148
1444	148
1445	148
1446	148
1447	148
1448	148
1449	148
1450	148
1451	148
1452	148
1453	148
1454	148
1455	148
1456	148
1457	148
1458	148
1459	148
1460	148
1461	148
1462	148
1463	148
1464	148
1465	148
1466	148
1467	148
1468	148
1469	148
1470	148
1471	148
1472	148
1473	148
1474	148
1475	148
1476	148
1477	148
1478	148
1479	148
1480	148
1481	148
1482	148
1483	148
1484	148
1485	148
1486	148
1487	148
1488	148
1489	148
1490	148
1491	148
1492	148
1493	148
1494	148
1495	148
1496	148
1497	148
1498	148
1499	148
1500	148
1501	148
1502	148
1503	148
1504	148
1505	148
1506	148
1507	148
1508	148
1509	148
1510	148
1511	148
1512	148
1513	148
1514	148
1515	148
1516	148
1517	148
1518	148
1519	148
1520	148
1521	148
1522	148
1523	148
1524	148
1525	148
1526	148
1527	148
1528	148
1529	148
1530	148
1531	148
1532	148
1533	148
1534	148
1535	148
1536	148
1537	148
1538	148
1539	148
1540	148
1541	148
1542	148
1543	148
1544	148
1545	148
1546	148
1547	148
1548	148
1549	148
1550	148
1551	148
1552	148
1553	148
1554	148
1555	148
1556	148
1557	148
1558	148
1559	148
1560	148
1561	148
1562	148
1563	148
1564	148
1565	148
1566	148
1567	148
1568	148
1569	148
1570	148
1571	148
1572	148
1573	148
1574	148
1575	148
1576	148
1577	148
1578	148
1579	148
1580	148
1581	148
1582	148
1583	148
1584	148
1585	148
1586	148
1587	148
1588	148
1589	148
1590	148
1591	148
1592	148
1593	148
1594	148
1595	148
1596	148
1597	148
1598	148
1599	148
1600	148
1601	148
1602	148
1603	148
1604	148
1605	148
1606	148
1607	148
1608	148
1609	148
1610	148
1611	148
1612	148
1613	148
1614	148
1615	148
1616	148
1617	148
1618	148
1619	148
1620	148
1621	148
1622	148
1623	148
1624	148
1625	148
1626	148
1627	148
1628	148
1629	148
1630	148
1631	148
1632	148
1633	148
1634	148
1635	148
1636	148
1637	148
1638	148
1639	148
1640	148
1641	148
1642	148
1643	148
1644	148
1645	148
1646	148
1647	148
1648	148
1649	148
1650	148
1651	148
1652	148
1653	148
1654	148
1655	148
1656	148
1657	148
1658	148
1659	148
1660	148
1661	148
1662	148
1663	148
1664	148
1665	148
1666	148
1667	148
1668	148
1669	148
1670	148
1671	148
1672	148
1673	148
1674	148
1675	148
1676	148
1677	148
1678	148
1679	148
1680	148
1681	148
1682	148
1683	148
1684	148
1685	148
1686	148
1687	148
1688	148
1689	148
1690	148
1691	148
1692	148
1693	148
1694	148
1695	148
1696	148
1697	148
1698	148
1699	148
1700	148
1701	148
1702	148
1703	148
1704	148
1705	148
1706	148
1707	148
1708	148
1709	148
1710	148
1711	148
1712	148
1713	148
1714	148
1715	148
1716	148
1717	148
1718	148
1719	148
1720	148
1721	148
1722	148
1723	148
1724	148
1725	148
1726	148
1727	148
1728	148
1729	148
1730	148
1731	148
1732	148
1733	148
1734	148
1735	148
1736	148
1737	148
1738	148
1739	148
1740	148
1741	148
1742	148
1743	148
1744	148
1745	148
1746	148
1747	148
1748	148
1749	148
1750	148
1751	148
1752	148
1753	148
1754	148
1755	148
1756	148
1757	148
1758	148
1759	148
1760	148
1761	148
1762	148
1763	148
1764	148
1765	148
1766	148
1767	148
1768	148
1769	148
1770	148
1771	148
1772	148
1773	148
1774	148
1775	148
1776	148
1777	148
1778	148
1779	148
1780	148
1781	148
1782	148
1783	148
1784	148
1785	148
1786	148
1787	148
1788	148
1789	148
1790	148
1791	148
1792	148
1793	148
1794	148
1795	148
1796	148
1797	148
1798	148
1799	148
1800	148
1801	148
1802	148
1803	148
1804	148
1805	148
1806	148
1807	148
1808	148
1809	148
1810	148
1811	148
1812	148
1813	148
1814	148
1815	148
1816	148
1817	148
1818	148
1819	148
1820	148
1821	148
1822	148
1823	148
1824	148
1825	148
1826	148
1827	148
1828	148
1829	148
1830	148
1831	148
1832	148
1833	148
1834	148
1835	148
1836	148
1837	148
1838	148
1839	148
1840	148
1841	148
1842	148
1843	148
1844	148
1845	148
1846	148
1847	148
1848	148
1849	148
1850	148
1851	148
1852	148
1853	148
1854	148
1855	148
1856	148
1857	148
1858	148
1859	148
1860	148
1861	148
1862	148
1863	148
1864	148
1865	148
1866	148
1867	148
1868	148
1869	148
1870	148
1871	148
1872	148
1873	148
1874	148
1875	148
1876	148
1877	148
1878	148
1879	148
1880	148
1881	148
1882	148
1883	148
1884	148
1885	148
1886	148
1887	148
1888	148
1889	148
1890	148
1891	148
1892	148
1893	148
1894	148
1895	148
1896	148
1897	148
1898	148
1899	148
1900	148
1901	148
1902	148
1903	148
1904	148
1905	148
1906	148
1907	148
1908	148
1909	148
1910	148
1911	148
1912	148
1913	148
1914	148
1915	148
1916	148
1917	148
1918	148
1919	148
1920	148
1921	148
1922	148
1923	148
1924	148
1925	148
1926	148
1927	148
1928	148
1929	148
1930	148
1931	148
1932	148
1933	148
1934	148
1935	148
1936	148
1937	148
1938	148
1939	148
1940	148
1941	148
1942	148
1943	148
1944	148
1945	148
1946	148
1947	148
1948	148
1949	148
1950	148
1951	148
1952	148
1953	148
1954	148
1955	148
1956	148
1957	148
1958	148
1959	148
1960	148
1961	148
1962	148
1963	148
1964	148
1965	148
1966	148
1967	148
1968	148
1969	148
1970	148
1971	148
1972	148
1973	148
1974	148
1975	148
1976	148
1977	148
1978	148
1979	148
1980	148
1981	148
1982	148
1983	148
1984	148
1985	148
1986	148
1987	148
1988	148
1989	148
1990	148
1991	148
1992	148
1993	148
1994	148
1995	148
1996	148
1997	148
1998	148
1999	148
2000	148
2001	148
2002	148
2003	148
2004	148
2005	148
2006	148
2007	148
2008	148
2009	148
2010	148
2011	148
2012	148
2013	148
2014	148
2015	148
2016	148
2017	148
2018	148
2019	148
2020	148
2021	148
2022	148
2023	148
2024	148
2025	148
2026	148
2027	148
2028	148
2029	148
2030	148
2031	148
2032	148
2033	148
2034	148
2035	148
2036	148
2037	148
2038	148
2039	148
2040	148
2041	148
2042	148
2043	148
2044	148
2045	148
2046	148
2047	148
2048	148
2049	148
2050	148
2051	148
2052	148
2053	148
2054	148
2055	148
2056	148
2057	148
2058	148
2059	148
2060	148
2061	148
2062	148
2063	148
2064	148
2065	148
2066	148
2067	148
2068	148
2069	148
2070	148
2071	148
2072	148
2073	148
2074	148
2075	148
2076	148
2077	148
2078	148
2079	148
2080	148
2081	148
2082	148
2083	148
2084	148
2085	148
2086	148
2087	148
2088	148
2089	148
2090	148
2091	148
2092	148
2093	148
2094	148
2095	148
2096	148
2097	148
2098	148
2099	148
2100	148
2101	148
2102	148
2103	148
2104	148
2105	148
2106	148
2107	148
2108	148
2109	148
2110	148
2111	148
2112	148
2113	148
2114	148
2115	148
2116	148
2117	148
2118	148
2119	148
2120	148
2121	148
2122	148
2123	148
2124	148
2125	148
2126	148
2127	148
2128	148
2129	148
2130	148
2131	148
2132	148
2133	148
2134	148
2135	148
2136	148
2137	148
2138	148
2139	148
2140	148
2141	148
2142	148
2143	148
2144	148
2145	148
2146	148
2147	148
2148	148
2149	148
2150	148
2151	148
2152	148
2153	148
2154	148
2155	148
2156	148
2157	148
2158	148
2159	148
2160	148
2161	148
2162	148
2163	148
2164	148
2165	148
2166	148
2167	148
2168	148
2169	148
2170	148
2171	148
2172	148
2173	148
2174	148
2175	148
2176	148
2177	148
2178	148
2179	148
2180	148
2181	148
2182	148
2183	148
2184	148
2185	148
2186	148
2187	148
2188	148
2189	148
2190	148
2191	148
2192	148
2193	148
2194	148
2195	148
2196	148
2197	148
2198	148
2199	148
2200	148
2201	148
2202	148
2203	148
2204	148
2205	148
2206	148
2207	148
2208	148
2209	148
2210	148
2211	148
2212	148
2213	148
2214	148
2215	148
2216	148
2217	148
2218	148
2219	148
2220	148
2221	148
2222	148
2223	148
2224	148
2225	148
2226	148
2227	148
2228	148
2229	148
2230	148
2231	148
2232	148
2233	148
2234	148
2235	148
2236	148
2237	148
2238	148
2239	148
2240	148
2241	148
2242	148
2243	148
2244	148
2245	148
2246	148
2247	148
2248	148
2249	148
2250	148
2251	148
2252	148
2253	148
2254	148
2255	148
2256	148
2257	148
2258	148
2259	148
2260	148
2261	148
2262	148
2263	148
2264	148
2265	148
2266	148
2267	148
2268	148
2269	148
2270	148
2271	148
2272	148
2273	148
2274	148
2275	148
2276	148
2277	148
2278	148
2279	148
2280	148
2281	148
2282	148
2283	148
2284	148
2285	148
2286	148
2287	148
2288	148
2289	148
2290	148
2291	148
2292	148
2293	148
2294	148
2295	148
2296	148
2297	148
2298	148
2299	148
2300	148
2301	148
2302	148
2303	148
2304	148
2305	148
2306	148
2307	148
2308	148
2309	148
2310	148
2311	148
2312	148
2313	148
2314	148
2315	148
2316	148
2317	148
2318	148
2319	148
2320	148
2321	148
2322	148
2323	148
2324	148
2325	148
2326	148
2327	148
2328	148
2329	148
2330	148
2331	148
2332	148
2333	148
2334	148
2335	148
2336	148
2337	148
2338	148
2339	148
2340	148
2341	148
2342	148
2343	148
2344	148
2345	148
2346	148
2347	148
2348	148
2349	148
2350	148
2351	148
2352	148
2353	148
2354	148
2355	148
2356	148
2357	148
2358	148
2359	148
2360	148
2361	148
2362	148
2363	148
2364	148
2365	148
2366	148
2367	148
2368	148
2369	148
2370	148
2371	148
2372	148
2373	148
2374	148
2375	148
2376	148
2377	148
2378	148
2379	148
2380	148
2381	148
2382	148
2383	148
2384	148
2385	148
2386	148
2387	148
2388	148
2389	148
2390	148
2391	148
2392	148
2393	148
2394	148
2395	148
2396	148
2397	148
2398	148
2399	148
2400	148
2401	148
2402	148
2403	148
2423	150
2424	150
2425	150
2426	150
2427	150
2428	150
2429	150
2430	150
2431	150
2432	150
2433	150
2446	152
2447	152
2448	152
2449	152
2450	152
2451	152
2471	154
2472	154
2473	154
2474	154
2475	154
2476	154
2477	154
2478	154
2479	154
2480	154
2	1
4	3
7	3
9	5
12	7
16	8
19	6
\.


--
-- Data for Name: mirror; Type: TABLE DATA; Schema: public; Owner: test
--

COPY public.mirror (id, name) FROM stdin;
327	CPAN
328	CTAN
329	apache
330	archlinux
331	archlinux-arm
332	centos
333	debian-cd
334	eclipse
335	epel
336	gnu
337	kali-images
338	kali-security
339	linuxmint
340	opensuse
341	rpmfusion
342	ubuntu
343	ubuntu-releases
344	cygwin
345	sagemath
346	deepin-releases
347	packman
348	deepin
349	turnkeylinux
350	rubygems
351	qtproject
352	jenkins
353	elpa
354	vim
355	postgresql
356	msys2
357	macports
358	virtualbox
359	moodle
360	pentaho
361	debian
362	deepin-cd
363	gentoo
364	gentoo-portage
365	grml
366	knoppix
367	knoppix-dvd
368	oracle-linux
369	ubuntu-dvd
370	ubuntu-cdimage
371	docker-ce
372	Linux-HOWTO
373	fedora
374	csw
375	alpine
376	gitlab-ce
377	hackage
378	anaconda
379	homebrew-bottles
380	anthon
381	julia
382	kali
383	archlinuxarm
384	archlinuxcn
385	antergos
386	manjaro
387	caffe
388	aosp
389	neurodebian
390	npm
391	aosp-monthly
392	debian-security
393	openwrt
394	pythonxy
395	archive.raspberrypi.org
396	pypi
397	CRAN
398	qubes
399	bioc
400	raspbian
401	bjlx
402	blackarch
403	rfc
404	brew.git
405	stackage
406	kernel
407	centos-altarch
408	iso
409	centos-cloud
410	ceph
411	current
412	chakra
413	ros
414	clojars
415	releases
416	cloveros
417	distribution
418	html
419	crates.io-index
420	linuxmint-cd
421	tensorflow
422	logs
423	ctex
424	ubuntu-ports
425	mageia
426	deb-multimedia
427	debian-cdimage
428	debiancn
429	openvz
430	pub
431	dotdeb
432	remi
433	elrepo
434	scientific
435	sites
436	fedora-altarch
437	ubuntu-cd
438	fink
439	freebsd
440	freebsd-pkg
441	freebsd-ports
442	gimp
443	gmt
444	gnome
445	atomic
446	repoforge
447	lfs
448	golang
449	rpi-firmware
450	rpi-kernel
451	homebrew-cask.git
452	homebrew-core.git
453	cpan
454	influxdata
455	ius
456	putty
457	videolan
458	kde
459	android
460	kde-application
461	ldp
462	kernel.org
463	kubernetes
464	lede
465	AOSP
466	lineageos
467	linux.git
468	CocoaPods
469	loongson
470	ELK
471	HHVM
472	loongson2f
473	NetBSD
474	OpenBSD
475	adobe-fonts
476	manjaro-arm
477	manjaro-cd
478	mariadb
479	monitoring-plugins
480	mysql-ftp
481	arch4edu
482	mysql-repo
483	nginx
484	artixlinux
485	node
486	bananian
487	nodesource
488	bioconductor
489	openelec
490	openresty
492	centos-vault
493	parrot
494	percona
496	proxmox
495	chakra-releases
497	chromiumos
499	debian-multimedia
501	ruby
502	dell
503	salt
506	elasticstack
514	flightgear
516	fzug
517	gentoo-portage-prefix
518	ubuntu-cloud-images
519	ubuntu-old-releases
523	gitlab-ee
530	iina
532	libreoffice
534	lineageOS
536	linux-stable.git
538	lxc-images
540	mysql
542	openthos-src
544	osdn
546	pkgsrc
548	qt
550	redhat
552	saltstack
554	solus
556	winehq
559	lyx
561	vscode
563	hbcd
565	zerotier
567	brew
569	RFCs
498	puppy
500	debian-nonfree
504	scientificlinux
505	slackware
507	steamos
508	elvish
509	tdf
510	termux
511	erlang-solutions
512	tldp
513	trisquel
515	trisquel-images
520	git-repo
521	gitlab-ci-multi-runner
522	videolan-ftp
524	gitlab-runner
525	wine
526	xbmc
527	grafana
528	Xorg
529	homebrew
531	kodi
533	lineage-rom
535	linux-next.git
537	llvm
539	mongodb
541	nodejs-release
543	openthos
545	osmc
547	pybombs
549	raspberrypi
551	repo-ck
553	slackwarearm
555	tinycorelinux
557	zabbix
558	opnsense
560	virtio
562	kaoslinux
564	pritunl
566	homebrew-core
568	homebrew-cask
\.


--
-- Data for Name: mirrorignore; Type: TABLE DATA; Schema: public; Owner: test
--

COPY public.mirrorignore (mirrorstationid, mirrorname) FROM stdin;
10	download.html
4	favicon.ico
4	index2.html
4	robots.txt
4	sjtu.edu.cn.html
4	test
10	Downloads
10	linux
2	",
\.


--
-- Data for Name: mirrorstation; Type: TABLE DATA; Schema: public; Owner: test
--

COPY public.mirrorstation (id, name, url, selector, jsonurl, alive) FROM stdin;
1	上海大学	https://mirrors.shu.edu.cn	\N	/data/mirrors.json	t
9	东软信息学院	https://mirrors.neusoft.edu.cn	.container section .table-mirror tbody td:first-of-type a	\N	t
3	中国科技大学	https://mirrors.ustc.edu.cn	#filelist .filelist td.filename a	\N	t
10	北京理工大学	http://mirror.bit.edu.cn	ul>li>a:first-of-type	\N	t
5	上海科技大学	https://mirrors.geekpie.club	.indexcolicon a	\N	t
8	华中科技大学	http://mirrors.hust.edu.cn	#mirror-tbody tr td:first-of-type a	\N	t
7	兰州大学	https://mirror.lzu.edu.cn	.mirror_item a	\N	t
2	清华大学	https://mirrors.tuna.tsinghua.edu.cn	\N	/static/tunasync.json	t
4	上海交通大学	https://ftp.sjtu.edu.cn	pre :not(a:first-of-type)	\N	t
6	浙江大学	https://mirrors.zju.edu.cn	.src-list dl dt a	\N	t
\.


--
-- Data for Name: mirrorstation_area; Type: TABLE DATA; Schema: public; Owner: test
--

COPY public.mirrorstation_area (mirrorstation_id, area_id) FROM stdin;
1	112
2	85
3	56
3	156
3	46
4	112
5	112
5	130
5	157
6	114
7	78
8	67
9	111
10	85
\.


--
-- Data for Name: mirrorstation_mirror; Type: TABLE DATA; Schema: public; Owner: test
--

COPY public.mirrorstation_mirror (mirrorstation_id, mirror_id) FROM stdin;
9	332
9	335
9	445
9	433
9	446
9	382
9	337
9	400
9	449
9	450
9	343
9	330
9	363
9	364
9	453
9	396
9	350
9	344
9	334
9	456
9	457
9	459
9	461
8	327
8	328
8	329
8	330
8	331
8	332
8	333
8	334
8	335
8	336
8	337
8	338
8	339
8	340
8	341
8	342
8	343
8	344
8	345
8	346
8	347
8	348
1	361
1	552
1	558
1	559
1	560
1	409
1	561
1	562
1	563
1	426
1	343
1	379
1	396
1	485
1	539
1	540
1	564
1	565
1	501
1	371
1	378
1	358
1	330
1	342
1	329
1	332
1	382
1	478
1	355
1	328
1	363
1	340
1	557
5	378
5	380
5	330
5	383
5	384
5	387
5	332
5	327
5	397
5	328
5	344
5	333
5	392
5	361
5	362
5	348
5	379
5	406
5	339
5	356
5	396
5	400
5	413
5	421
5	370
5	424
5	343
5	342
4	372
4	330
4	332
4	374
4	361
4	333
4	392
4	348
4	362
4	373
4	418
4	339
4	420
4	422
4	425
4	340
4	429
4	430
4	432
4	434
4	435
4	342
4	437
7	327
7	397
7	328
7	375
7	380
7	330
7	384
7	402
7	332
7	407
7	344
7	361
7	333
7	392
7	348
7	346
7	433
7	335
7	373
7	439
7	363
7	364
7	336
7	382
7	337
7	406
7	447
7	340
7	396
7	341
7	342
7	343
3	375
3	378
3	385
3	380
3	388
3	391
3	329
3	395
3	330
3	383
3	384
3	399
3	401
3	402
3	404
3	332
3	407
3	409
3	410
3	412
3	414
3	416
3	327
3	397
3	419
3	328
3	423
3	344
3	426
3	361
3	333
3	427
3	392
3	428
3	348
3	362
3	371
3	431
3	334
3	433
3	335
3	373
3	436
3	438
3	439
3	440
3	441
3	363
3	364
3	442
3	443
3	444
3	336
3	448
3	377
3	379
3	451
3	452
3	454
3	455
3	352
3	382
3	337
3	458
3	460
3	462
3	366
3	367
3	463
3	464
3	447
3	466
3	467
3	339
3	420
3	469
3	472
3	357
3	425
3	386
3	476
3	477
3	478
3	479
3	356
3	480
3	482
3	389
3	483
3	485
3	487
3	489
3	490
3	340
3	429
3	347
3	493
3	494
3	355
3	496
3	498
3	396
3	394
3	351
3	400
3	432
3	403
3	413
3	341
3	501
3	350
3	345
3	503
3	504
3	505
3	405
3	507
3	509
3	510
3	512
3	513
3	515
3	349
3	342
3	370
3	518
3	519
3	424
3	343
3	522
3	354
3	525
3	526
3	528
10	329
10	349
10	327
10	328
10	350
10	351
10	334
10	352
10	353
1	397
1	354
1	352
1	333
1	337
1	518
1	370
1	446
1	508
1	522
1	375
1	348
1	362
1	493
1	566
1	567
1	468
1	568
1	327
1	569
1	410
1	344
1	334
1	442
1	336
1	444
1	458
1	406
1	532
1	393
1	456
1	400
1	350
1	530
1	384
1	383
1	339
1	373
1	464
1	335
1	420
1	357
1	356
1	407
1	386
1	380
1	477
2	465
2	327
2	397
2	328
2	468
2	470
2	471
2	473
2	474
2	475
2	375
2	378
2	385
2	380
2	391
2	329
2	481
2	330
2	383
2	384
2	484
2	486
2	488
2	401
2	402
2	407
2	492
2	332
2	410
2	495
2	412
2	497
2	414
2	423
2	344
2	333
2	499
2	500
2	392
2	361
2	362
2	348
2	502
2	371
2	431
2	334
2	506
2	353
2	433
2	508
2	335
2	511
2	436
2	373
2	514
2	516
2	517
2	364
2	363
2	520
2	376
2	521
2	523
2	524
2	336
2	527
2	377
2	379
2	529
2	530
2	454
2	455
2	352
2	337
2	338
2	382
2	406
2	531
2	464
2	532
2	533
2	534
2	535
2	536
2	467
2	420
2	339
2	537
2	469
2	538
2	357
2	425
2	477
2	386
2	478
2	539
2	356
2	540
2	389
2	541
2	487
2	490
2	340
2	542
2	543
2	393
2	544
2	545
2	347
2	493
2	494
2	546
2	355
2	498
2	547
2	396
2	548
2	549
2	400
2	550
2	432
2	551
2	446
2	413
2	341
2	350
2	345
2	552
2	505
2	553
2	554
2	405
2	507
2	421
2	510
2	555
2	370
2	518
2	424
2	343
2	342
2	522
2	358
2	556
2	557
10	354
10	355
10	344
10	356
10	357
10	358
10	359
10	360
10	330
10	332
10	333
10	361
10	348
10	362
10	335
10	363
10	364
10	365
10	366
10	367
10	340
10	368
10	342
10	369
10	343
10	370
\.


--
-- Name: area_id_seq; Type: SEQUENCE SET; Schema: public; Owner: test
--

SELECT pg_catalog.setval('public.area_id_seq', 166, true);


--
-- Name: iprange_id_seq; Type: SEQUENCE SET; Schema: public; Owner: test
--

SELECT pg_catalog.setval('public.iprange_id_seq', 2519, true);

--
-- Name: mirror_id_seq; Type: SEQUENCE SET; Schema: public; Owner: test
--

SELECT pg_catalog.setval('public.mirror_id_seq', 569, true);

--
-- Name: mirrorstation_id_seq; Type: SEQUENCE SET; Schema: public; Owner: test
--

SELECT pg_catalog.setval('public.mirrorstation_id_seq', 10, true);

--
-- Name: area_area area_area_pk; Type: CONSTRAINT; Schema: public; Owner: test
--

ALTER TABLE ONLY public.area_area
    ADD CONSTRAINT area_area_pk PRIMARY KEY (from_id, to_id);

--
-- Name: area area_name_isp_excl; Type: CONSTRAINT; Schema: public; Owner: test
--

ALTER TABLE ONLY public.area
    ADD CONSTRAINT area_name_isp_excl EXCLUDE USING gist (name WITH =, isp WITH =);

--
-- Name: area area_pkey; Type: CONSTRAINT; Schema: public; Owner: test
--

ALTER TABLE ONLY public.area
    ADD CONSTRAINT area_pkey PRIMARY KEY (id);

--
-- Name: iprange_area iprange_area_pkey; Type: CONSTRAINT; Schema: public; Owner: test
--

ALTER TABLE ONLY public.iprange_area
    ADD CONSTRAINT iprange_area_pkey PRIMARY KEY (iprange_id);

--
-- Name: iprange iprange_ip_excl; Type: CONSTRAINT; Schema: public; Owner: test
--

ALTER TABLE ONLY public.iprange
    ADD CONSTRAINT iprange_ip_excl EXCLUDE USING spgist (ip WITH &&);

--
-- Name: iprange iprange_pkey; Type: CONSTRAINT; Schema: public; Owner: test
--

ALTER TABLE ONLY public.iprange
    ADD CONSTRAINT iprange_pkey PRIMARY KEY (id);

--
-- Name: mirror mirror_pkey; Type: CONSTRAINT; Schema: public; Owner: test
--

ALTER TABLE ONLY public.mirror
    ADD CONSTRAINT mirror_pkey PRIMARY KEY (id);

--
-- Name: mirrorignore mirrorignore_pk; Type: CONSTRAINT; Schema: public; Owner: test
--

ALTER TABLE ONLY public.mirrorignore
    ADD CONSTRAINT mirrorignore_pk PRIMARY KEY (mirrorstationid, mirrorname);

--
-- Name: mirrorstation_area mirrorstation_area_pk; Type: CONSTRAINT; Schema: public; Owner: test
--

ALTER TABLE ONLY public.mirrorstation_area
    ADD CONSTRAINT mirrorstation_area_pk PRIMARY KEY (mirrorstation_id, area_id);

--
-- Name: mirrorstation_mirror mirrorstation_mirror_pk; Type: CONSTRAINT; Schema: public; Owner: test
--

ALTER TABLE ONLY public.mirrorstation_mirror
    ADD CONSTRAINT mirrorstation_mirror_pk PRIMARY KEY (mirrorstation_id, mirror_id);

--
-- Name: mirrorstation mirrorstation_pkey; Type: CONSTRAINT; Schema: public; Owner: test
--

ALTER TABLE ONLY public.mirrorstation
    ADD CONSTRAINT mirrorstation_pkey PRIMARY KEY (id);

--
-- Name: area_id_uindex; Type: INDEX; Schema: public; Owner: test
--

CREATE UNIQUE INDEX area_id_uindex
    ON public.area
    USING btree (id);

--
-- Name: iprange_area_area_id_index; Type: INDEX; Schema: public; Owner: test
--

CREATE INDEX iprange_area_area_id_index
    ON public.iprange_area
    USING btree (area_id);

--
-- Name: iprange_area_iprange_id_uindex; Type: INDEX; Schema: public; Owner: test
--

CREATE UNIQUE INDEX iprange_area_iprange_id_uindex
    ON public.iprange_area
    USING btree (iprange_id);

--
-- Name: iprange_id_uindex; Type: INDEX; Schema: public; Owner: test
--

CREATE UNIQUE INDEX iprange_id_uindex
    ON public.iprange
    USING btree (id);

--
-- Name: iprange_ip_uindex; Type: INDEX; Schema: public; Owner: test
--

CREATE UNIQUE INDEX iprange_ip_uindex
    ON public.iprange
    USING btree (ip);

--
-- Name: mirror_id_uindex; Type: INDEX; Schema: public; Owner: test
--

CREATE UNIQUE INDEX mirror_id_uindex
    ON public.mirror
    USING btree (id);

--
-- Name: mirror_name_uindex; Type: INDEX; Schema: public; Owner: test
--

CREATE UNIQUE INDEX mirror_name_uindex
    ON public.mirror
    USING btree (name);

--
-- Name: mirrorstation_id_uindex; Type: INDEX; Schema: public; Owner: test
--

CREATE UNIQUE INDEX mirrorstation_id_uindex
    ON public.mirrorstation
    USING btree (id);

--
-- Name: mirrorstation_mirror_mirror_id_index; Type: INDEX; Schema: public; Owner: test
--

CREATE INDEX mirrorstation_mirror_mirror_id_index
    ON public.mirrorstation_mirror
    USING btree (mirror_id);

--
-- Name: mirrorstation_mirror_mirrorstation_id_index; Type: INDEX; Schema: public; Owner: test
--

CREATE INDEX mirrorstation_mirror_mirrorstation_id_index
    ON public.mirrorstation_mirror
    USING btree (mirrorstation_id);

--
-- Name: mirrorstation_name_uindex; Type: INDEX; Schema: public; Owner: test
--

CREATE UNIQUE INDEX mirrorstation_name_uindex
    ON public.mirrorstation
    USING btree (name);

--
-- Name: mirrorstation_url_uindex; Type: INDEX; Schema: public; Owner: test
--

CREATE UNIQUE INDEX mirrorstation_url_uindex
    ON public.mirrorstation
    USING btree (url);

--
-- Name: area_area area_area_area_id_fk; Type: FK CONSTRAINT; Schema: public; Owner: test
--

ALTER TABLE ONLY public.area_area
    ADD CONSTRAINT area_area_area_id_fk FOREIGN KEY (from_id) REFERENCES public.area (id) ON UPDATE CASCADE ON DELETE CASCADE;

--
-- Name: area_area area_area_area_id_fk_2; Type: FK CONSTRAINT; Schema: public; Owner: test
--

ALTER TABLE ONLY public.area_area
    ADD CONSTRAINT area_area_area_id_fk_2 FOREIGN KEY (to_id) REFERENCES public.area (id) ON UPDATE CASCADE ON DELETE CASCADE;

--
-- Name: iprange_area iprange_area_area_id_fk; Type: FK CONSTRAINT; Schema: public; Owner: test
--

ALTER TABLE ONLY public.iprange_area
    ADD CONSTRAINT iprange_area_area_id_fk FOREIGN KEY (area_id) REFERENCES public.area (id) ON UPDATE CASCADE ON DELETE CASCADE;

--
-- Name: iprange_area iprange_area_iprange_id_fk; Type: FK CONSTRAINT; Schema: public; Owner: test
--

ALTER TABLE ONLY public.iprange_area
    ADD CONSTRAINT iprange_area_iprange_id_fk FOREIGN KEY (iprange_id) REFERENCES public.iprange (id) ON UPDATE CASCADE ON DELETE CASCADE;

--
-- Name: mirrorignore mirrorignore_mirrorstation_id_fk; Type: FK CONSTRAINT; Schema: public; Owner: test
--

ALTER TABLE ONLY public.mirrorignore
    ADD CONSTRAINT mirrorignore_mirrorstation_id_fk FOREIGN KEY (mirrorstationid) REFERENCES public.mirrorstation (id) ON UPDATE CASCADE ON DELETE CASCADE;

--
-- Name: mirrorstation_area mirrorstation_area_area_id_fk; Type: FK CONSTRAINT; Schema: public; Owner: test
--

ALTER TABLE ONLY public.mirrorstation_area
    ADD CONSTRAINT mirrorstation_area_area_id_fk FOREIGN KEY (mirrorstation_id) REFERENCES public.area (id) ON UPDATE CASCADE ON DELETE CASCADE;

--
-- Name: mirrorstation_area mirrorstation_area_mirrorstation_id_fk; Type: FK CONSTRAINT; Schema: public; Owner: test
--

ALTER TABLE ONLY public.mirrorstation_area
    ADD CONSTRAINT mirrorstation_area_mirrorstation_id_fk FOREIGN KEY (mirrorstation_id) REFERENCES public.mirrorstation (id) ON UPDATE CASCADE ON DELETE CASCADE;


--
-- PostgreSQL database dump complete
--

