--
-- PostgreSQL database dump
--

-- Dumped from database version 10.4
-- Dumped by pg_dump version 10.4

SET statement_timeout = 0;
SET lock_timeout = 0;
SET idle_in_transaction_session_timeout = 0;
SET client_encoding = 'UTF8';
SET standard_conforming_strings = on;
SELECT pg_catalog.set_config('search_path', '', false);
SET check_function_bodies = false;
SET client_min_messages = warning;
SET row_security = off;

SET default_tablespace = '';

SET default_with_oids = false;

--
-- Name: area; Type: TABLE; Schema: public; Owner: kaleido
--

CREATE TABLE public.area (
  id       integer               NOT NULL,
  province character varying(16) NOT NULL
);


ALTER TABLE public.area
  OWNER TO kaleido;

--
-- Name: area_mirrorstation; Type: TABLE; Schema: public; Owner: kaleido
--

CREATE TABLE public.area_mirrorstation (
  area_id          integer NOT NULL,
  mirrorstation_id integer NOT NULL,
  priority         integer NOT NULL
);


ALTER TABLE public.area_mirrorstation
  OWNER TO kaleido;

--
-- Name: city_id_seq; Type: SEQUENCE; Schema: public; Owner: kaleido
--

CREATE SEQUENCE public.city_id_seq
  AS integer
  START WITH 1
  INCREMENT BY 1
  NO MINVALUE
  NO MAXVALUE
  CACHE 1;


ALTER TABLE public.city_id_seq
  OWNER TO kaleido;

--
-- Name: city_id_seq; Type: SEQUENCE OWNED BY; Schema: public; Owner: kaleido
--

ALTER SEQUENCE public.city_id_seq
  OWNED BY public.area.id;

--
-- Name: ip; Type: TABLE; Schema: public; Owner: kaleido
--

CREATE TABLE public.ip (
  id   bigint NOT NULL,
  data cidr   NOT NULL
);


ALTER TABLE public.ip
  OWNER TO kaleido;

--
-- Name: ip_area; Type: TABLE; Schema: public; Owner: kaleido
--

CREATE TABLE public.ip_area (
  ip_id   bigint  NOT NULL,
  area_id integer NOT NULL
);


ALTER TABLE public.ip_area
  OWNER TO kaleido;

--
-- Name: ip_id_seq; Type: SEQUENCE; Schema: public; Owner: kaleido
--

CREATE SEQUENCE public.ip_id_seq
  START WITH 1
  INCREMENT BY 1
  NO MINVALUE
  NO MAXVALUE
  CACHE 1;


ALTER TABLE public.ip_id_seq
  OWNER TO kaleido;

--
-- Name: ip_id_seq; Type: SEQUENCE OWNED BY; Schema: public; Owner: kaleido
--

ALTER SEQUENCE public.ip_id_seq
  OWNED BY public.ip.id;

--
-- Name: mirrorstation; Type: TABLE; Schema: public; Owner: kaleido
--

CREATE TABLE public.mirrorstation (
  id       integer                                                NOT NULL,
  url      character varying(128)                                 NOT NULL,
  selector character varying(128) DEFAULT '' :: character varying NOT NULL
);


ALTER TABLE public.mirrorstation
  OWNER TO kaleido;

--
-- Name: mirrorstation_id_seq; Type: SEQUENCE; Schema: public; Owner: kaleido
--

CREATE SEQUENCE public.mirrorstation_id_seq
  AS integer
  START WITH 1
  INCREMENT BY 1
  NO MINVALUE
  NO MAXVALUE
  CACHE 1;


ALTER TABLE public.mirrorstation_id_seq
  OWNER TO kaleido;

--
-- Name: mirrorstation_id_seq; Type: SEQUENCE OWNED BY; Schema: public; Owner: kaleido
--

ALTER SEQUENCE public.mirrorstation_id_seq
  OWNED BY public.mirrorstation.id;

--
-- Name: area id; Type: DEFAULT; Schema: public; Owner: kaleido
--

ALTER TABLE ONLY public.area
  ALTER COLUMN id SET DEFAULT nextval('public.city_id_seq' :: regclass);

--
-- Name: ip id; Type: DEFAULT; Schema: public; Owner: kaleido
--

ALTER TABLE ONLY public.ip
  ALTER COLUMN id SET DEFAULT nextval('public.ip_id_seq' :: regclass);

--
-- Name: mirrorstation id; Type: DEFAULT; Schema: public; Owner: kaleido
--

ALTER TABLE ONLY public.mirrorstation
  ALTER COLUMN id SET DEFAULT nextval('public.mirrorstation_id_seq' :: regclass);

--
-- Data for Name: area; Type: TABLE DATA; Schema: public; Owner: kaleido
--

COPY public.area (id, province) FROM stdin;
1	北京
2	香港
3	黑龙江
4	浙江
5	上海
6	辽宁
7	广西
8	重庆
9	广东
10	山东
11	河南
12	湖北
13	天津
14	甘肃
15	海南
16	陕西
17	福建
18	吉林
19	青海
20	四川
21	湖南
22	江苏
23	云南
24	河北
25	安徽
26	新疆
27	贵州
28	内蒙古
29	宁夏
30	山西
31	江西
32	西藏
\.


--
-- Data for Name: area_mirrorstation; Type: TABLE DATA; Schema: public; Owner: kaleido
--

COPY public.area_mirrorstation (area_id, mirrorstation_id, priority) FROM stdin;
22	10	5
21	9	7
22	6	3
21	10	6
22	1	1
22	3	5
9	1	2
9	5	2
9	4	2
15	3	6
17	4	3
17	1	3
17	5	3
21	8	1
22	2	2
21	1	4
22	7	7
22	5	1
5	1	1
5	4	1
5	5	1
2	1	1
2	4	1
2	5	1
1	3	1
1	10	1
3	9	1
1	2	4
1	9	2
1	4	5
1	6	4
1	1	5
1	8	6
1	5	5
1	7	3
2	3	6
2	6	4
2	8	2
2	2	3
2	10	6
2	7	5
2	9	5
3	7	3
3	6	4
3	1	5
3	8	6
3	5	5
3	4	5
3	10	2
3	3	2
3	2	4
4	7	6
4	2	3
4	10	5
4	6	1
4	8	4
4	1	2
4	9	7
4	5	2
4	4	2
4	3	5
5	8	4
5	7	7
5	9	5
5	3	6
5	2	3
5	6	2
6	2	4
6	7	3
6	6	6
6	10	2
6	5	5
7	10	6
7	6	3
8	1	4
9	2	1
9	10	4
9	6	1
9	8	1
9	9	5
9	7	3
9	3	4
10	3	1
10	2	3
10	5	3
10	4	3
10	7	5
10	9	2
10	10	1
10	8	4
10	1	3
11	9	7
11	1	4
11	6	4
11	8	3
11	10	5
11	5	4
11	4	4
11	7	6
11	3	5
12	6	3
12	8	1
12	1	4
12	9	7
12	2	2
12	5	4
12	4	4
18	3	2
18	8	7
12	3	5
12	7	5
18	2	4
18	4	5
18	7	3
18	1	5
18	10	2
12	10	6
18	5	5
18	6	6
13	2	4
13	8	6
13	9	2
20	3	5
20	6	4
20	1	5
20	8	2
20	2	3
13	6	4
20	5	5
20	4	5
20	9	6
20	10	5
22	4	1
21	2	2
21	7	5
21	6	3
21	4	4
21	5	4
21	3	6
22	9	6
22	8	4
23	4	5
13	1	5
23	6	5
23	8	1
23	10	6
23	9	7
23	3	6
13	4	5
23	7	2
23	1	5
23	2	3
23	5	5
13	5	5
13	7	3
24	4	5
24	2	4
24	1	5
14	5	4
14	4	4
14	8	2
14	2	3
14	10	2
14	6	3
14	9	3
14	1	4
14	3	2
19	9	3
19	8	2
19	10	2
19	3	2
19	4	4
19	2	3
19	6	3
19	5	4
10	6	1
13	3	1
13	10	1
24	3	1
6	9	1
18	9	1
14	7	1
16	7	1
19	7	1
20	7	1
19	1	4
15	6	2
11	2	1
5	10	6
6	4	5
6	1	5
6	3	2
6	8	7
7	8	1
7	1	4
7	9	7
7	2	2
7	3	6
7	5	4
7	4	4
7	7	5
8	2	2
8	10	5
8	5	4
8	4	4
8	9	6
8	3	5
8	7	3
8	6	3
8	8	1
15	1	3
15	5	3
15	4	3
15	10	6
15	7	5
15	8	1
15	2	4
15	9	7
16	3	3
16	10	3
16	5	5
16	4	5
16	6	3
16	9	3
16	8	2
16	2	4
16	1	3
17	6	1
17	7	7
17	9	6
17	2	4
17	10	5
17	8	2
17	3	5
27	1	5
27	2	3
27	5	5
27	4	5
27	6	5
24	6	4
24	8	6
27	8	1
27	9	7
27	3	6
27	10	6
27	7	2
25	8	3
24	5	5
25	10	5
25	5	4
25	4	4
24	7	3
24	9	2
32	10	2
32	1	4
26	3	2
26	4	4
25	6	2
25	7	6
25	3	5
25	1	4
25	9	7
28	8	3
26	2	3
28	1	4
28	3	4
28	7	2
24	10	1
28	10	1
30	3	1
30	10	1
26	7	1
32	7	1
25	2	1
32	2	3
26	5	4
26	1	4
26	10	2
32	6	3
32	4	4
32	5	4
26	6	3
32	9	3
26	9	3
32	3	2
26	8	2
32	8	2
28	5	4
28	4	4
28	6	4
28	9	2
28	2	3
29	6	3
29	9	3
29	1	4
29	3	2
29	5	4
29	4	4
29	8	2
29	2	3
29	10	2
29	7	1
30	8	4
30	9	3
30	7	2
30	1	5
30	2	3
30	5	5
30	4	5
30	6	6
31	5	2
31	4	2
31	7	4
31	3	3
31	10	3
31	8	1
31	6	1
31	1	2
31	9	5
31	2	2
\.


--
-- Data for Name: ip; Type: TABLE DATA; Schema: public; Owner: kaleido
--

COPY public.ip (id, data) FROM stdin;
1	110.96.0.0/11
2	111.128.0.0/11
3	101.144.0.0/12
4	114.240.0.0/12
5	117.112.0.0/13
6	124.200.0.0/13
7	101.196.0.0/14
8	101.120.0.0/14
9	111.208.0.0/14
10	110.40.0.0/14
11	222.28.0.0/14
12	211.160.0.0/14
13	121.68.0.0/14
14	183.128.0.0/11
15	42.196.0.0/14
16	115.224.0.0/12
17	202.204.0.0/14
18	123.152.0.0/13
19	1.88.0.0/14
20	210.32.0.0/14
21	58.116.0.0/14
22	113.214.0.0/15
23	175.188.0.0/14
24	218.246.0.0/15
25	124.160.0.0/16
26	117.106.0.0/15
27	182.92.0.0/16
28	121.194.0.0/15
29	122.9.0.0/16
30	119.38.0.0/17
31	124.64.0.0/15
32	116.251.64.0/18
33	210.15.0.0/19
34	118.228.0.0/15
35	180.160.0.0/12
36	202.75.208.0/20
37	210.82.0.0/15
38	119.38.208.0/20
39	222.64.0.0/13
40	220.248.0.0/14
41	103.3.112.0/22
42	119.254.0.0/15
43	124.76.0.0/14
44	36.96.0.0/11
45	120.90.0.0/15
46	223.0.0.0/15
47	36.16.0.0/12
48	101.200.0.0/15
49	175.186.0.0/15
50	125.104.0.0/13
51	222.72.0.0/15
52	42.158.0.0/15
53	42.120.0.0/15
54	111.186.0.0/15
55	180.78.0.0/15
56	123.96.0.0/15
57	119.58.0.0/16
58	115.48.0.0/12
59	123.137.0.0/16
60	58.30.0.0/15
61	221.136.0.0/16
62	121.192.0.0/16
63	175.160.0.0/12
64	1.56.0.0/13
65	182.200.0.0/13
66	49.246.224.0/19
67	124.89.128.0/17
68	123.164.0.0/14
69	60.14.0.0/15
70	175.148.0.0/14
71	202.97.96.0/20
72	58.194.0.0/15
73	42.4.0.0/14
74	110.75.192.0/18
75	210.2.16.0/20
76	60.218.0.0/15
77	202.91.224.0/19
78	42.84.0.0/14
79	110.165.32.0/19
80	218.10.0.0/16
81	175.146.0.0/15
82	202.97.112.0/20
83	202.96.112.0/20
84	60.252.0.0/16
85	119.108.0.0/15
86	183.182.0.0/19
87	202.96.96.0/21
88	61.180.128.0/17
89	58.154.0.0/15
90	202.131.48.0/20
91	61.47.128.0/18
92	103.246.124.0/22
93	61.161.128.0/17
94	123.108.128.0/20
95	203.90.192.0/19
96	210.12.128.0/18
97	115.192.0.0/11
98	203.191.16.0/20
99	202.97.224.0/21
100	202.118.32.0/19
101	60.176.0.0/12
102	110.94.0.0/15
103	113.0.0.0/13
104	223.240.0.0/13
105	203.79.0.0/20
106	101.64.0.0/13
108	60.168.0.0/13
107	221.208.0.0/14
109	58.100.0.0/15
110	113.224.0.0/12
111	36.32.0.0/14
112	175.46.0.0/15
113	119.112.0.0/13
114	211.140.0.0/15
115	112.98.0.0/15
116	219.82.0.0/16
117	123.184.0.0/14
118	61.190.0.0/15
119	218.108.0.0/16
120	42.52.0.0/14
121	42.184.0.0/15
122	117.57.0.0/16
123	221.212.0.0/16
124	60.55.0.0/16
125	202.111.192.0/18
126	221.200.0.0/14
127	61.167.0.0/16
128	221.12.0.0/17
129	202.102.200.0/21
130	203.175.192.0/18
131	222.172.0.0/17
132	103.22.16.0/22
134	219.216.0.0/15
133	49.64.0.0/11
135	121.52.224.0/19
136	183.160.0.0/13
137	118.202.0.0/15
138	61.138.0.0/18
139	117.80.0.0/12
140	114.96.0.0/13
141	121.0.0.0/20
142	123.177.0.0/16
143	202.97.192.0/19
144	223.214.0.0/15
145	171.104.0.0/13
146	61.137.128.0/17
147	202.96.104.0/21
148	222.184.0.0/13
149	103.29.128.0/22
150	202.118.64.0/18
151	103.22.52.0/22
152	124.112.0.0/15
153	117.60.0.0/14
154	112.100.0.0/14
155	202.118.0.0/19
156	125.112.0.0/12
157	222.92.0.0/14
158	124.73.0.0/16
159	42.100.0.0/14
160	202.96.64.0/21
161	122.240.0.0/13
162	114.212.0.0/15
163	202.38.64.0/19
164	218.8.0.0/15
165	218.72.0.0/14
166	42.248.0.0/13
167	153.34.0.0/15
168	114.196.0.0/15
169	202.127.200.0/21
170	124.90.0.0/15
171	42.176.0.0/13
172	101.76.0.0/15
173	125.211.0.0/16
174	103.14.240.0/22
175	60.162.0.0/15
176	123.188.0.0/14
177	36.56.0.0/13
178	61.177.0.0/16
179	125.210.0.0/16
180	221.206.0.0/16
181	59.44.0.0/14
182	61.164.0.0/16
183	36.4.0.0/14
184	221.207.128.0/17
185	218.24.0.0/15
186	218.22.0.0/15
192	153.99.0.0/16
195	202.119.128.0/17
201	202.119.32.0/19
205	202.119.64.0/20
209	202.38.2.0/23
217	180.96.0.0/11
223	121.224.0.0/12
230	171.36.0.0/14
240	113.16.0.0/15
252	221.130.0.0/15
255	103.2.212.0/22
258	153.101.0.0/16
606	202.102.64.0/18
662	221.199.64.0/18
693	221.199.48.0/20
708	103.22.64.0/22
726	1.50.0.0/16
750	42.63.0.0/16
767	221.11.224.0/19
791	221.199.32.0/20
800	222.75.0.0/16
808	119.48.0.0/13
829	111.116.0.0/15
841	61.159.64.0/18
856	222.20.0.0/15
868	14.192.76.0/22
873	222.163.128.0/17
898	203.160.192.0/19
918	203.132.32.0/19
931	202.170.128.0/19
957	103.22.188.0/22
963	111.176.0.0/13
972	121.30.0.0/16
984	123.160.0.0/14
995	222.88.0.0/15
1018	111.118.200.0/21
1024	202.124.24.0/22
1027	221.6.0.0/16
1038	59.72.0.0/15
1040	112.64.0.0/15
1089	202.127.12.0/22
1128	59.174.0.0/15
1138	210.12.192.0/18
1160	114.111.0.0/19
1177	202.98.8.0/21
189	202.118.128.0/17
242	221.207.64.0/18
245	58.48.0.0/13
248	203.90.160.0/19
256	61.160.0.0/16
272	122.136.0.0/13
290	124.234.0.0/15
368	49.112.0.0/13
381	222.80.0.0/15
391	119.62.0.0/16
400	222.172.128.0/17
409	202.98.64.0/19
420	103.3.116.0/22
432	116.52.0.0/14
450	116.248.0.0/15
474	222.219.0.0/16
501	42.194.128.0/17
520	113.208.128.0/17
536	101.96.128.0/17
556	222.168.0.0/15
583	58.68.128.0/17
611	118.230.0.0/16
627	221.199.128.0/18
637	202.99.240.0/20
648	103.22.8.0/22
653	202.38.134.0/24
667	110.16.0.0/14
682	101.80.0.0/12
683	111.126.0.0/15
700	101.224.0.0/13
711	58.18.0.0/16
725	116.95.0.0/16
743	182.88.0.0/14
754	219.159.0.0/18
774	202.99.232.0/21
786	113.12.0.0/14
814	1.68.0.0/14
833	202.157.192.0/19
864	203.93.32.0/19
882	202.98.104.0/21
896	117.74.128.0/17
911	202.120.64.0/18
913	124.164.0.0/14
924	124.243.192.0/18
934	60.220.0.0/14
937	119.235.128.0/18
942	101.203.128.0/19
947	219.226.0.0/16
952	202.103.8.0/21
959	123.108.208.0/20
964	42.62.128.0/19
975	121.60.0.0/14
986	49.220.0.0/14
998	122.204.0.0/14
1011	202.86.252.0/22
1017	59.80.0.0/14
1021	114.80.0.0/12
1030	180.152.0.0/13
1045	125.32.0.0/16
1053	202.95.0.0/22
1057	202.119.80.0/20
1059	202.102.232.0/21
1062	202.114.64.0/18
1066	210.52.0.0/18
1071	202.114.0.0/19
1073	210.5.128.0/20
1078	202.103.0.0/21
1084	119.96.0.0/13
1091	59.78.0.0/15
1096	58.198.0.0/15
1109	58.244.0.0/15
1119	175.106.128.0/17
1120	42.208.0.0/12
1150	221.129.0.0/16
1156	202.147.144.0/20
1162	112.124.0.0/14
1165	106.52.0.0/14
190	218.60.0.0/15
193	116.2.0.0/15
197	61.176.0.0/16
202	219.149.0.0/17
206	124.6.64.0/18
212	203.100.96.0/19
215	202.96.72.0/21
220	60.16.0.0/13
225	124.92.0.0/14
229	123.244.0.0/14
234	202.102.192.0/21
237	103.28.204.0/22
249	116.1.0.0/16
253	42.202.0.0/15
259	183.92.0.0/14
410	42.186.0.0/16
428	111.85.0.0/16
448	61.159.128.0/17
468	219.151.0.0/19
491	61.158.0.0/17
503	124.128.0.0/13
522	122.4.0.0/14
535	211.64.0.0/14
549	222.174.0.0/15
558	221.214.0.0/15
564	119.162.0.0/15
568	58.14.0.0/15
574	221.2.0.0/16
579	61.156.0.0/16
585	150.121.0.0/16
589	61.162.0.0/16
595	58.59.0.0/17
597	180.178.192.0/18
602	221.195.0.0/16
678	202.115.64.0/18
703	202.98.112.0/20
721	124.163.0.0/16
740	61.134.192.0/18
764	103.22.72.0/22
778	171.120.0.0/13
798	222.24.0.0/15
816	202.148.64.0/19
834	218.100.88.0/21
843	211.82.0.0/16
853	1.10.12.0/22
859	219.159.64.0/18
883	202.103.224.0/21
901	113.136.0.0/13
920	219.144.0.0/14
191	60.166.0.0/15
196	112.132.0.0/16
200	202.102.208.0/20
207	203.93.4.0/22
211	117.64.0.0/13
214	114.104.0.0/14
219	112.122.0.0/15
224	58.242.0.0/15
235	42.56.0.0/14
238	125.222.0.0/15
243	222.26.0.0/15
257	58.248.0.0/13
260	122.156.0.0/14
285	1.188.0.0/14
291	113.8.0.0/15
404	222.170.0.0/15
427	14.134.0.0/15
439	218.7.0.0/16
451	124.224.0.0/16
464	60.11.0.0/16
466	218.21.0.0/17
484	118.239.0.0/16
490	115.148.0.0/14
499	183.168.0.0/15
511	124.116.0.0/16
512	221.7.0.0/19
528	103.3.136.0/22
541	110.152.0.0/14
554	110.156.0.0/15
557	60.13.128.0/17
562	202.100.176.0/20
567	103.22.116.0/22
570	120.68.0.0/14
577	124.88.0.0/16
586	202.107.128.0/17
591	202.100.168.0/21
608	123.144.0.0/14
616	219.152.0.0/15
625	42.50.0.0/16
636	182.96.0.0/12
645	106.4.0.0/14
649	218.64.0.0/15
661	211.142.0.0/17
663	115.152.0.0/15
668	118.212.0.0/16
672	202.101.224.0/21
691	202.117.0.0/18
706	202.100.32.0/19
716	103.3.156.0/22
717	60.0.0.0/13
724	119.248.0.0/14
730	110.228.0.0/14
737	106.8.0.0/15
739	218.11.0.0/16
747	182.51.0.0/16
753	61.134.128.0/18
765	202.99.168.0/21
773	103.1.168.0/22
781	111.72.0.0/13
810	116.252.0.0/15
813	222.84.0.0/16
826	182.84.0.0/14
827	118.27.0.0/16
848	202.100.72.0/21
850	61.134.0.0/18
888	110.176.0.0/13
905	61.133.0.0/17
950	202.110.192.0/18
1014	202.98.16.0/20
1049	103.247.168.0/22
1051	202.119.96.0/19
1060	113.128.0.0/15
1069	1.192.0.0/13
1072	125.40.0.0/13
1077	219.156.0.0/15
1085	211.84.0.0/15
1094	222.22.0.0/16
1102	61.54.0.0/16
1110	183.170.0.0/16
1114	125.220.0.0/15
1132	103.1.20.0/22
1136	116.207.0.0/16
1157	101.104.0.0/14
188	210.36.0.0/14
194	222.216.0.0/15
199	218.204.0.0/15
204	115.46.0.0/16
210	121.31.0.0/16
216	219.159.128.0/17
221	202.103.240.0/20
227	114.216.0.0/13
233	183.0.0.0/10
241	113.96.0.0/12
244	222.218.0.0/16
247	14.144.0.0/12
250	122.188.0.0/14
261	119.120.0.0/13
284	180.88.0.0/14
286	106.108.0.0/14
287	222.200.0.0/14
293	125.216.0.0/15
403	220.242.0.0/15
419	59.110.0.0/15
437	124.174.0.0/15
458	110.64.0.0/15
476	106.224.0.0/12
483	39.64.0.0/11
505	121.37.0.0/16
517	202.113.128.0/18
521	123.249.0.0/16
539	111.222.0.0/16
550	125.169.0.0/16
555	202.113.192.0/19
561	182.254.0.0/16
566	219.227.0.0/16
569	222.125.0.0/16
575	222.248.0.0/16
578	210.21.0.0/17
584	203.195.128.0/17
588	124.240.0.0/17
594	119.40.128.0/17
609	202.119.0.0/19
615	103.12.68.0/22
624	114.224.0.0/12
632	112.80.0.0/13
643	121.248.0.0/14
647	222.192.0.0/14
652	110.52.0.0/15
664	218.2.0.0/15
669	211.70.0.0/15
671	58.240.0.0/15
675	119.39.0.0/16
699	202.103.112.0/20
782	223.2.0.0/15
232	27.16.0.0/12
246	219.230.0.0/15
251	210.40.0.0/13
254	171.80.0.0/14
263	202.107.0.0/17
305	61.189.0.0/17
320	202.110.0.0/18
334	202.96.80.0/20
351	103.22.104.0/22
372	113.62.0.0/15
389	59.51.0.0/17
405	202.103.96.0/21
417	106.32.0.0/12
433	113.240.0.0/13
454	124.228.0.0/14
471	113.218.0.0/15
493	202.96.224.0/21
514	203.95.0.0/21
529	202.131.16.0/21
530	220.160.0.0/11
544	203.94.0.0/22
551	120.32.0.0/13
559	110.88.0.0/14
565	58.22.0.0/15
571	125.78.0.0/15
576	113.18.0.0/16
580	175.178.0.0/16
587	218.66.0.0/16
593	180.188.0.0/17
598	222.126.128.0/17
612	203.93.136.0/22
622	112.224.0.0/11
626	60.208.0.0/13
630	202.98.208.0/20
635	123.232.0.0/14
646	218.56.0.0/14
654	221.0.0.0/15
657	103.3.152.0/22
687	222.206.0.0/15
694	119.0.0.0/15
709	111.124.0.0/16
731	114.135.0.0/16
744	58.56.0.0/15
755	222.85.128.0/17
770	221.13.0.0/18
790	202.98.200.0/21
792	106.74.0.0/15
807	180.95.128.0/17
823	171.112.0.0/14
838	60.255.0.0/16
846	202.102.0.0/19
854	202.110.64.0/18
863	118.126.0.0/16
878	58.19.0.0/16
897	103.3.108.0/22
904	61.139.128.0/18
908	182.144.0.0/13
926	125.64.0.0/13
928	202.111.160.0/19
935	49.208.0.0/15
936	118.120.0.0/14
949	121.58.144.0/20
958	202.136.208.0/20
971	153.36.0.0/15
982	27.112.80.0/20
993	182.50.112.0/20
1007	202.22.248.0/22
1013	124.108.40.0/21
1029	202.127.216.0/21
1034	153.3.0.0/16
1042	202.113.64.0/18
1046	202.111.0.0/17
1050	202.111.128.0/19
1052	202.153.0.0/22
1056	42.97.0.0/16
1065	150.0.0.0/16
1070	114.214.0.0/16
1076	61.179.0.0/16
1079	121.48.0.0/15
1083	221.3.0.0/17
1092	218.98.192.0/19
1103	202.102.128.0/21
1104	221.10.0.0/16
1116	175.64.0.0/11
1117	36.0.0.0/19
1118	218.62.0.0/17
1121	61.152.0.0/16
1122	39.0.0.0/19
1125	61.138.128.0/18
1129	175.48.0.0/12
1135	202.120.128.0/17
1140	123.150.0.0/15
1152	202.98.128.0/19
1159	203.34.204.0/22
1161	218.104.200.0/21
1164	203.95.128.0/18
1168	203.90.8.0/22
1170	103.3.104.0/22
1172	219.150.64.0/19
1175	203.149.92.0/22
1176	219.150.32.0/19
1179	118.196.0.0/14
1180	119.37.128.0/18
1182	202.113.224.0/20
1185	202.99.104.0/21
1187	120.24.0.0/14
1189	202.134.128.0/20
1197	101.4.0.0/14
1203	203.208.0.0/20
1204	118.192.0.0/15
1207	1.10.16.0/20
1210	202.9.52.0/23
1214	182.174.0.0/15
1215	202.191.80.0/20
1219	203.25.208.0/20
1220	202.14.158.0/23
1223	203.83.224.0/20
1226	49.52.0.0/14
1241	61.170.0.0/15
1247	119.148.176.0/20
1250	61.169.0.0/16
1253	202.63.82.0/23
262	123.60.0.0/15
306	121.89.0.0/16
321	119.57.0.0/16
331	101.248.0.0/15
341	27.98.224.0/19
362	202.98.232.0/21
376	202.99.160.0/21
387	121.193.0.0/16
406	150.115.0.0/16
418	150.223.0.0/16
431	218.98.0.0/17
456	202.136.48.0/20
470	103.22.108.0/22
498	1.48.0.0/15
516	106.2.0.0/15
526	58.16.0.0/16
540	59.51.128.0/17
604	122.152.192.0/18
633	219.150.96.0/20
651	202.113.16.0/20
674	103.22.120.0/22
685	61.182.0.0/16
695	60.24.0.0/14
697	202.99.176.0/20
714	180.212.0.0/15
729	182.238.0.0/16
756	61.181.0.0/16
769	218.67.128.0/17
784	222.23.0.0/16
264	123.8.0.0/13
338	123.4.0.0/14
388	116.69.0.0/16
411	106.50.0.0/16
422	113.209.0.0/16
443	180.77.0.0/16
462	117.75.0.0/16
477	123.99.128.0/17
480	115.154.0.0/15
494	124.161.0.0/16
506	202.100.96.0/21
534	111.112.0.0/15
546	119.60.0.0/16
618	42.156.64.0/18
638	1.4.64.0/18
656	119.38.128.0/18
686	203.12.88.0/21
713	203.15.112.0/21
733	203.20.136.0/21
745	210.87.128.0/20
749	203.34.192.0/21
751	117.32.0.0/13
759	113.132.0.0/14
766	124.114.0.0/15
768	203.82.16.0/21
772	123.138.0.0/15
787	203.100.48.0/21
794	171.116.0.0/14
796	58.246.0.0/15
802	202.98.168.0/21
804	218.244.0.0/15
811	223.128.0.0/15
815	202.99.64.0/19
818	118.124.0.0/15
824	120.94.0.0/16
832	202.99.112.0/20
835	221.199.0.0/19
842	221.8.0.0/15
847	116.192.0.0/16
855	49.140.0.0/15
857	171.34.0.0/15
858	59.49.0.0/17
866	113.194.0.0/15
869	210.87.144.0/20
874	123.50.160.0/19
875	202.99.208.0/20
880	42.0.0.0/22
887	42.96.108.0/22
900	42.187.120.0/22
915	101.1.0.0/22
265	223.144.0.0/12
296	222.240.0.0/13
303	218.196.0.0/14
310	42.48.0.0/15
319	211.143.0.0/16
325	61.137.0.0/17
330	202.103.104.0/21
339	175.0.0.0/12
347	118.248.0.0/13
354	113.220.0.0/14
371	124.232.0.0/15
379	58.20.0.0/16
384	103.3.132.0/22
395	218.21.128.0/17
430	61.134.96.0/19
449	202.99.224.0/21
479	1.180.0.0/14
605	180.129.128.0/17
660	202.98.176.0/20
696	103.22.28.0/22
722	103.5.252.0/22
736	171.208.0.0/12
762	118.112.0.0/13
789	119.4.0.0/14
817	221.11.0.0/17
837	110.173.0.0/19
845	150.122.0.0/16
852	121.52.160.0/19
865	202.102.32.0/19
891	58.208.0.0/12
902	221.224.0.0/13
919	122.192.0.0/14
930	42.244.0.0/14
955	118.30.0.0/16
969	180.94.96.0/20
974	222.136.0.0/13
980	125.76.128.0/17
983	124.47.0.0/18
987	210.87.160.0/19
994	202.150.16.0/20
999	103.13.196.0/22
1001	116.193.16.0/20
1004	202.98.96.0/21
1010	123.168.0.0/14
1022	115.158.0.0/16
1025	110.184.0.0/13
1026	211.142.128.0/17
1031	175.30.0.0/15
1032	171.88.0.0/13
1033	222.85.0.0/17
1037	203.158.16.0/21
1041	111.223.240.0/22
1064	222.163.64.0/18
1067	61.161.0.0/18
1074	118.88.32.0/19
1081	222.163.0.0/19
1090	202.98.0.0/21
1097	123.172.0.0/15
1107	175.185.0.0/16
1111	203.4.208.0/22
1112	218.1.0.0/16
266	117.8.0.0/13
442	221.196.0.0/15
461	42.80.0.0/15
475	221.198.0.0/16
482	221.7.32.0/19
486	125.61.128.0/17
507	221.194.0.0/16
519	61.55.0.0/16
537	202.99.128.0/19
553	103.22.84.0/22
560	27.184.0.0/13
573	111.224.0.0/14
581	124.236.0.0/14
590	221.192.0.0/15
596	218.12.0.0/16
600	124.67.0.0/16
607	61.136.64.0/18
613	219.150.112.0/20
623	103.22.88.0/22
631	42.224.0.0/12
644	171.8.0.0/13
650	123.52.0.0/14
665	219.154.0.0/15
670	61.52.0.0/15
684	61.168.0.0/16
734	123.101.0.0/16
780	61.158.128.0/17
806	42.1.128.0/17
914	210.76.0.0/19
933	202.102.240.0/20
1009	221.239.0.0/17
1020	42.156.0.0/19
1047	202.146.188.0/22
1058	111.170.0.0/16
1061	203.119.80.0/22
1068	103.3.84.0/22
1075	103.23.56.0/22
1080	202.127.6.0/23
1082	223.166.0.0/15
1088	202.127.4.0/24
1093	116.208.0.0/14
1095	202.127.3.0/24
1100	111.172.0.0/14
1101	123.64.0.0/11
1106	36.48.0.0/15
1108	175.24.0.0/14
1113	222.162.0.0/16
1115	27.50.128.0/17
1124	61.188.0.0/16
1127	110.76.192.0/18
1130	203.11.136.0/22
1131	119.36.0.0/16
1133	221.216.0.0/13
1134	203.12.240.0/22
1139	119.31.192.0/19
1141	203.18.72.0/22
1144	203.176.0.0/18
1145	122.144.128.0/17
1146	218.68.0.0/15
1147	203.23.92.0/22
1148	202.63.160.0/19
1149	101.244.0.0/14
1153	182.239.0.0/19
1154	119.37.0.0/17
1155	60.30.0.0/16
1163	203.77.180.0/22
267	1.80.0.0/13
298	202.200.0.0/14
307	219.244.0.0/14
313	222.90.0.0/15
322	117.22.0.0/15
333	218.195.0.0/16
345	124.89.0.0/17
355	202.117.64.0/18
364	203.152.64.0/19
377	202.100.16.0/20
394	124.117.0.0/16
407	222.83.0.0/17
424	202.100.160.0/21
440	218.84.0.0/14
459	124.118.0.0/15
489	202.100.112.0/20
524	27.224.0.0/14
620	180.233.64.0/19
659	202.153.48.0/20
689	202.103.128.0/18
707	42.99.0.0/18
728	210.79.64.0/18
748	218.100.96.0/19
775	218.104.160.0/19
799	203.88.192.0/19
820	115.84.192.0/19
839	61.184.0.0/14
851	202.100.104.0/21
870	115.156.0.0/15
876	103.22.20.0/22
893	103.22.0.0/22
907	117.40.0.0/14
921	60.200.0.0/14
938	117.44.0.0/15
943	58.192.0.0/15
956	221.238.0.0/16
977	202.103.192.0/19
989	103.22.60.0/22
1000	103.22.36.0/22
1005	61.163.0.0/16
1043	60.232.0.0/15
1054	222.196.0.0/15
1087	101.251.32.0/19
1099	1.2.32.0/19
1126	202.99.96.0/21
1137	202.90.112.0/20
1167	125.35.128.0/17
1173	125.215.0.0/18
1178	61.45.224.0/20
1183	118.244.0.0/14
1186	1.2.0.0/23
1188	180.150.160.0/19
1191	1.10.8.0/23
1193	118.144.0.0/14
1194	202.168.176.0/20
1196	119.15.136.0/21
1200	117.100.0.0/15
1201	202.6.72.0/23
1206	202.8.2.0/23
1209	103.22.76.0/22
1212	202.22.252.0/22
1216	116.224.0.0/12
1218	123.196.0.0/15
1221	123.56.0.0/15
1222	58.32.0.0/13
1224	202.14.222.0/23
1225	49.210.0.0/15
1227	202.8.192.0/20
1228	202.21.150.0/23
1229	116.246.0.0/15
1232	101.124.0.0/15
1234	202.38.130.0/23
1236	58.40.0.0/15
1237	60.206.0.0/15
1238	101.101.112.0/20
1239	202.38.154.0/23
1240	106.48.0.0/15
1242	202.40.144.0/23
1245	202.41.130.0/23
1248	220.154.0.0/15
1251	121.50.8.0/21
1252	61.135.0.0/16
1254	42.195.0.0/16
1257	202.165.240.0/23
1258	120.133.0.0/16
1261	119.253.0.0/16
1262	203.0.0.0/23
1263	202.108.0.0/16
1266	118.188.0.0/16
1269	210.25.0.0/16
1271	114.215.0.0/16
1272	203.1.70.0/23
1275	211.154.0.0/16
1276	203.2.156.0/23
1279	106.11.0.0/16
1280	101.54.0.0/16
1282	203.2.226.0/23
1283	124.248.0.0/17
1285	124.21.128.0/17
1287	203.4.174.0/23
1289	116.213.128.0/17
1291	203.5.46.0/23
1293	219.83.128.0/17
1295	203.5.180.0/23
1297	42.96.128.0/17
1298	203.6.138.0/23
1301	42.240.128.0/17
1302	223.252.128.0/17
1305	203.7.150.0/23
1306	120.132.128.0/17
1308	203.8.166.0/23
1309	117.121.0.0/17
1312	122.200.64.0/18
1313	203.8.210.0/23
1316	110.172.192.0/18
1318	202.80.200.0/21
1321	202.74.8.0/21
1323	203.14.114.0/23
1325	202.96.128.0/21
1334	203.18.132.0/23
1335	203.2.64.0/21
1336	111.91.192.0/19
1340	101.234.64.0/21
1341	203.20.118.0/23
1342	101.78.32.0/19
1344	180.148.16.0/21
1346	203.23.62.0/23
1348	202.152.176.0/20
1350	1.2.12.0/22
1352	203.24.186.0/23
1354	203.99.16.0/20
1355	203.25.154.0/23
1356	113.64.0.0/11
1359	119.38.192.0/20
1363	14.208.0.0/12
1364	203.28.226.0/23
1365	112.88.0.0/13
1369	202.85.208.0/20
1370	203.31.54.0/23
1371	202.192.0.0/13
1373	203.32.48.0/23
1375	58.60.0.0/14
1376	203.32.204.0/23
1380	202.95.8.0/21
1381	116.4.0.0/14
1382	203.34.152.0/23
1383	116.56.0.0/15
1387	203.91.120.0/21
1389	222.16.0.0/15
1390	103.3.128.0/22
1391	124.172.0.0/15
1392	103.6.76.0/22
1395	203.82.0.0/23
1398	202.4.252.0/22
1399	203.148.86.0/23
1400	59.42.0.0/16
1401	203.191.0.0/23
1403	1.2.5.0/24
1405	120.31.0.0/16
1407	202.14.236.0/23
1408	36.37.39.0/24
1409	202.38.176.0/23
1410	163.177.0.0/16
1412	163.142.0.0/16
1414	202.14.238.0/24
1417	202.8.24.0/24
1418	218.13.0.0/16
1419	110.192.0.0/11
1420	202.9.54.0/24
1421	124.147.128.0/17
1422	202.12.17.0/24
1423	122.64.0.0/11
1424	218.100.128.0/17
1425	202.12.106.0/24
1426	123.98.0.0/17
1428	202.14.73.0/24
1429	121.46.128.0/17
1430	111.192.0.0/12
1431	202.14.111.0/24
1436	171.84.0.0/14
1438	121.46.0.0/18
1440	202.14.220.0/24
1443	202.14.246.0/24
1446	202.20.87.0/24
268	42.88.0.0/13
436	60.164.0.0/15
452	59.76.0.0/16
467	115.85.192.0/18
481	103.22.24.0/22
487	180.130.0.0/16
504	121.56.0.0/15
523	222.74.0.0/16
538	60.31.0.0/16
552	61.138.64.0/18
563	221.199.192.0/20
572	103.3.140.0/22
582	116.112.0.0/14
592	116.116.0.0/15
601	202.102.144.0/20
1450	202.20.120.0/24
1452	121.101.0.0/18
1454	116.60.0.0/14
1456	202.21.148.0/24
1468	203.86.96.0/19
1469	61.232.0.0/14
1471	202.164.96.0/19
1472	121.196.0.0/14
1478	202.62.255.0/24
1483	203.152.128.0/19
1485	124.16.0.0/15
1491	116.242.0.0/15
1497	101.252.0.0/15
1504	60.194.0.0/15
1507	1.92.0.0/15
1510	219.242.0.0/15
1513	124.250.0.0/15
1516	123.62.0.0/16
1519	180.86.0.0/16
1522	120.92.0.0/16
1525	202.106.0.0/16
1528	121.47.0.0/16
1531	116.85.0.0/16
1534	125.98.0.0/16
1537	114.68.0.0/16
1540	211.147.0.0/16
1543	118.184.0.0/16
1545	124.20.0.0/16
1548	125.35.0.0/17
1551	123.199.128.0/17
1554	116.70.0.0/17
1557	60.245.128.0/17
1560	42.156.128.0/17
1563	42.187.128.0/17
1566	117.58.0.0/17
1569	211.99.128.0/17
1572	211.103.128.0/17
1575	210.12.64.0/18
1578	220.101.192.0/18
1581	117.121.128.0/18
1584	124.21.64.0/18
1587	202.127.224.0/19
1590	203.128.32.0/19
1593	202.149.224.0/19
1596	210.56.192.0/19
1599	210.72.128.0/19
1602	119.42.224.0/19
1606	180.149.128.0/19
1609	202.127.112.0/20
1612	202.165.208.0/20
1615	203.135.112.0/20
1618	203.95.96.0/20
1621	202.127.16.0/20
1623	119.75.208.0/20
1627	122.102.0.0/20
1630	117.53.48.0/20
1633	117.74.64.0/20
1636	110.44.144.0/20
1639	202.123.96.0/20
1642	116.58.208.0/20
1645	113.130.112.0/21
1648	202.38.184.0/21
1651	203.134.240.0/21
1654	113.212.100.0/22
1657	103.10.84.0/22
1660	103.23.160.0/22
1663	27.106.204.0/22
1666	203.114.244.0/22
1668	183.81.180.0/22
1672	202.38.140.0/23
1674	202.14.235.0/24
1677	1.2.2.0/24
1680	36.192.0.0/11
1683	42.128.0.0/12
1687	42.160.0.0/12
1690	58.200.0.0/13
1694	110.56.0.0/13
1697	101.240.0.0/14
1700	101.132.0.0/14
1703	124.68.0.0/14
1706	124.220.0.0/14
1709	115.104.0.0/14
1712	115.180.0.0/14
1715	219.232.0.0/14
1717	118.204.0.0/14
1720	183.172.0.0/14
1724	1.116.0.0/14
1727	59.64.0.0/14
1731	49.232.0.0/14
1734	114.54.0.0/15
1737	211.144.0.0/15
1740	219.224.0.0/15
1743	211.68.0.0/15
1747	118.190.0.0/15
1750	124.192.0.0/15
1753	115.28.0.0/15
1756	14.196.0.0/15
1759	223.202.0.0/15
1763	183.84.0.0/15
1766	180.202.0.0/15
1769	1.94.0.0/15
1772	1.202.0.0/15
1775	219.236.0.0/15
1778	211.81.0.0/16
1781	122.12.0.0/16
1784	1.8.0.0/16
1786	119.80.0.0/16
1791	211.100.0.0/16
1794	223.201.0.0/16
1797	115.47.0.0/16
1800	125.34.0.0/16
1803	125.33.0.0/16
1806	210.77.0.0/16
1809	223.255.0.0/17
1812	182.18.0.0/17
1815	124.42.0.0/17
1818	42.83.128.0/17
1821	101.251.128.0/17
1823	59.151.0.0/17
1826	42.240.0.0/17
1829	120.132.0.0/17
1833	119.10.0.0/17
1836	219.158.128.0/17
1839	211.101.0.0/18
1842	202.96.0.0/18
1846	211.99.0.0/18
1849	36.0.0.0/18
1852	202.130.0.0/19
1855	202.38.96.0/19
1860	203.209.224.0/19
1863	124.21.32.0/19
1866	110.173.192.0/19
1869	120.72.32.0/19
1872	110.232.32.0/19
1876	223.223.192.0/20
1878	210.2.0.0/20
1881	203.135.96.0/20
1884	203.86.64.0/20
1888	202.43.144.0/20
1891	121.52.208.0/20
1894	122.102.80.0/20
1897	202.10.64.0/20
1900	202.91.176.0/20
1903	111.67.192.0/20
1905	202.95.16.0/20
1908	124.21.16.0/20
1911	180.94.56.0/21
1914	203.119.24.0/21
1917	202.173.8.0/21
1920	111.223.248.0/22
1924	103.22.4.0/22
1927	202.95.4.0/22
1930	103.2.208.0/22
1933	103.2.156.0/22
1936	202.93.252.0/22
1939	202.127.0.0/23
1942	202.127.5.0/24
1945	202.127.2.0/24
1949	202.96.160.0/21
1950	203.56.48.0/21
1955	203.2.160.0/21
1956	203.194.120.0/21
1961	42.194.0.0/21
1962	14.0.0.0/22
1967	1.2.10.0/23
1968	42.99.112.0/22
1973	121.8.0.0/13
1974	101.96.8.0/22
1979	61.144.0.0/14
1980	183.78.180.0/22
269	27.192.0.0/11
308	182.32.0.0/12
315	123.128.0.0/13
328	119.164.0.0/14
337	222.132.0.0/14
343	153.118.0.0/15
350	219.218.0.0/15
356	60.216.0.0/15
366	60.235.0.0/16
383	221.14.0.0/15
413	36.40.0.0/13
425	182.80.0.0/14
446	111.114.0.0/15
465	124.22.0.0/15
497	222.82.0.0/16
510	125.58.128.0/17
614	203.90.128.0/19
658	202.97.240.0/20
692	103.3.100.0/22
712	112.112.0.0/14
718	61.172.0.0/14
741	218.78.0.0/15
763	124.74.0.0/15
777	58.196.0.0/15
803	203.160.104.0/21
825	27.144.0.0/16
830	118.80.0.0/15
849	202.173.224.0/19
861	202.115.32.0/19
871	202.113.240.0/20
899	116.8.0.0/14
916	124.226.0.0/15
932	110.72.0.0/15
944	101.203.172.0/22
967	182.112.0.0/12
979	202.96.232.0/21
988	203.94.8.0/21
1019	122.96.0.0/15
1048	113.56.0.0/15
1455	203.105.96.0/19
1459	119.42.0.0/19
1461	202.116.64.0/19
1463	61.48.0.0/14
1464	202.40.150.0/24
1470	202.44.74.0/24
1476	202.58.0.0/24
1488	119.78.0.0/15
1494	14.130.0.0/15
1500	61.148.0.0/15
1502	203.1.97.0/24
1505	203.2.73.0/24
1508	203.2.229.0/24
1509	203.3.120.0/24
1512	203.3.143.0/24
1515	203.4.186.0/24
1518	203.5.11.0/24
1521	203.5.118.0/24
1524	203.5.185.0/24
1527	203.6.131.0/24
1530	203.6.159.0/24
1533	203.7.200.0/24
1536	203.8.70.0/24
1539	203.8.169.0/24
1542	203.8.197.0/24
1546	203.8.220.0/24
1550	203.9.65.0/24
1553	203.9.158.0/24
1556	203.10.95.0/24
1559	203.11.109.0/24
1562	203.11.141.0/24
1565	203.12.57.0/24
1568	203.12.103.0/24
1571	203.12.137.0/24
1574	203.13.18.0/24
1576	203.13.233.0/24
1580	203.14.62.0/24
1583	203.14.192.0/24
1586	203.15.22.0/24
1589	203.15.151.0/24
1592	203.16.10.0/24
1594	203.16.58.0/24
1597	203.16.228.0/24
1600	203.17.2.0/24
1603	203.17.56.0/24
1605	203.17.231.0/24
1608	203.18.4.0/24
1611	203.18.52.0/24
1614	203.18.110.0/24
1617	203.18.153.0/24
1620	203.18.215.0/24
1622	203.19.41.0/24
1625	203.19.68.0/24
1628	203.19.131.0/24
1631	203.19.156.0/24
1634	203.19.242.0/24
1637	203.20.61.0/24
1640	203.20.117.0/24
1643	203.20.230.0/24
1646	203.21.8.0/24
1649	203.21.34.0/24
1652	203.21.82.0/24
1655	203.22.24.0/24
1658	203.22.78.0/24
1661	203.22.106.0/24
1664	203.22.170.0/24
1667	203.23.0.0/24
1670	203.23.85.0/24
1673	203.23.130.0/24
1676	203.23.197.0/24
1679	203.23.251.0/24
1682	203.24.43.0/24
1685	203.24.74.0/24
1688	203.24.111.0/24
1691	203.24.157.0/24
1693	203.24.202.0/24
1696	203.25.19.0/24
1698	203.25.100.0/24
1701	203.25.138.0/24
1704	203.25.166.0/24
1707	203.25.199.0/24
1710	203.25.236.0/24
1713	203.26.49.0/24
1716	203.26.65.0/24
1719	203.26.84.0/24
1722	203.26.129.0/24
1725	203.26.170.0/24
1728	203.26.210.0/24
1730	203.26.228.0/24
1733	203.27.15.0/24
1736	203.27.45.0/24
1738	203.27.81.0/24
1741	203.27.117.0/24
1744	203.27.202.0/24
1746	203.28.10.0/24
1748	203.28.44.0/24
1751	203.28.74.0/24
1754	203.28.112.0/24
1757	203.28.145.0/24
1760	203.28.185.0/24
1762	203.29.2.0/24
1765	203.29.46.0/24
1768	203.29.69.0/24
1770	203.29.95.0/24
1773	203.29.187.0/24
1776	203.29.210.0/24
1779	203.29.233.0/24
1782	203.30.27.0/24
1785	203.30.87.0/24
1788	203.30.152.0/24
1790	203.30.175.0/24
1792	203.30.220.0/24
1795	203.31.45.0/24
1799	203.31.69.0/24
1801	203.31.97.0/24
1804	203.31.162.0/24
1807	203.31.187.0/24
1810	203.31.225.0/24
1813	203.32.56.0/24
1816	203.32.81.0/24
1819	203.32.130.0/24
1822	203.32.192.0/24
1824	203.33.4.0/24
1827	203.33.32.0/24
1830	203.33.68.0/24
1832	203.33.122.0/24
1835	203.33.156.0/24
1838	203.33.204.0/24
1840	203.33.250.0/24
1843	203.34.39.0/24
1845	203.34.76.0/24
1848	203.34.147.0/24
1851	203.34.187.0/24
1854	203.34.245.0/24
1857	203.55.13.0/24
1859	203.55.101.0/24
1862	203.55.192.0/24
1865	203.56.1.0/24
1868	203.56.38.0/24
1870	203.56.110.0/24
1873	203.56.175.0/24
1875	203.56.192.0/24
1879	203.56.214.0/24
1882	203.56.232.0/24
1885	203.57.5.0/24
1887	203.57.46.0/24
270	106.80.0.0/12
297	125.80.0.0/13
302	113.248.0.0/14
312	218.206.0.0/15
318	124.162.0.0/16
327	58.43.0.0/16
335	58.17.128.0/17
344	221.7.64.0/19
367	202.98.48.0/20
375	103.22.12.0/22
382	221.13.64.0/19
390	14.104.0.0/13
398	27.8.0.0/13
414	113.204.0.0/14
429	218.70.0.0/15
447	117.59.0.0/16
463	222.198.0.0/16
531	115.190.0.0/15
621	58.17.0.0/17
642	219.221.0.0/16
679	219.151.128.0/17
702	125.62.0.0/18
1692	202.104.0.0/15
1695	59.40.0.0/15
1699	116.76.0.0/15
1702	112.96.0.0/15
1705	60.205.0.0/16
1708	121.36.0.0/16
1711	122.13.0.0/16
1714	163.0.0.0/16
1718	163.179.0.0/16
1721	27.103.0.0/16
1723	221.4.0.0/16
1726	36.36.0.0/16
1729	203.205.128.0/17
1732	111.221.128.0/17
1735	124.42.128.0/17
1739	220.231.128.0/17
1742	59.107.128.0/17
1745	202.116.128.0/17
1749	42.187.0.0/18
1752	1.10.64.0/18
1755	39.0.0.0/18
1758	106.0.0.0/18
1761	202.38.192.0/18
1764	114.79.64.0/18
1767	120.143.128.0/19
1771	203.144.96.0/19
1774	202.116.96.0/19
1777	202.150.224.0/19
1780	202.182.192.0/19
1783	202.170.224.0/19
1787	203.95.224.0/19
1789	124.40.192.0/19
1793	203.176.64.0/19
1796	203.145.0.0/19
1798	203.118.192.0/19
1802	42.99.64.0/19
1805	42.83.96.0/19
1808	110.93.32.0/19
1811	42.187.64.0/19
1814	61.29.192.0/19
1817	42.0.0.0/19
1820	1.1.32.0/19
1825	1.4.32.0/19
1828	115.166.64.0/19
1831	202.150.32.0/20
1834	202.87.80.0/20
1837	202.116.48.0/20
1841	202.91.96.0/20
1844	202.133.32.0/20
1847	61.29.224.0/20
1850	42.99.96.0/20
1853	42.62.160.0/20
1856	36.37.48.0/20
1858	1.2.16.0/20
1861	42.187.96.0/20
1864	203.6.224.0/20
1867	203.78.48.0/20
1871	1.1.16.0/20
1874	101.128.16.0/20
1877	116.50.0.0/20
1880	202.44.16.0/20
1883	202.38.48.0/20
1886	119.82.208.0/20
1889	117.74.80.0/20
1892	112.137.48.0/21
1895	121.54.176.0/21
1899	42.156.40.0/21
1902	42.1.48.0/21
1907	122.255.64.0/21
1910	116.193.176.0/21
1913	1.4.8.0/21
1916	1.1.8.0/21
1919	42.0.0.0/21
1922	119.160.200.0/21
1925	119.252.96.0/21
1928	42.123.40.0/21
1931	1.0.0.0/21
1934	202.124.16.0/21
1937	202.146.200.0/21
1941	202.65.0.0/21
1944	202.84.24.0/21
1947	202.72.40.0/21
1948	203.22.176.0/21
1953	101.203.160.0/21
1954	203.119.120.0/21
1959	58.65.232.0/21
1960	218.185.240.0/21
1965	202.90.0.0/22
1966	42.1.56.0/22
1971	119.128.0.0/12
1972	101.2.172.0/22
1977	120.80.0.0/13
1978	110.76.156.0/22
1982	202.62.248.0/22
1983	220.112.0.0/14
1988	202.91.0.0/22
1989	223.212.0.0/15
1994	202.165.252.0/22
1995	1.184.0.0/15
1996	203.0.0.0/22
2001	125.171.0.0/16
2002	203.11.76.0/22
271	182.128.0.0/12
274	218.88.0.0/13
275	222.208.0.0/13
279	202.100.128.0/21
299	110.166.0.0/15
342	221.207.0.0/18
346	103.22.100.0/22
349	118.213.0.0/16
353	202.100.144.0/20
363	125.72.0.0/16
373	202.100.136.0/21
397	218.28.0.0/15
457	42.51.0.0/16
502	42.123.128.0/17
1890	203.57.69.0/24
1893	203.57.109.0/24
1896	203.57.202.0/24
1898	203.57.253.0/24
1901	203.62.161.0/24
1904	203.80.57.0/24
1906	203.119.113.0/24
1909	27.152.0.0/13
1912	27.148.0.0/14
1915	120.40.0.0/14
1918	59.60.0.0/15
1921	175.42.0.0/15
1923	124.72.0.0/16
1926	182.157.0.0/16
1929	218.193.0.0/16
1932	218.67.0.0/17
1935	180.233.0.0/18
1938	202.101.96.0/19
1940	203.190.96.0/20
1943	203.12.200.0/21
1946	203.15.232.0/21
1951	202.180.208.0/21
1952	203.89.8.0/21
1957	121.58.136.0/21
1958	203.223.16.0/21
1963	103.12.184.0/22
1964	36.0.0.0/22
1969	219.128.0.0/12
1970	42.194.8.0/22
1975	27.40.0.0/13
1976	101.234.76.0/22
1984	202.75.252.0/22
1985	115.172.0.0/14
1990	202.127.196.0/22
1991	58.66.0.0/15
1999	119.16.0.0/16
2000	203.5.52.0/22
2004	112.73.0.0/16
2006	1.3.0.0/16
2008	218.20.0.0/16
2010	210.75.0.0/16
2012	39.0.0.0/17
2014	116.199.0.0/17
2016	124.29.0.0/17
2018	119.2.128.0/17
2020	221.5.0.0/17
2022	61.29.128.0/18
2024	210.78.64.0/18
2026	119.151.192.0/18
2028	42.194.64.0/18
2030	42.123.64.0/18
2032	1.2.64.0/18
2034	210.185.192.0/18
2036	210.14.224.0/19
2038	202.116.0.0/19
2040	203.88.32.0/19
2042	202.151.128.0/19
2044	202.176.224.0/19
2046	202.166.224.0/19
2048	203.205.64.0/19
2050	203.86.0.0/19
2052	203.168.0.0/19
2054	203.142.224.0/19
2057	203.105.128.0/19
2059	110.173.64.0/19
2061	110.173.96.0/19
2063	101.101.64.0/19
2065	101.128.32.0/19
2067	101.102.64.0/19
2069	36.37.0.0/19
2071	1.10.32.0/19
2073	101.99.96.0/19
2075	119.27.128.0/19
2077	202.150.192.0/20
2079	61.28.0.0/20
2081	101.96.16.0/20
2083	202.96.144.0/20
2085	202.116.32.0/20
2087	202.148.32.0/20
2089	203.110.208.0/20
2091	42.1.32.0/20
2093	36.0.0.0/20
2095	203.104.32.0/20
2097	202.182.32.0/20
2099	203.15.0.0/20
2101	203.80.32.0/20
2103	115.69.64.0/20
2105	202.6.176.0/20
2107	101.234.80.0/20
2109	101.102.112.0/20
2111	101.251.16.0/20
2113	106.0.0.0/20
2115	101.251.8.0/21
2117	121.200.192.0/21
2119	114.198.248.0/21
2121	121.58.160.0/21
2123	106.0.0.0/21
2127	218.104.192.0/21
2129	117.103.72.0/21
2131	118.102.32.0/21
2133	121.0.0.0/21
2135	39.0.0.0/21
2137	27.121.120.0/21
2139	202.78.8.0/21
2141	202.60.136.0/21
2143	202.60.48.0/21
2145	183.91.136.0/21
2147	202.79.224.0/21
2149	202.89.8.0/21
2151	202.95.240.0/21
2153	202.96.168.0/21
2155	101.128.8.0/21
2157	203.0.0.0/21
2159	203.3.80.0/21
2161	180.148.216.0/21
2163	180.148.152.0/21
2165	42.187.112.0/21
2167	103.13.124.0/22
2169	103.23.164.0/22
2171	1.2.9.0/24
2173	202.21.141.0/24
2174	202.21.154.0/24
2175	202.38.170.0/24
2176	202.40.136.0/24
2177	202.40.155.0/24
2178	202.41.128.0/24
2179	202.44.129.0/24
2180	202.46.128.0/24
2181	202.59.0.0/24
2182	202.63.81.0/24
2183	202.134.58.0/24
2184	202.165.239.0/24
2185	202.171.235.0/24
2189	203.1.18.0/24
2190	203.1.108.0/24
2191	203.2.140.0/24
2192	203.3.68.0/24
2193	203.3.123.0/24
2194	203.4.134.0/24
2195	203.4.205.0/24
2196	203.5.21.0/24
2197	203.5.120.0/24
2198	203.5.186.0/24
2199	203.6.136.0/24
2200	203.7.129.0/24
2201	203.8.0.0/24
2202	203.8.82.0/24
2203	203.8.173.0/24
2204	203.8.203.0/24
2205	203.9.32.0/24
2206	203.9.72.0/24
2207	203.10.34.0/24
2208	203.10.125.0/24
2209	203.11.117.0/24
2210	203.12.16.0/24
2211	203.12.65.0/24
2212	203.12.114.0/24
2213	203.12.211.0/24
2214	203.13.24.0/24
2215	203.14.33.0/24
2216	203.14.104.0/24
2217	203.14.214.0/24
2218	203.15.87.0/24
2219	203.15.174.0/24
2220	203.16.27.0/24
2221	203.16.133.0/24
2222	203.16.238.0/24
273	223.220.0.0/15
277	175.184.128.0/18
278	112.192.0.0/14
435	180.84.0.0/15
445	221.236.0.0/15
469	218.194.0.0/16
485	202.99.200.0/21
492	123.149.0.0/16
513	221.13.96.0/19
525	202.98.40.0/21
543	203.93.142.0/23
599	222.176.0.0/13
610	42.201.0.0/17
628	119.161.128.0/17
639	117.122.128.0/17
666	202.189.0.0/18
681	222.249.192.0/18
698	121.79.128.0/18
720	221.7.96.0/19
742	202.98.32.0/21
760	183.64.0.0/13
788	119.84.0.0/14
801	49.120.0.0/14
812	1.51.0.0/16
831	61.132.0.0/16
879	202.100.0.0/21
890	202.113.0.0/20
910	103.3.96.0/22
925	125.36.0.0/14
939	60.28.0.0/15
946	113.54.0.0/15
953	106.0.0.0/22
961	59.74.0.0/15
968	113.59.224.0/22
976	202.102.136.0/21
991	119.176.0.0/12
1008	202.99.192.0/21
1012	125.219.0.0/16
1015	59.172.0.0/15
1035	218.80.0.0/14
1055	61.28.32.0/19
1063	202.113.32.0/19
1098	202.164.0.0/20
1123	203.10.84.0/22
1143	101.236.0.0/14
1169	222.128.0.0/14
1181	203.189.112.0/22
1184	202.125.112.0/20
1195	101.101.102.0/23
1198	202.0.0.0/23
1205	202.170.216.0/21
1208	120.134.0.0/15
1211	202.143.32.0/20
1213	202.14.64.0/23
1231	202.60.144.0/20
1233	219.228.0.0/15
1235	202.57.240.0/20
1246	202.121.0.0/16
1249	202.46.16.0/23
1256	59.155.0.0/16
1260	123.49.128.0/17
1265	122.0.0.0/17
1270	202.120.0.0/18
1274	202.101.0.0/18
1278	111.119.64.0/18
1284	203.166.160.0/19
1288	116.193.32.0/19
1292	202.96.208.0/20
1296	202.96.200.0/21
1300	124.108.8.0/21
1304	202.122.112.0/21
1310	203.94.4.0/22
1314	202.38.132.0/23
1319	116.213.64.0/18
1320	203.12.100.0/23
1328	182.23.200.0/21
1330	203.92.160.0/19
1332	203.18.2.0/23
1333	116.199.128.0/19
1337	203.3.112.0/21
1343	203.22.28.0/23
1345	203.95.112.0/20
1347	202.171.216.0/21
1357	202.179.240.0/20
1362	121.101.208.0/20
1366	124.21.0.0/20
1367	203.30.16.0/23
1372	110.173.32.0/20
1378	61.140.0.0/14
1379	203.33.214.0/23
1386	116.204.0.0/15
1388	203.56.84.0/23
1393	203.57.70.0/23
1394	115.44.0.0/15
1402	203.119.32.0/22
1404	103.3.120.0/22
1406	125.218.0.0/16
1411	101.102.102.0/24
1413	202.6.108.0/24
1415	218.192.0.0/16
1433	58.128.0.0/13
1435	116.214.128.0/17
1437	202.14.169.0/24
1441	124.40.128.0/18
1442	223.208.0.0/14
1447	125.31.192.0/18
1448	115.32.0.0/14
1453	202.21.132.0/24
1460	114.208.0.0/14
1462	202.40.135.0/24
1467	202.41.11.0/24
1474	202.70.0.0/19
1475	121.4.0.0/15
1477	203.195.64.0/19
1479	117.72.0.0/15
1481	202.122.132.0/24
1486	203.128.96.0/19
1487	202.165.251.0/24
1492	42.96.64.0/19
1498	42.194.32.0/19
1501	101.234.96.0/19
1503	42.1.0.0/19
1506	116.214.32.0/19
1511	1.0.0.0/19
1514	118.127.128.0/19
1517	202.168.160.0/20
1520	61.29.240.0/20
1523	202.146.160.0/20
1526	202.96.176.0/20
1529	202.127.128.0/20
1532	202.92.48.0/20
1535	42.194.16.0/20
1538	42.83.64.0/20
1541	39.0.0.0/20
1544	1.4.16.0/20
1547	202.174.64.0/20
1549	42.156.48.0/20
1552	203.57.224.0/20
1555	42.123.48.0/20
1558	202.70.96.0/20
1561	101.110.96.0/20
1564	202.45.16.0/20
1567	202.70.192.0/20
1570	202.74.80.0/20
1573	101.203.176.0/20
1577	42.62.184.0/21
1579	114.141.64.0/21
1582	124.109.96.0/21
1585	42.96.96.0/21
1588	42.83.88.0/21
1591	14.0.0.0/21
1595	117.103.40.0/21
1598	117.104.168.0/21
1601	27.54.72.0/21
1607	36.37.40.0/21
1610	27.54.152.0/21
1613	202.63.88.0/21
1616	202.122.120.0/21
1619	202.143.56.0/21
1624	101.96.0.0/21
1626	202.84.8.0/21
1629	202.92.8.0/21
1632	202.96.136.0/21
1635	182.23.184.0/21
1638	202.191.72.0/21
1641	203.2.112.0/21
1644	101.110.120.0/21
1647	61.4.88.0/21
1650	101.102.104.0/21
1653	180.200.252.0/22
1656	203.208.16.0/22
1659	103.22.40.0/22
1662	116.16.0.0/12
1665	14.112.0.0/12
1669	113.112.0.0/13
1671	106.120.0.0/13
1675	59.32.0.0/13
1678	218.16.0.0/14
1681	121.32.0.0/14
1684	27.36.0.0/14
1686	119.144.0.0/14
1689	119.232.0.0/15
276	182.240.0.0/13
280	14.204.0.0/15
301	42.242.0.0/15
309	218.63.0.0/16
317	218.62.128.0/17
324	61.138.192.0/18
332	202.98.160.0/21
358	106.56.0.0/13
365	222.220.0.0/15
378	60.160.0.0/15
396	121.16.0.0/13
415	123.180.0.0/14
438	121.28.0.0/15
473	222.222.0.0/15
509	183.184.0.0/13
548	218.200.0.0/14
634	113.24.0.0/14
676	221.204.0.0/15
705	59.48.0.0/16
715	219.149.192.0/18
727	114.110.64.0/18
752	219.150.0.0/19
771	122.248.48.0/20
785	103.22.112.0/22
809	58.58.0.0/16
828	180.201.0.0/16
840	211.80.0.0/16
877	124.152.0.0/16
886	203.193.224.0/19
892	125.76.0.0/17
909	61.134.64.0/19
922	202.100.64.0/21
940	203.100.32.0/20
978	202.62.112.0/22
990	202.73.128.0/22
1003	113.120.0.0/13
1006	221.232.0.0/14
1981	119.32.0.0/14
1986	202.81.0.0/22
1987	101.232.0.0/15
1992	202.146.196.0/22
1993	219.222.0.0/15
1997	163.204.0.0/16
1998	203.2.152.0/22
2003	163.125.0.0/16
2005	203.11.180.0/22
2007	203.13.92.0/22
2009	203.19.228.0/22
2011	203.23.204.0/22
2013	203.62.228.0/22
2015	203.80.132.0/22
2017	203.92.0.0/22
2019	203.153.0.0/22
2021	203.202.236.0/22
2023	1.2.6.0/23
2025	36.37.36.0/23
2027	101.102.100.0/23
2029	202.3.128.0/23
2031	202.6.88.0/23
2033	202.8.4.0/23
2035	202.9.58.0/23
2037	202.14.74.0/23
2039	202.14.114.0/23
2041	202.14.170.0/23
2043	202.14.226.0/23
2045	202.21.152.0/23
2047	202.38.136.0/23
2049	202.38.158.0/23
2051	202.40.158.0/23
2053	202.44.132.0/23
2055	202.46.20.0/23
2056	202.65.8.0/23
2064	203.1.76.0/23
2066	203.2.180.0/23
2068	203.2.236.0/23
2070	203.4.230.0/23
2072	203.5.56.0/23
2074	203.5.188.0/23
2076	203.6.150.0/23
2078	203.7.192.0/23
2080	203.8.186.0/23
2082	203.9.36.0/23
2084	203.10.74.0/23
2086	203.13.44.0/23
2088	203.14.194.0/23
2090	203.15.240.0/23
2092	203.17.74.0/23
2094	203.18.48.0/23
2096	203.19.44.0/23
2098	203.20.40.0/23
2100	203.20.126.0/23
2102	203.22.122.0/23
2104	203.23.140.0/23
2106	203.24.84.0/23
2108	203.24.212.0/23
2110	203.25.174.0/23
2112	203.26.148.0/23
2114	203.27.122.0/23
2116	203.29.8.0/23
2118	203.30.232.0/23
2120	203.31.108.0/23
2122	203.32.68.0/23
2124	203.33.158.0/23
2126	203.33.224.0/23
2128	203.55.2.0/23
2130	203.55.218.0/23
2132	203.56.172.0/23
2134	203.57.246.0/23
2136	203.86.254.0/23
2138	203.170.58.0/23
2140	223.255.252.0/23
2142	1.4.1.0/24
2144	39.0.0.0/24
2146	106.0.0.0/24
2148	202.6.114.0/24
2150	202.8.77.0/24
2152	202.9.57.0/24
2154	202.12.18.0/24
2156	202.12.111.0/24
2158	202.14.76.0/24
2160	202.14.127.0/24
2162	202.14.149.0/24
2164	202.14.176.0/24
2166	202.14.225.0/24
2168	202.14.251.0/24
2170	202.20.90.0/24
2172	202.20.125.0/24
281	1.204.0.0/14
304	114.138.0.0/15
314	120.30.0.0/16
323	58.42.0.0/16
329	61.189.128.0/17
340	202.101.64.0/19
348	202.98.192.0/21
352	111.120.0.0/14
361	222.86.0.0/15
2223	203.17.18.0/24
2224	203.17.136.0/24
2225	203.17.233.0/24
2226	203.18.7.0/24
2227	203.18.87.0/24
2228	203.18.129.0/24
2229	203.18.199.0/24
2230	203.19.18.0/24
2231	203.19.46.0/24
2232	203.19.72.0/24
2233	203.19.133.0/24
2234	203.19.176.0/24
2235	203.19.255.0/24
2236	203.20.65.0/24
2237	203.20.122.0/24
2238	203.20.232.0/24
2239	203.21.10.0/24
2240	203.21.41.0/24
2241	203.21.124.0/24
2242	203.22.31.0/24
2243	203.22.84.0/24
2244	203.22.131.0/24
2245	203.22.194.0/24
2246	203.23.47.0/24
2247	203.23.98.0/24
2248	203.23.172.0/24
2249	203.23.198.0/24
2250	203.24.13.0/24
2251	203.24.56.0/24
2252	203.24.79.0/24
2253	203.24.112.0/24
2254	203.24.161.0/24
2255	203.24.217.0/24
2256	203.25.46.0/24
2257	203.25.106.0/24
2258	203.25.147.0/24
2259	203.25.180.0/24
2260	203.25.200.0/24
2261	203.25.242.0/24
2262	203.26.50.0/24
2263	203.26.68.0/24
2264	203.26.97.0/24
2265	203.26.143.0/24
2266	203.26.173.0/24
2267	203.26.214.0/24
2268	203.26.232.0/24
2269	203.27.16.0/24
2270	203.27.53.0/24
2271	203.27.88.0/24
2272	203.27.121.0/24
2273	203.27.233.0/24
2274	203.28.12.0/24
2275	203.28.54.0/24
2276	203.28.76.0/24
2277	203.28.131.0/24
2278	203.28.165.0/24
2279	203.28.187.0/24
2280	203.29.13.0/24
2281	203.29.57.0/24
2282	203.29.73.0/24
2283	203.29.100.0/24
2284	203.29.189.0/24
2285	203.29.217.0/24
2286	203.29.234.0/24
2287	203.30.29.0/24
2288	203.30.111.0/24
2289	203.30.156.0/24
2290	203.30.187.0/24
2291	203.30.222.0/24
2292	203.31.46.0/24
2293	203.31.72.0/24
2294	203.31.105.0/24
2295	203.31.174.0/24
2296	203.31.189.0/24
2297	203.31.229.0/24
2298	203.32.60.0/24
2299	203.32.95.0/24
2300	203.32.133.0/24
2301	203.32.196.0/24
2302	203.33.7.0/24
2303	203.33.63.0/24
2304	203.33.73.0/24
2305	203.33.129.0/24
2306	203.33.174.0/24
2307	203.33.226.0/24
2308	203.34.4.0/24
2309	203.34.54.0/24
2310	203.34.92.0/24
2311	203.34.150.0/24
2312	203.34.232.0/24
2313	203.34.251.0/24
2314	203.55.22.0/24
2315	203.55.109.0/24
2316	203.55.196.0/24
2317	203.56.4.0/24
2318	203.56.40.0/24
2319	203.56.121.0/24
282	61.165.0.0/16
288	202.109.0.0/16
292	27.115.0.0/17
294	120.137.0.0/17
399	210.13.64.0/18
412	27.113.128.0/18
423	120.136.128.0/18
441	111.119.128.0/19
453	210.5.144.0/20
478	61.8.160.0/20
496	218.14.0.0/15
500	202.103.64.0/19
515	103.22.68.0/22
527	106.16.0.0/12
542	58.44.0.0/14
603	218.76.0.0/15
617	61.183.0.0/16
640	202.114.128.0/17
673	202.110.128.0/18
690	202.180.128.0/19
710	202.103.32.0/19
732	203.93.144.0/20
746	103.22.80.0/22
776	171.40.0.0/13
795	59.68.0.0/14
805	101.204.0.0/14
822	203.215.232.0/21
836	202.117.128.0/17
860	125.74.0.0/15
885	221.239.128.0/17
895	223.223.176.0/20
906	222.249.176.0/20
927	203.81.16.0/20
941	119.18.192.0/20
948	210.14.64.0/19
951	59.62.0.0/15
954	222.18.0.0/15
962	222.163.32.0/19
970	211.83.0.0/16
973	61.150.0.0/15
2320	203.56.183.0/24
2321	203.56.198.0/24
2322	203.56.216.0/24
2323	203.56.240.0/24
2324	203.57.6.0/24
2325	203.57.58.0/24
2326	203.57.73.0/24
2327	203.57.123.0/24
2328	203.57.206.0/24
2329	203.62.2.0/24
2330	203.62.197.0/24
2331	203.100.63.0/24
2332	203.160.129.0/24
2333	110.80.0.0/13
2334	36.248.0.0/14
2335	121.204.0.0/14
2336	61.154.0.0/15
2337	59.77.0.0/16
2338	125.77.0.0/16
2339	211.89.0.0/16
2340	112.109.128.0/17
2341	119.27.192.0/18
2342	202.101.128.0/18
2343	210.15.64.0/19
2344	202.80.192.0/21
2345	203.13.80.0/21
2346	203.16.16.0/21
2347	203.25.48.0/21
2348	203.80.136.0/21
2349	203.93.128.0/21
2350	203.128.224.0/21
2351	203.195.112.0/21
2352	210.5.56.0/21
2353	220.247.136.0/21
2354	14.1.0.0/22
2355	39.0.0.0/22
2356	42.62.180.0/22
2357	42.123.36.0/22
2358	61.4.84.0/22
2359	101.50.56.0/22
2360	101.110.116.0/22
2361	101.251.0.0/22
2362	110.76.184.0/22
2363	202.59.212.0/22
2364	202.63.84.0/22
2365	202.76.252.0/22
2366	202.83.252.0/22
2367	202.92.252.0/22
2368	202.127.212.0/22
2369	202.150.56.0/22
2370	202.172.0.0/22
2372	203.3.96.0/22
2373	203.8.212.0/22
2374	203.11.84.0/22
2375	203.11.208.0/22
2376	203.14.24.0/22
2377	203.21.96.0/22
2378	203.23.228.0/22
2379	203.76.160.0/22
2380	203.83.0.0/22
2381	203.119.116.0/22
2382	203.161.0.0/22
2383	1.0.0.0/23
2384	1.4.2.0/23
2385	39.0.0.0/23
2386	106.0.0.0/23
2387	202.6.6.0/23
2388	202.6.92.0/23
2389	202.9.34.0/23
2390	202.12.84.0/23
2391	202.14.78.0/23
2392	202.14.118.0/23
2393	202.14.184.0/23
2394	202.20.88.0/23
2395	202.27.136.0/23
2396	202.38.142.0/23
2397	202.38.168.0/23
2398	202.41.8.0/23
2399	202.44.146.0/23
2400	202.47.82.0/23
2401	202.74.254.0/23
2404	203.1.26.0/23
2405	203.1.98.0/23
2406	203.2.196.0/23
2407	203.3.72.0/23
2408	203.5.4.0/23
2409	203.5.60.0/23
2410	203.5.214.0/23
2411	203.6.248.0/23
2412	203.8.86.0/23
2413	203.8.190.0/23
2414	203.9.70.0/23
2415	203.11.142.0/23
2416	203.13.88.0/23
2417	203.15.20.0/23
2418	203.16.12.0/23
2419	203.17.88.0/23
2420	203.18.80.0/23
2421	203.19.60.0/23
2422	203.20.84.0/23
2423	203.21.0.0/23
2424	203.22.242.0/23
2425	203.23.186.0/23
2426	203.24.122.0/23
2427	203.25.20.0/23
2428	203.25.202.0/23
2429	203.26.158.0/23
2430	203.28.34.0/23
2431	203.29.182.0/23
2432	203.30.240.0/23
2433	203.31.222.0/23
2434	203.32.84.0/23
2435	203.33.202.0/23
2436	203.34.48.0/23
2437	203.55.116.0/23
2438	203.56.68.0/23
2439	203.56.208.0/23
2440	203.57.254.0/23
2441	203.110.232.0/23
2442	203.189.0.0/23
2443	1.0.0.0/24
2444	1.4.5.0/24
2445	49.128.0.0/24
2446	202.6.87.0/24
2447	202.8.0.0/24
2448	202.9.32.0/24
2449	202.12.1.0/24
2450	202.12.72.0/24
2451	202.12.116.0/24
2452	202.14.88.0/24
2453	202.14.129.0/24
2454	202.14.151.0/24
2455	202.14.213.0/24
2456	202.14.231.0/24
2457	202.20.66.0/24
2458	202.20.114.0/24
2459	202.20.127.0/24
2460	202.21.142.0/24
2461	202.21.156.0/24
2462	202.40.7.0/24
2463	202.40.140.0/24
2464	202.40.156.0/24
289	120.0.0.0/12
295	106.112.0.0/13
300	121.24.0.0/14
311	27.128.0.0/15
316	60.8.0.0/15
326	219.148.0.0/16
336	60.10.0.0/16
359	61.159.0.0/18
2465	202.41.192.0/24
2466	202.45.2.0/24
2467	202.47.126.0/24
2468	202.59.236.0/24
2469	202.86.249.0/24
2470	202.137.231.0/24
2471	202.165.243.0/24
2472	202.191.0.0/24
2476	203.1.65.0/24
2477	203.1.253.0/24
2478	203.2.150.0/24
2479	203.3.75.0/24
2480	203.3.135.0/24
2481	203.4.151.0/24
2482	203.4.227.0/24
2483	203.5.22.0/24
2484	203.5.172.0/24
2485	203.5.190.0/24
2486	203.6.142.0/24
2487	203.7.147.0/24
2488	203.8.8.0/24
2489	203.8.91.0/24
2490	203.8.184.0/24
2491	203.8.209.0/24
2492	203.9.57.0/24
2493	203.9.75.0/24
2494	203.10.56.0/24
2495	203.11.70.0/24
2496	203.11.122.0/24
2497	203.12.19.0/24
2498	203.12.66.0/24
2499	203.12.118.0/24
2500	203.12.219.0/24
2501	203.13.173.0/24
2502	203.14.56.0/24
2503	203.14.118.0/24
2504	203.14.231.0/24
2505	203.15.105.0/24
2506	203.15.227.0/24
2507	203.16.38.0/24
2508	203.16.161.0/24
2509	203.16.240.0/24
2510	203.17.28.0/24
2511	203.17.164.0/24
2512	203.17.248.0/24
2513	203.18.31.0/24
2514	203.18.105.0/24
2515	203.18.131.0/24
2516	203.18.208.0/24
2517	203.19.24.0/24
2518	203.19.58.0/24
2519	203.19.101.0/24
2520	203.19.144.0/24
2521	203.19.208.0/24
2522	203.20.17.0/24
2523	203.20.89.0/24
2524	203.20.135.0/24
2525	203.20.236.0/24
2526	203.21.18.0/24
2527	203.21.44.0/24
2528	203.21.145.0/24
2529	203.22.68.0/24
2530	203.22.87.0/24
2531	203.22.163.0/24
2532	203.22.245.0/24
2533	203.23.61.0/24
2534	203.23.107.0/24
2535	203.23.182.0/24
2536	203.23.224.0/24
2537	203.24.18.0/24
2538	203.24.58.0/24
2539	203.24.86.0/24
2540	203.24.116.0/24
2541	203.24.167.0/24
2542	203.24.219.0/24
2543	203.25.91.0/24
2544	203.25.131.0/24
2545	203.25.153.0/24
2546	203.25.182.0/24
2547	203.25.229.0/24
2548	203.26.12.0/24
2549	203.26.55.0/24
2550	203.26.76.0/24
2551	203.26.115.0/24
2552	203.26.144.0/24
2553	203.26.176.0/24
2554	203.26.222.0/24
2555	203.27.0.0/24
2556	203.27.20.0/24
2557	203.27.65.0/24
2558	203.27.102.0/24
2559	203.27.125.0/24
2560	203.27.241.0/24
2561	203.28.33.0/24
2562	203.28.56.0/24
2563	203.28.86.0/24
2564	203.28.136.0/24
2565	203.28.169.0/24
2566	203.28.196.0/24
2567	203.29.14.0/24
2568	203.29.61.0/24
2569	203.29.81.0/24
2570	203.29.103.0/24
2571	203.29.190.0/24
2572	203.29.227.0/24
2573	203.29.248.0/24
2574	203.30.66.0/24
2575	203.30.121.0/24
2576	203.30.162.0/24
2577	203.30.194.0/24
2578	203.30.235.0/24
2579	203.31.49.0/24
2580	203.31.80.0/24
2581	203.31.106.0/24
2582	203.31.177.0/24
2583	203.31.204.0/24
2584	203.31.253.0/24
2585	203.32.62.0/24
2586	203.32.102.0/24
2587	203.32.140.0/24
2588	203.32.203.0/24
2589	203.33.21.0/24
2590	203.33.64.0/24
2591	203.33.79.0/24
2592	203.33.131.0/24
2593	203.33.185.0/24
2594	203.33.233.0/24
2595	203.34.21.0/24
2596	203.34.67.0/24
2597	203.34.106.0/24
2598	203.34.161.0/24
2599	203.34.240.0/24
2600	203.55.4.0/24
2601	203.55.30.0/24
2602	203.55.110.0/24
2603	203.55.221.0/24
2604	203.56.12.0/24
2605	203.56.46.0/24
2606	203.56.161.0/24
2607	203.56.185.0/24
2608	203.56.201.0/24
2609	203.56.227.0/24
2610	203.56.252.0/24
2611	203.57.28.0/24
2612	203.57.61.0/24
2613	203.57.90.0/24
2614	203.57.157.0/24
2615	203.57.222.0/24
2616	203.62.131.0/24
2617	203.62.234.0/24
2618	203.110.234.0/24
2619	203.174.4.0/24
2620	117.24.0.0/13
2621	59.56.0.0/14
2622	222.76.0.0/14
2623	110.236.0.0/15
2624	112.111.0.0/16
2625	175.44.0.0/16
2626	218.6.0.0/16
2627	117.120.128.0/17
2628	125.254.192.0/18
2629	119.27.160.0/19
2630	218.104.128.0/19
2631	203.8.24.0/21
2632	203.14.184.0/21
2633	203.19.32.0/21
2634	203.33.8.0/21
2635	203.81.0.0/21
2636	203.99.8.0/21
2637	203.129.8.0/21
2638	203.196.8.0/21
2639	210.48.136.0/21
2640	1.1.4.0/22
2641	14.102.128.0/22
357	1.24.0.0/13
370	123.178.0.0/15
380	110.6.0.0/15
385	222.173.0.0/16
393	103.22.44.0/22
401	124.31.0.0/16
416	202.98.240.0/20
426	103.3.124.0/22
444	219.151.32.0/19
460	202.98.224.0/21
508	59.52.0.0/14
533	222.204.0.0/15
547	117.21.0.0/16
619	210.26.0.0/15
641	61.178.0.0/16
680	60.13.0.0/18
704	202.100.80.0/20
723	112.116.0.0/15
735	61.166.0.0/16
758	221.213.0.0/16
783	221.3.128.0/17
819	182.54.0.0/17
867	58.21.0.0/16
872	221.5.128.0/17
881	219.220.0.0/16
894	61.136.128.0/17
912	122.0.0.0/18
923	202.114.32.0/19
945	125.73.0.0/16
966	202.96.192.0/21
981	61.157.0.0/16
992	61.139.0.0/17
996	202.115.0.0/19
1002	202.79.248.0/22
2643	42.83.80.0/22
2644	42.156.36.0/22
2645	101.0.0.0/22
2646	101.53.100.0/22
2647	101.128.0.0/22
2648	103.22.32.0/22
2649	111.235.156.0/22
2650	202.60.132.0/22
2651	202.67.0.0/22
2652	202.77.92.0/22
2653	202.84.4.0/22
2654	202.94.92.0/22
2655	202.143.4.0/22
2656	202.151.0.0/22
2657	202.173.0.0/22
2658	203.1.4.0/22
2659	203.4.152.0/22
2660	203.9.96.0/22
2661	203.11.100.0/22
2662	203.12.196.0/22
2663	203.15.156.0/22
2664	203.22.92.0/22
2665	203.29.120.0/22
2666	203.76.168.0/22
2667	203.89.136.0/22
2668	203.148.80.0/22
2669	203.171.0.0/22
2670	1.1.2.0/23
2671	1.4.6.0/23
2672	49.128.2.0/23
2674	202.6.66.0/23
2675	202.6.110.0/23
2676	202.9.48.0/23
2677	202.12.98.0/23
2678	202.14.104.0/23
2679	202.14.124.0/23
2680	202.14.208.0/23
2681	202.20.94.0/23
2682	202.38.0.0/23
2683	202.38.150.0/23
2684	202.40.4.0/23
2685	202.41.12.0/23
2686	202.45.0.0/23
2687	202.47.130.0/23
2688	202.127.194.0/23
2691	203.1.66.0/23
2692	203.2.126.0/23
2693	203.2.214.0/23
2694	203.4.132.0/23
2695	203.5.8.0/23
2696	203.5.114.0/23
2697	203.5.218.0/23
2698	203.7.138.0/23
2699	203.8.110.0/23
2700	203.8.198.0/23
2701	203.9.76.0/23
2702	203.12.70.0/23
2703	203.13.224.0/23
2704	203.15.88.0/23
2705	203.16.50.0/23
2706	203.17.190.0/23
2707	203.18.100.0/23
2708	203.19.178.0/23
2709	203.20.106.0/23
2710	203.21.136.0/23
2711	203.22.252.0/23
2712	203.23.226.0/23
2713	203.24.152.0/23
2714	203.25.64.0/23
2715	203.26.56.0/23
2716	203.26.202.0/23
2717	203.28.178.0/23
2718	203.29.254.0/23
2719	203.30.250.0/23
2720	203.31.248.0/23
2721	203.32.186.0/23
2722	203.33.206.0/23
2723	203.34.56.0/23
2724	203.55.128.0/23
2725	203.56.82.0/23
2726	203.57.12.0/23
2727	203.80.4.0/23
2728	203.119.114.0/23
2729	203.189.6.0/23
2730	1.1.0.0/24
2731	1.10.11.0/24
2732	101.101.100.0/24
2733	202.6.103.0/24
2734	202.8.12.0/24
2735	202.9.51.0/24
2736	202.12.2.0/24
2737	202.12.96.0/24
2738	202.14.69.0/24
2739	202.14.97.0/24
2740	202.14.135.0/24
2741	202.14.157.0/24
2742	202.14.219.0/24
2743	202.14.239.0/24
2744	202.20.79.0/24
2745	202.20.117.0/24
2746	202.21.131.0/24
2747	202.21.147.0/24
2748	202.38.149.0/24
2749	202.40.15.0/24
2750	202.40.143.0/24
2751	202.40.162.0/24
2752	202.44.67.0/24
2753	202.45.15.0/24
2754	202.47.128.0/24
2755	202.62.252.0/24
2756	202.90.196.0/24
2757	202.162.67.0/24
2758	202.165.245.0/24
2763	203.1.90.0/24
2764	203.1.254.0/24
2765	203.2.209.0/24
2766	203.3.105.0/24
2767	203.3.139.0/24
2768	203.4.180.0/24
2769	203.5.7.0/24
2770	203.5.44.0/24
2771	203.5.182.0/24
2772	203.5.195.0/24
2773	203.6.157.0/24
2774	203.7.158.0/24
2775	203.8.23.0/24
2776	203.8.115.0/24
2777	203.8.192.0/24
2778	203.8.217.0/24
2779	203.9.63.0/24
2780	203.9.108.0/24
2781	203.10.88.0/24
2782	203.11.82.0/24
2783	203.11.126.0/24
2784	203.12.24.0/24
2785	203.12.87.0/24
2786	203.12.130.0/24
2787	203.12.226.0/24
2788	203.13.227.0/24
2789	203.14.61.0/24
2790	203.14.162.0/24
2791	203.14.246.0/24
2792	203.15.149.0/24
360	202.112.0.0/16
369	36.254.0.0/16
374	180.76.0.0/16
386	110.240.0.0/12
392	223.8.0.0/13
402	118.72.0.0/13
408	115.24.0.0/14
421	123.174.0.0/15
434	218.26.0.0/16
455	222.199.0.0/16
472	202.97.128.0/18
488	42.122.0.0/16
495	103.22.56.0/22
518	221.13.128.0/17
532	110.77.0.0/17
545	219.150.128.0/17
629	222.160.0.0/15
655	218.27.0.0/16
688	113.213.0.0/17
757	118.180.0.0/14
793	61.136.0.0/18
2793	203.15.246.0/24
2794	203.16.49.0/24
2795	203.16.162.0/24
2796	203.16.245.0/24
2797	203.17.39.0/24
2798	203.17.187.0/24
2799	203.17.255.0/24
2800	203.18.37.0/24
2801	203.18.107.0/24
2802	203.18.144.0/24
2803	203.18.211.0/24
2804	203.19.30.0/24
2805	203.19.64.0/24
2806	203.19.111.0/24
2807	203.19.149.0/24
2808	203.19.233.0/24
2809	203.20.48.0/24
2810	203.20.115.0/24
2811	203.20.150.0/24
2812	203.21.2.0/24
2813	203.21.33.0/24
2814	203.21.68.0/24
2815	203.21.206.0/24
2816	203.22.76.0/24
2817	203.22.99.0/24
2818	203.22.166.0/24
2819	203.22.246.0/24
2820	203.23.73.0/24
2821	203.23.112.0/24
2822	203.23.192.0/24
2823	203.23.249.0/24
2824	203.24.27.0/24
2825	203.24.67.0/24
2826	203.24.90.0/24
2827	203.24.145.0/24
2828	203.24.199.0/24
2829	203.24.244.0/24
2830	203.25.99.0/24
2831	203.25.135.0/24
2832	203.25.164.0/24
2833	203.25.191.0/24
2834	203.25.235.0/24
2835	203.26.34.0/24
2836	203.26.60.0/24
2837	203.26.80.0/24
2838	203.26.116.0/24
2839	203.26.154.0/24
2840	203.26.185.0/24
2841	203.26.224.0/24
2842	203.27.10.0/24
2843	203.27.40.0/24
2844	203.27.66.0/24
2845	203.27.109.0/24
2846	203.27.200.0/24
2847	203.27.250.0/24
2848	203.28.43.0/24
2849	203.28.73.0/24
2850	203.28.88.0/24
2851	203.28.140.0/24
2852	203.28.170.0/24
2853	203.28.239.0/24
2854	203.29.28.0/24
2855	203.29.63.0/24
2856	203.29.90.0/24
2857	203.29.112.0/24
2858	203.29.205.0/24
2859	203.29.231.0/24
2860	203.30.25.0/24
2861	203.30.81.0/24
2862	203.30.123.0/24
2863	203.30.173.0/24
2864	203.30.217.0/24
2865	203.30.246.0/24
2866	203.31.51.0/24
2867	203.31.85.0/24
2868	203.31.124.0/24
2869	203.31.181.0/24
2870	203.31.220.0/24
2871	203.32.20.0/24
2872	203.32.76.0/24
2873	203.32.105.0/24
2874	203.32.152.0/24
2875	203.32.212.0/24
2876	203.33.26.0/24
2877	203.33.67.0/24
2878	203.33.100.0/24
2879	203.33.145.0/24
2880	203.33.200.0/24
2881	203.33.243.0/24
2882	203.34.27.0/24
2883	203.34.69.0/24
2884	203.34.113.0/24
2885	203.34.162.0/24
2886	203.34.242.0/24
2887	203.55.10.0/24
2888	203.55.93.0/24
2889	203.55.119.0/24
2890	203.55.224.0/24
2891	203.56.24.0/24
2892	203.56.95.0/24
2893	203.56.169.0/24
2894	203.56.187.0/24
2895	203.56.210.0/24
2896	203.56.228.0/24
2897	203.56.254.0/24
2898	203.57.39.0/24
2899	203.57.66.0/24
2900	203.57.101.0/24
2901	203.57.200.0/24
2902	203.57.249.0/24
2903	203.62.139.0/24
2904	203.62.246.0/24
2905	203.118.241.0/24
2906	203.190.249.0/24
2907	223.198.0.0/15
2908	124.225.0.0/16
2909	59.50.0.0/16
2910	113.59.0.0/17
2911	221.11.192.0/19
2912	103.22.48.0/22
2913	112.66.0.0/15
2914	113.58.0.0/16
2915	124.66.0.0/17
2916	60.13.64.0/18
2917	221.199.224.0/19
2918	119.41.0.0/16
2919	150.255.0.0/16
2920	121.58.0.0/17
2921	221.11.128.0/18
2922	202.100.208.0/20
2923	116.13.0.0/16
2924	153.0.0.0/16
2925	59.49.128.0/17
2926	202.100.224.0/19
2927	202.100.192.0/21
187	110.75.0.0/17
198	221.12.128.0/18
203	119.37.192.0/18
208	110.75.160.0/19
213	115.124.16.0/20
218	103.5.36.0/22
222	203.93.140.0/24
226	180.136.0.0/13
228	61.133.128.0/17
231	210.28.0.0/14
236	218.4.0.0/15
239	180.208.0.0/15
283	58.59.128.0/17
677	61.139.192.0/18
701	202.103.232.0/21
719	113.212.0.0/18
738	125.208.0.0/18
761	202.4.128.0/19
779	203.93.160.0/19
797	182.48.96.0/19
821	123.59.0.0/16
844	222.83.128.0/17
862	58.144.0.0/16
884	202.127.144.0/20
889	61.161.64.0/18
903	203.161.192.0/19
917	103.3.148.0/22
929	101.78.0.0/22
960	61.180.0.0/17
965	221.7.128.0/17
985	120.95.0.0/16
997	219.149.128.0/18
1016	103.22.124.0/22
1023	175.16.0.0/13
1028	150.138.0.0/15
1036	211.86.0.0/15
1039	175.152.0.0/14
1044	124.240.128.0/18
1086	202.191.68.0/22
1105	203.1.100.0/22
1142	202.115.128.0/17
1151	61.28.16.0/20
1158	202.102.224.0/21
1166	202.103.16.0/20
1171	202.181.112.0/20
1174	223.4.0.0/14
1190	1.12.0.0/14
1192	202.96.240.0/20
1199	42.96.112.0/20
1202	203.176.168.0/21
1217	202.14.108.0/23
1230	223.20.0.0/15
1243	202.72.80.0/20
1244	125.96.0.0/15
1255	113.212.184.0/21
1259	122.128.120.0/21
1264	42.99.120.0/21
1268	122.248.24.0/21
1273	27.34.232.0/21
1277	1.10.0.0/21
1281	119.42.128.0/21
1286	27.50.40.0/21
1290	120.88.8.0/21
1294	116.0.0.0/21
1299	27.121.72.0/21
1303	101.55.224.0/21
1307	202.60.96.0/21
1311	202.77.80.0/21
1315	101.101.104.0/21
1317	203.9.100.0/23
1322	117.120.64.0/18
1324	203.192.0.0/19
1326	203.15.130.0/23
1327	202.130.224.0/19
1329	203.16.186.0/23
1331	202.189.184.0/21
1338	203.19.248.0/23
1339	210.73.0.0/19
1349	203.24.80.0/23
1351	203.135.160.0/20
1353	203.93.0.0/22
1358	203.26.102.0/23
1360	14.16.0.0/12
1361	203.27.22.0/23
1368	125.88.0.0/13
1374	113.130.96.0/20
1377	116.90.80.0/20
1384	203.83.56.0/21
1385	203.55.146.0/23
1396	103.28.8.0/22
1397	218.30.0.0/15
1416	1.4.4.0/24
1427	123.112.0.0/12
1432	119.59.128.0/17
1434	202.14.136.0/24
1439	116.216.0.0/14
1444	49.239.192.0/18
1445	113.44.0.0/14
1449	61.28.64.0/18
1451	115.120.0.0/14
1457	180.184.0.0/14
1458	202.38.156.0/24
1465	202.149.32.0/19
1466	49.152.0.0/14
1473	202.46.18.0/24
1480	203.189.192.0/19
1482	223.192.0.0/15
1484	202.162.75.0/24
1489	101.110.64.0/19
1490	203.0.0.0/24
1495	42.123.0.0/19
\.


--
-- Data for Name: ip_area; Type: TABLE DATA; Schema: public; Owner: kaleido
--

COPY public.ip_area (ip_id, area_id) FROM stdin;
1	1
2	1
3	1
4	1
5	1
6	1
7	1
8	1
9	1
10	1
11	1
12	1
13	1
14	4
15	1
16	4
17	1
18	4
19	1
21	1
20	4
23	1
22	4
25	4
24	1
26	1
27	4
29	4
28	1
30	4
31	1
32	4
33	4
34	1
35	5
36	4
37	1
38	4
39	5
40	5
41	4
42	1
43	5
44	4
45	5
46	1
47	4
49	5
48	1
50	4
51	5
52	1
53	4
54	5
56	4
55	1
59	4
61	4
62	4
63	6
64	3
65	6
66	2
67	4
68	3
69	3
70	6
71	2
72	3
73	6
74	4
60	1
75	2
76	3
78	6
79	2
77	4
80	3
81	6
82	2
83	4
84	3
85	6
86	2
87	4
88	3
89	6
90	2
91	3
92	4
93	6
94	2
95	3
96	6
97	4
98	2
99	3
100	6
101	4
103	3
105	6
104	25
106	4
102	1
108	25
107	3
109	4
110	6
58	11
112	3
114	4
113	6
111	25
115	3
116	4
117	6
118	25
119	4
121	3
122	25
120	6
123	3
124	4
125	25
129	25
126	6
127	3
128	4
130	4
131	3
133	22
132	25
134	6
136	25
135	4
137	6
138	3
139	22
140	25
141	4
142	6
144	25
143	3
146	6
148	22
147	4
149	3
150	6
151	4
152	25
153	22
154	3
155	6
156	4
157	22
158	25
159	3
160	6
161	4
162	22
163	25
164	3
165	4
166	6
167	22
168	3
169	25
170	4
171	6
174	25
172	22
175	4
173	3
176	6
177	25
179	4
145	7
180	3
181	6
182	4
183	25
184	3
185	6
186	25
178	22
190	6
193	6
197	6
202	6
206	6
212	6
215	6
220	6
224	25
234	25
237	25
242	3
251	9
255	3
259	12
494	20
678	20
705	30
721	30
740	30
764	30
778	30
799	9
816	9
861	20
879	16
901	16
920	16
191	25
196	25
200	25
207	25
211	25
214	25
219	25
227	22
229	6
235	6
238	6
245	12
246	22
250	12
252	22
260	3
285	3
291	3
404	3
439	3
464	3
511	16
661	16
691	16
716	24
717	24
724	24
730	24
737	24
739	24
747	24
753	24
765	24
773	24
784	14
794	30
810	7
813	7
829	18
840	5
849	9
855	18
857	31
862	8
865	22
869	16
871	1
874	9
880	17
188	7
194	7
199	7
204	7
210	7
216	7
222	4
226	7
228	25
233	9
253	6
256	22
261	9
284	9
286	9
287	9
293	9
403	9
410	27
419	9
428	27
437	9
448	27
458	9
468	27
474	23
482	14
496	9
488	13
503	10
522	10
517	13
535	10
549	10
558	10
564	10
568	10
574	10
579	10
585	10
589	10
603	21
652	21
675	21
699	21
192	22
195	22
201	22
205	22
209	22
217	22
223	22
225	6
230	7
240	7
241	9
243	6
254	12
258	22
427	29
451	29
466	29
475	13
497	26
512	26
528	26
541	26
554	26
557	26
562	26
567	26
570	26
577	26
586	26
591	26
595	10
598	9
599	8
608	8
616	8
625	8
621	31
636	31
645	31
649	31
663	31
668	31
662	29
693	29
708	29
726	29
672	31
750	29
767	29
791	29
781	31
808	18
836	16
875	30
886	9
845	10
898	9
918	9
905	10
931	9
938	31
947	13
974	11
984	11
996	20
1003	10
1007	5
1028	10
1020	9
1048	12
1042	13
1059	11
1057	22
1069	11
1072	11
1077	11
1085	11
1089	22
1094	11
1098	13
1112	5
1119	11
1123	17
1128	12
1135	5
1144	12
1142	20
1139	11
1150	13
1155	13
1160	18
1168	17
1175	17
232	12
263	6
305	6
320	6
334	6
351	6
362	32
372	32
380	28
389	21
405	21
417	21
433	21
454	21
469	20
479	28
493	5
505	9
514	5
521	9
529	5
539	9
550	9
561	9
566	9
569	9
575	9
578	9
584	9
588	9
594	9
596	24
544	5
600	28
606	22
609	22
604	27
615	22
624	22
632	22
630	27
643	22
647	22
664	22
669	22
657	27
694	27
709	27
731	27
671	22
755	27
770	27
790	27
792	10
801	12
823	12
844	7
860	14
882	20
897	20
908	20
926	20
937	5
933	11
957	11
961	16
969	1
982	1
993	1
997	30
1012	11
1019	22
1036	10
1043	10
1054	20
1079	20
1137	9
1147	17
1164	5
1169	1
1178	9
1183	1
1186	17
1189	9
1192	5
1198	17
1209	5
1227	9
1228	17
1232	1
1235	9
1242	17
189	3
249	7
257	9
272	18
290	18
530	17
551	17
559	17
565	17
571	17
576	17
580	17
587	17
593	17
597	17
601	10
612	10
622	10
626	10
635	10
646	10
653	5
654	10
682	5
687	10
700	5
711	28
725	28
754	28
744	10
774	28
782	22
814	30
807	14
837	1
847	5
866	31
885	5
896	5
904	18
911	5
924	5
960	31
975	12
986	12
999	5
1009	13
1022	11
1031	18
1033	11
1060	10
1065	10
1070	10
1076	10
1083	10
1092	10
1100	12
1109	18
1130	17
1133	1
1141	17
1146	13
1151	9
1161	20
1171	18
1177	18
1181	17
57	5
282	5
288	5
292	5
294	5
399	5
412	5
423	5
441	5
453	5
476	31
500	21
515	21
527	21
542	21
617	12
640	12
602	24
673	12
685	24
690	12
697	24
710	12
732	12
746	12
776	12
795	12
803	17
822	17
838	20
859	7
884	1
895	1
906	1
927	1
939	13
271	20
274	20
275	20
277	19
279	19
299	19
342	19
346	19
349	19
353	19
363	19
373	19
378	23
383	11
397	11
457	11
706	16
745	16
751	16
759	16
766	16
772	16
805	20
811	20
818	20
824	20
848	14
856	12
867	18
870	12
876	22
273	19
278	20
435	20
445	20
470	10
491	3
502	8
513	8
525	8
543	8
610	1
628	1
639	1
666	1
681	1
698	1
720	8
742	8
760	8
788	8
812	22
827	7
835	29
826	31
852	1
864	9
890	13
910	13
925	13
928	18
958	5
959	1
962	18
965	7
967	11
973	16
980	16
976	10
983	16
987	16
994	16
991	10
998	12
1005	11
1013	1
1014	18
1016	20
1021	5
1026	11
1034	22
1038	18
1039	20
1044	11
1047	17
1045	18
1053	1
1056	18
1064	18
1067	18
1074	18
1081	18
1063	13
1090	18
1097	18
1099	9
1115	11
1124	20
1145	5
1152	20
1158	11
1170	12
1185	13
1190	1
1194	9
1199	9
1200	1
1214	1
1216	5
1220	17
1223	9
1225	1
1236	5
1238	9
1240	1
1250	5
1256	5
1260	5
1265	5
1270	5
1274	5
1278	5
1284	5
1288	5
1292	5
1296	5
1300	5
1304	5
1310	5
1314	5
1315	9
1321	9
1324	1
1334	17
1338	17
1339	1
1348	1
1350	9
1352	17
1353	9
1358	17
1363	9
1368	9
1371	9
1373	17
1381	9
1382	17
1389	9
1395	17
1397	9
1407	1
1416	1
1418	9
1421	9
1423	1
1425	17
1427	1
1429	9
1443	17
1449	9
1454	1
1455	9
1463	1
1468	9
1470	17
1482	1
1488	1
1494	1
1501	9
1503	9
1506	9
1511	9
1514	9
1517	9
1520	9
1523	9
1526	9
1529	9
1532	9
1535	9
1538	9
1541	9
1544	9
1547	9
1549	9
1552	9
1555	9
1558	9
1561	9
1564	9
1567	9
1570	9
1573	9
1577	9
1579	9
1582	9
1585	9
1588	9
1591	9
1595	9
1598	9
1601	9
1607	9
1610	9
1613	9
1616	9
1619	9
1624	9
1626	9
1629	9
1632	9
1635	9
1638	9
1641	9
1644	9
276	23
280	23
301	23
309	23
317	23
324	23
332	23
358	23
365	23
377	16
382	32
386	24
396	24
415	24
438	24
485	30
509	30
548	30
634	30
676	30
715	18
727	18
752	18
771	18
785	18
809	10
841	14
843	30
853	17
858	30
892	14
909	14
922	14
941	1
944	17
935	16
956	13
950	10
978	17
990	17
1084	12
1093	12
1101	1
1106	18
1110	11
1114	12
1116	1
1122	9
1154	5
1156	9
267	16
298	16
307	16
313	16
322	16
333	16
345	16
355	16
364	16
375	8
381	26
394	26
407	26
424	26
440	26
459	26
495	14
524	14
620	17
656	9
689	9
707	9
728	9
748	9
775	9
797	1
820	1
834	17
850	16
881	31
893	31
907	31
921	31
945	7
954	20
963	12
977	7
989	7
1006	12
1011	17
1017	10
1025	20
1029	1
1035	5
1055	9
1087	9
1103	10
1138	18
1153	12
1176	13
1180	5
1187	1
1188	5
1191	17
1195	17
1196	5
1197	1
1202	5
1201	17
1204	1
1205	5
1207	9
1210	17
1211	9
1213	17
1215	9
1217	17
1218	1
1222	5
1226	5
1229	5
1230	1
1233	5
1239	17
1241	5
1243	9
1245	17
1244	1
1247	9
1249	17
1252	1
1253	17
1254	1
1257	17
1258	1
1261	1
1262	17
1263	1
1266	1
1269	1
1271	1
1272	17
1275	1
1276	17
1279	1
1280	1
1283	1
1282	17
1285	1
1287	17
1289	1
1291	17
1293	1
1295	17
1297	1
1301	1
1298	17
1302	1
1305	17
1306	1
1308	17
1309	1
1312	1
1313	17
1316	1
1317	17
1319	1
1320	17
1322	1
1323	17
1325	9
1326	17
1327	1
1328	9
1329	17
1330	1
1331	9
1335	9
1336	1
1337	9
1341	17
1342	1
1344	9
1346	17
1347	9
1349	17
1351	1
1355	17
1356	9
1357	1
1359	1
1360	9
1361	17
1365	9
1366	1
1367	17
1372	1
1374	1
1376	17
1377	1
1380	1
1383	9
1384	1
1385	17
1386	9
1390	1
1392	1
1393	17
1396	1
1394	9
1398	1
1402	1
1401	17
1405	9
1404	1
1408	17
1410	9
1411	17
1414	1
1413	17
1415	9
1420	17
1424	9
1426	9
1430	1
1431	17
1432	9
1433	1
1434	17
1436	1
1438	9
1437	17
1439	1
1441	9
265	21
296	21
303	21
310	21
319	21
325	21
330	21
339	21
347	21
354	21
371	21
366	10
387	28
395	28
430	28
449	28
487	23
605	23
660	23
696	23
703	20
722	20
736	20
762	20
789	20
798	16
817	16
868	17
873	18
891	22
902	22
919	22
936	20
942	9
946	20
953	17
1442	1
1447	9
1448	1
1450	17
1451	1
1453	17
1456	17
1458	17
1465	9
1466	1
1471	9
1472	1
1477	9
1478	17
1480	9
1481	17
1483	9
1484	17
1489	9
1490	17
1495	9
1502	17
1505	17
1508	17
1509	17
1512	17
1515	17
1518	17
1521	17
1524	17
1527	17
1530	17
1533	17
1536	17
1539	17
1542	17
1546	17
1550	17
1553	17
1556	17
1559	17
1562	17
1565	17
1568	17
1571	17
1574	17
1576	17
1580	17
1583	17
1586	17
1589	17
1592	17
1594	17
1597	17
1600	17
1603	17
1605	17
1608	17
1611	17
1614	17
1617	17
1620	17
1622	17
1625	17
1628	17
1631	17
1634	17
1637	17
1640	17
1643	17
1646	17
1649	17
1652	17
1655	17
1658	17
1661	17
1664	17
1667	17
1670	17
1673	17
1676	17
1679	17
1682	17
1685	17
1688	17
1691	17
1693	17
1696	17
1698	17
1701	17
1704	17
1707	17
1710	17
1713	17
1716	17
1719	17
1722	17
1725	17
1728	17
1730	17
1733	17
1736	17
1738	17
1741	17
1744	17
1746	17
1748	17
1751	17
1754	17
1757	17
1760	17
1762	17
1765	17
1768	17
1770	17
1773	17
1776	17
1779	17
1782	17
1785	17
1788	17
1790	17
1792	17
1795	17
1799	17
1801	17
1804	17
1807	17
1810	17
1813	17
1816	17
1819	17
1822	17
1824	17
1827	17
1830	17
1832	17
1835	17
1838	17
1840	17
1843	17
1845	17
1848	17
1851	17
1854	17
1857	17
1859	17
1862	17
268	14
436	14
452	14
467	14
473	24
504	28
523	28
538	28
552	28
563	28
572	28
582	28
592	28
1444	9
1445	1
1457	1
1459	9
1461	9
1464	17
1473	17
1475	1
1479	1
1486	9
1487	17
1492	9
1498	9
1500	1
1504	1
1507	1
1510	1
1513	1
1516	1
1519	1
1522	1
1525	1
1528	1
1531	1
1534	1
1537	1
1540	1
1543	1
1545	1
1548	1
1551	1
1554	1
1557	1
1560	1
1563	1
1566	1
1569	1
1572	1
1575	1
1578	1
1581	1
1584	1
1587	1
1590	1
1593	1
1596	1
1599	1
1602	1
1606	1
1609	1
1612	1
1615	1
1618	1
1621	1
1623	1
1627	1
1630	1
1633	1
1636	1
1639	1
1642	1
1645	1
1648	1
1651	1
1654	1
1657	1
1660	1
1663	1
1666	1
1668	1
1672	1
1674	1
1677	1
1680	1
1683	1
1687	1
1690	1
1694	1
1697	1
1700	1
1703	1
1706	1
1709	1
1712	1
1715	1
1717	1
1720	1
1724	1
1727	1
1731	1
1734	1
1737	1
1740	1
1743	1
1747	1
1750	1
1753	1
1756	1
1759	1
1763	1
1766	1
1769	1
1772	1
1775	1
1778	1
1781	1
1784	1
1786	1
1791	1
1794	1
1797	1
1800	1
1803	1
1806	1
1809	1
1812	1
1815	1
1818	1
1821	1
1823	1
1826	1
1829	1
1833	1
1836	1
1839	1
1842	1
1846	1
1849	1
1852	1
1855	1
1860	1
1863	1
1866	1
1869	1
1872	1
1876	1
1878	1
1881	1
1884	1
1888	1
1891	1
1894	1
1897	1
1900	1
1903	1
1905	1
1908	1
1911	1
1914	1
1917	1
1920	1
1924	1
1927	1
1930	1
1933	1
1936	1
1939	1
1942	1
1945	1
1946	17
1951	9
1952	17
1957	9
1958	17
1963	9
1964	17
1969	9
1970	17
1975	9
1976	17
1982	17
266	13
442	13
461	13
484	21
490	31
507	24
519	24
537	24
553	24
560	24
573	24
581	24
590	24
607	11
613	11
623	11
631	11
644	11
650	11
665	11
670	11
684	11
734	11
780	11
806	11
832	13
854	11
914	11
934	30
1015	12
1049	1
1051	22
1061	1
1068	1
1075	1
1080	1
1088	1
1095	1
1107	5
1117	9
1118	18
1126	13
1132	13
1148	12
1159	17
1163	17
1166	12
1167	13
1172	13
1174	1
1647	9
1650	9
1653	9
1656	9
1659	9
1662	9
1665	9
1669	9
1671	9
1675	9
1678	9
1681	9
1684	9
1686	9
1689	9
1692	9
1695	9
1699	9
1702	9
1705	9
1708	9
1711	9
1714	9
1718	9
1721	9
1723	9
1726	9
1729	9
1732	9
1735	9
1739	9
1742	9
1745	9
1749	9
1752	9
1755	9
1758	9
1761	9
1764	9
1767	9
1771	9
1774	9
1777	9
1780	9
1783	9
1787	9
1789	9
1793	9
1796	9
1798	9
1802	9
1805	9
1808	9
1811	9
1814	9
1817	9
1820	9
1825	9
1828	9
1831	9
1834	9
1837	9
1841	9
1844	9
1847	9
1850	9
1853	9
1856	9
1858	9
1861	9
1864	9
1867	9
1871	9
1874	9
1877	9
1880	9
1883	9
1886	9
1889	9
1892	9
1895	9
1899	9
1902	9
1907	9
1910	9
1913	9
1916	9
1919	9
1922	9
1925	9
1928	9
1931	9
1934	9
1937	9
1941	9
1944	9
1949	9
1950	17
1955	9
1956	17
1961	9
1962	17
1967	9
1968	17
1973	9
1974	17
1979	9
1984	17
1985	9
1990	17
1991	9
1997	9
1998	17
270	8
297	8
302	8
312	8
318	8
327	8
335	8
344	8
367	8
390	8
398	8
414	8
429	8
447	8
463	8
486	1
499	12
531	12
642	8
679	8
702	8
1865	17
1868	17
1870	17
1873	17
1875	17
1879	17
1882	17
1885	17
1887	17
1890	17
1893	17
1896	17
1898	17
1901	17
1904	17
1906	17
1909	17
1912	17
1915	17
1918	17
1921	17
1923	17
1926	17
1929	17
1932	17
1935	17
1938	17
1940	17
1943	17
1947	9
1948	17
1953	9
1954	17
1959	9
1960	17
1965	9
1966	17
1971	9
1972	17
1977	9
1978	17
1980	17
1981	9
1986	17
1987	9
1992	17
1993	9
1995	9
1996	17
2001	9
2003	9
2004	9
2006	9
2008	9
2010	9
2012	9
2014	9
2016	9
2018	9
2020	9
2022	9
2024	9
2026	9
2028	9
2030	9
2032	9
2034	9
2036	9
2038	9
2040	9
2042	9
2044	9
2046	9
2048	9
2050	9
2052	9
2054	9
2057	9
2059	9
2061	9
2063	9
2065	9
2067	9
2069	9
2071	9
2073	9
2075	9
2077	9
2079	9
2081	9
2083	9
2085	9
2087	9
2089	9
2091	9
2093	9
2095	9
2097	9
2099	9
2101	9
2103	9
2105	9
2107	9
2109	9
2111	9
2113	9
2115	9
2117	9
2119	9
2121	9
2123	9
2127	9
2129	9
2131	9
2133	9
2135	9
2137	9
2139	9
2141	9
2143	9
2145	9
2147	9
2149	9
2151	9
2153	9
2155	9
2157	9
2159	9
2161	9
2163	9
2165	9
2167	9
2169	9
2171	9
269	10
308	10
315	10
328	10
337	10
343	10
350	10
356	10
384	16
413	16
425	16
446	16
465	16
510	3
614	3
658	3
692	3
718	5
741	5
763	5
777	5
804	8
831	22
872	8
883	7
899	7
916	7
932	7
943	22
951	31
955	7
966	5
979	5
988	5
995	11
1002	17
1004	20
1010	10
1018	1
1023	18
1027	22
1032	20
1037	1
1052	17
1983	9
1988	17
1989	9
1994	17
1999	9
2000	17
2002	17
2005	17
2007	17
2009	17
2011	17
2013	17
2015	17
2017	17
2019	17
2021	17
2023	17
2025	17
2027	17
2029	17
2031	17
2033	17
2035	17
2037	17
2039	17
2041	17
2043	17
2045	17
2047	17
2049	17
2051	17
2053	17
2055	17
2056	17
2064	17
2066	17
2068	17
2070	17
2072	17
2074	17
2076	17
2078	17
2080	17
2082	17
2084	17
2086	17
2088	17
2090	17
2092	17
2094	17
2096	17
2098	17
2100	17
2102	17
2104	17
2106	17
2108	17
2110	17
2112	17
2114	17
2116	17
2118	17
2120	17
2122	17
2124	17
2126	17
2128	17
2130	17
2132	17
2134	17
2136	17
2138	17
2140	17
2142	17
2144	17
2146	17
2148	17
2150	17
2152	17
2154	17
2156	17
2158	17
2160	17
2162	17
2164	17
2166	17
2168	17
2170	17
2172	17
2173	17
2174	17
2175	17
2176	17
2177	17
2178	17
2179	17
2180	17
2181	17
2182	17
2183	17
2184	17
2185	17
2189	17
2190	17
2191	17
2192	17
2193	17
2194	17
2195	17
2196	17
2197	17
2198	17
2199	17
2200	17
2201	17
2202	17
2203	17
2204	17
2205	17
2206	17
2207	17
2208	17
2209	17
2210	17
2211	17
2212	17
2213	17
2214	17
2215	17
2216	17
2217	17
2218	17
2219	17
2220	17
2221	17
262	1
306	1
331	32
341	32
359	24
376	24
385	10
406	10
418	10
431	10
456	10
477	1
480	16
498	27
516	27
526	27
540	27
555	13
633	13
651	13
674	13
695	13
714	13
729	13
756	13
769	13
2222	17
2223	17
2224	17
2225	17
2226	17
2227	17
2228	17
2229	17
2230	17
2231	17
2232	17
2233	17
2234	17
2235	17
2236	17
2237	17
2238	17
2239	17
2240	17
2241	17
2242	17
2243	17
2244	17
2245	17
2246	17
2247	17
2248	17
2249	17
2250	17
2251	17
2252	17
2253	17
2254	17
2255	17
2256	17
2257	17
2258	17
2259	17
2260	17
2261	17
2262	17
2263	17
2264	17
2265	17
2266	17
2267	17
2268	17
2269	17
2270	17
2271	17
2272	17
2273	17
2274	17
2275	17
2276	17
2277	17
2278	17
2279	17
2280	17
2281	17
2282	17
2283	17
2284	17
2285	17
2286	17
2287	17
2288	17
2289	17
2290	17
2291	17
2292	17
2293	17
2294	17
2295	17
2296	17
2297	17
2298	17
2299	17
2300	17
2301	17
2302	17
2303	17
2304	17
2305	17
2306	17
2307	17
2308	17
2309	17
2310	17
2311	17
2312	17
2313	17
2314	17
2315	17
2316	17
2317	17
2318	17
2319	17
2320	17
2321	17
2322	17
2323	17
2324	17
2325	17
264	11
338	11
388	1
411	1
422	1
443	1
462	1
506	29
534	29
546	29
618	9
638	9
659	17
686	17
713	17
733	17
749	17
768	17
787	17
815	13
833	9
842	18
877	14
887	17
900	17
915	17
2326	17
2327	17
2328	17
2329	17
2330	17
2331	17
2332	17
2333	17
2334	17
2335	17
2336	17
2337	17
2338	17
2339	17
2340	17
2341	17
2342	17
2343	17
2344	17
2345	17
2346	17
2347	17
2348	17
2349	17
2350	17
2351	17
2352	17
2353	17
2354	17
2355	17
2356	17
2357	17
2358	17
2359	17
2360	17
2361	17
2362	17
2363	17
2364	17
2365	17
2366	17
2367	17
2368	17
2369	17
2370	17
2372	17
2373	17
2374	17
2375	17
2376	17
2377	17
2378	17
2379	17
2380	17
2381	17
2382	17
2383	17
2384	17
2385	17
2386	17
2387	17
2388	17
2389	17
2390	17
2391	17
2392	17
2393	17
2394	17
2395	17
2396	17
2397	17
2398	17
2399	17
2400	17
2401	17
2404	17
2405	17
2406	17
2407	17
2408	17
2409	17
2410	17
2411	17
2412	17
2413	17
2414	17
2415	17
2416	17
2417	17
2418	17
2419	17
2420	17
2421	17
2422	17
2423	17
2424	17
2425	17
2426	17
2427	17
2428	17
2429	17
2430	17
2431	17
2432	17
2433	17
2434	17
2435	17
2436	17
2437	17
2438	17
2439	17
2440	17
2441	17
2442	17
2443	17
2444	17
2445	17
2446	17
2447	17
2448	17
2449	17
2450	17
2451	17
2452	17
2453	17
2454	17
2455	17
2456	17
2457	17
2458	17
2459	17
2460	17
2461	17
2462	17
2463	17
2464	17
2465	17
2466	17
2467	17
2468	17
2469	17
2470	17
2471	17
2472	17
2476	17
2477	17
2478	17
2479	17
2480	17
2481	17
2482	17
2483	17
2484	17
289	24
295	24
300	24
311	24
316	24
326	24
336	24
2485	17
2486	17
2487	17
2488	17
2489	17
2490	17
2491	17
2492	17
2493	17
2494	17
2495	17
2496	17
2497	17
2498	17
2499	17
2500	17
2501	17
2502	17
2503	17
2504	17
2505	17
2506	17
2507	17
2508	17
2509	17
2510	17
2511	17
2512	17
2513	17
2514	17
2515	17
2516	17
2517	17
2518	17
2519	17
2520	17
2521	17
2522	17
2523	17
2524	17
2525	17
2526	17
2527	17
2528	17
2529	17
2530	17
2531	17
2532	17
2533	17
2534	17
2535	17
2536	17
2537	17
2538	17
2539	17
2540	17
2541	17
2542	17
2543	17
2544	17
2545	17
2546	17
2547	17
2548	17
2549	17
2550	17
2551	17
2552	17
2553	17
2554	17
2555	17
2556	17
2557	17
2558	17
2559	17
2560	17
2561	17
2562	17
2563	17
2564	17
2565	17
2566	17
2567	17
2568	17
2569	17
2570	17
2571	17
2572	17
2573	17
2574	17
2575	17
2576	17
2577	17
2578	17
2579	17
2580	17
2581	17
2582	17
2583	17
2584	17
2585	17
2586	17
2587	17
2588	17
2589	17
2590	17
2591	17
2592	17
2593	17
2594	17
2595	17
2596	17
2597	17
2598	17
2599	17
2600	17
2601	17
2602	17
2603	17
2604	17
2605	17
2606	17
2607	17
2608	17
2609	17
2610	17
2611	17
2612	17
2613	17
2614	17
2615	17
2616	17
2617	17
2618	17
2619	17
2620	17
2621	17
2622	17
2623	17
2624	17
2625	17
2626	17
2627	17
2628	17
2629	17
2630	17
2631	17
2632	17
2633	17
2634	17
2635	17
2636	17
2637	17
2638	17
2639	17
2640	17
2641	17
2643	17
2644	17
2645	17
2646	17
2647	17
2648	17
2649	17
2650	17
2651	17
2652	17
2653	17
2654	17
2655	17
2656	17
2657	17
2658	17
2659	17
2660	17
2661	17
2662	17
281	27
304	27
314	27
323	27
329	27
340	27
348	27
352	27
361	27
2663	17
2664	17
2665	17
2666	17
2667	17
2668	17
2669	17
2670	17
2671	17
2672	17
2674	17
2675	17
2676	17
2677	17
2678	17
2679	17
2680	17
2681	17
2682	17
2683	17
2684	17
2685	17
2686	17
2687	17
2688	17
2691	17
2692	17
2693	17
2694	17
2695	17
2696	17
2697	17
2698	17
2699	17
2700	17
2701	17
2702	17
2703	17
2704	17
2705	17
2706	17
2707	17
2708	17
2709	17
2710	17
2711	17
2712	17
2713	17
2714	17
2715	17
2716	17
2717	17
2718	17
2719	17
2720	17
2721	17
2722	17
2723	17
2724	17
2725	17
2726	17
2727	17
2728	17
2729	17
2730	17
2731	17
2732	17
2733	17
2734	17
2735	17
2736	17
2737	17
2738	17
2739	17
2740	17
2741	17
2742	17
2743	17
2744	17
2745	17
2746	17
2747	17
2748	17
2749	17
2750	17
2751	17
2752	17
2753	17
2754	17
2755	17
2756	17
2757	17
2758	17
2763	17
2764	17
2765	17
2766	17
2767	17
2768	17
2769	17
2770	17
2771	17
2772	17
2773	17
2774	17
2775	17
2776	17
2777	17
2778	17
2779	17
2780	17
2781	17
2782	17
2783	17
2784	17
2785	17
2786	17
2787	17
2788	17
2789	17
2790	17
2791	17
2792	17
2793	17
2794	17
2795	17
2796	17
2797	17
2798	17
2799	17
2800	17
2801	17
2802	17
2803	17
2804	17
2805	17
2806	17
2807	17
2808	17
2809	17
2810	17
2811	17
2812	17
2813	17
2814	17
2815	17
2816	17
2817	17
2818	17
2819	17
2820	17
2821	17
2822	17
2823	17
2824	17
2825	17
2826	17
2827	17
2828	17
2829	17
2830	17
2831	17
2832	17
2833	17
2834	17
2835	17
2836	17
2837	17
2838	17
321	1
360	1
369	1
374	1
392	30
402	30
408	30
421	30
434	30
455	30
472	30
492	11
518	11
532	11
545	11
556	18
629	18
655	18
688	18
704	14
757	14
793	13
2839	17
2840	17
2841	17
2842	17
2843	17
2844	17
2845	17
2846	17
2847	17
2848	17
2849	17
2850	17
2851	17
2852	17
2853	17
2854	17
2855	17
2856	17
2857	17
2858	17
2859	17
2860	17
2861	17
2862	17
2863	17
2864	17
2865	17
2866	17
2867	17
2868	17
2869	17
2870	17
2871	17
2872	17
2873	17
2874	17
2875	17
2876	17
2877	17
2878	17
2879	17
2880	17
2881	17
2882	17
2883	17
2884	17
2885	17
2886	17
2887	17
2888	17
2889	17
2890	17
2891	17
2892	17
2893	17
2894	17
2895	17
2896	17
2897	17
2898	17
2899	17
2900	17
2901	17
2902	17
2903	17
2904	17
2905	17
2906	17
2907	15
2908	15
2909	15
2910	15
2911	15
2912	15
2913	15
2914	15
2915	15
2916	15
2917	15
2918	15
2919	15
2920	15
2921	15
2922	15
2923	15
2924	15
2925	15
2926	15
2927	15
357	28
370	28
379	21
393	32
401	32
416	32
426	32
444	32
460	32
471	21
481	27
489	29
508	31
533	31
547	31
619	14
641	14
680	14
712	23
723	23
735	23
758	23
783	23
800	29
819	29
828	10
839	12
846	22
878	12
894	12
912	12
923	12
930	22
948	5
952	12
970	20
981	20
992	20
1001	1
971	22
368	26
391	23
400	23
409	23
420	23
432	23
450	23
478	5
483	10
501	1
520	1
536	1
583	1
611	28
627	28
637	28
648	28
667	28
683	28
743	7
786	7
802	23
825	8
851	29
888	30
913	30
1008	30
1024	17
1041	1
1046	22
1050	11
1058	12
1062	12
1066	12
1071	12
1073	12
1078	12
1082	5
1091	5
1096	5
1102	11
1105	17
1108	12
1111	17
1113	18
1121	5
1125	18
1129	1
1131	12
1134	17
1136	12
1140	13
1143	1
1149	1
1157	1
1162	1
1165	1
187	4
198	4
203	4
208	4
213	4
218	4
221	7
231	22
236	22
239	22
244	7
247	9
248	3
283	7
677	7
701	7
719	1
738	1
761	1
779	1
796	5
821	5
830	30
863	5
889	8
903	8
917	8
929	17
940	12
949	1
968	17
972	30
985	30
1000	16
964	9
1030	5
1040	5
1086	17
1104	20
1120	1
1127	11
1173	5
1179	1
1182	13
1184	9
1193	1
1203	9
1206	17
1208	1
1212	5
1219	9
1221	1
1224	17
1231	9
1234	17
1237	1
1246	5
1248	1
1251	9
1255	9
1259	9
1264	9
1268	9
1273	9
1277	9
1281	9
1286	9
1290	9
1294	9
1299	9
1303	9
1307	9
1311	9
1318	9
1332	17
1333	1
1340	9
1343	17
1345	1
1354	1
1362	1
1364	17
1369	1
1370	17
1375	9
1378	9
1379	17
1387	1
1388	17
1391	9
1399	17
1400	9
1403	17
1406	9
1409	1
1412	9
1417	17
1419	1
1422	17
1428	17
1435	9
1440	17
1446	17
1452	9
1460	1
1462	17
1467	17
1469	1
1474	9
1476	17
1485	1
1491	1
1497	1
\.


--
-- Data for Name: mirrorstation; Type: TABLE DATA; Schema: public; Owner: kaleido
--

COPY public.mirrorstation (id, url, selector) FROM stdin;
1	https://mirrors.shu.edu.cn	
3	https://mirrors.tuna.tsinghua.edu.cn	
2	https://mirrors.ustc.edu.cn	#filelist .filelist td.filename a
8	http://mirrors.hust.edu.cn	#mirror-tbody tr td:first-of-type a
9	https://mirrors.neusoft.edu.cn	.container section .table-mirror tbody td:first-of-type a
10	http://mirror.bit.edu.cn	ul>li>a:first-of-type
6	https://mirrors.zju.edu.cn	.src-list dl dt a
5	https://ftp.sjtu.edu.cn	pre :not(a:first-of-type)
4	https://mirrors.geekpie.org	.indexcolicon a
7	https://mirror.lzu.edu.cn	.mirror_item a
\.


--
-- Name: city_id_seq; Type: SEQUENCE SET; Schema: public; Owner: kaleido
--

SELECT pg_catalog.setval('public.city_id_seq', 32, true);

--
-- Name: ip_id_seq; Type: SEQUENCE SET; Schema: public; Owner: kaleido
--

SELECT pg_catalog.setval('public.ip_id_seq', 2927, true);

--
-- Name: mirrorstation_id_seq; Type: SEQUENCE SET; Schema: public; Owner: kaleido
--

SELECT pg_catalog.setval('public.mirrorstation_id_seq', 10, true);

--
-- Name: area_mirrorstation area_mirrorstation_pk; Type: CONSTRAINT; Schema: public; Owner: kaleido
--

ALTER TABLE ONLY public.area_mirrorstation
  ADD CONSTRAINT area_mirrorstation_pk PRIMARY KEY (area_id, mirrorstation_id);

--
-- Name: area area_pkey; Type: CONSTRAINT; Schema: public; Owner: kaleido
--

ALTER TABLE ONLY public.area
  ADD CONSTRAINT area_pkey PRIMARY KEY (id);

--
-- Name: ip_area ip_area_pk; Type: CONSTRAINT; Schema: public; Owner: kaleido
--

ALTER TABLE ONLY public.ip_area
  ADD CONSTRAINT ip_area_pk PRIMARY KEY (ip_id);

--
-- Name: ip ip_pkey; Type: CONSTRAINT; Schema: public; Owner: kaleido
--

ALTER TABLE ONLY public.ip
  ADD CONSTRAINT ip_pkey PRIMARY KEY (id);

--
-- Name: mirrorstation mirrorstation_pkey; Type: CONSTRAINT; Schema: public; Owner: kaleido
--

ALTER TABLE ONLY public.mirrorstation
  ADD CONSTRAINT mirrorstation_pkey PRIMARY KEY (id);

--
-- Name: area_id_uindex; Type: INDEX; Schema: public; Owner: kaleido
--

CREATE UNIQUE INDEX area_id_uindex
  ON public.area
  USING btree (id);

--
-- Name: area_mirrorstation_priority_index; Type: INDEX; Schema: public; Owner: kaleido
--

CREATE INDEX area_mirrorstation_priority_index
  ON public.area_mirrorstation
  USING btree (priority);

--
-- Name: area_province_uindex; Type: INDEX; Schema: public; Owner: kaleido
--

CREATE UNIQUE INDEX area_province_uindex
  ON public.area
  USING btree (province);

--
-- Name: ip_area_ip_id_uindex; Type: INDEX; Schema: public; Owner: kaleido
--

CREATE UNIQUE INDEX ip_area_ip_id_uindex
  ON public.ip_area
  USING btree (ip_id);

--
-- Name: ip_data_excl; Type: INDEX; Schema: public; Owner: kaleido
--

CREATE INDEX ip_data_excl
  ON public.ip
  USING btree (data);

--
-- Name: ip_data_uindex; Type: INDEX; Schema: public; Owner: kaleido
--

CREATE UNIQUE INDEX ip_data_uindex
  ON public.ip
  USING btree (data);

--
-- Name: ip_id_uindex; Type: INDEX; Schema: public; Owner: kaleido
--

CREATE UNIQUE INDEX ip_id_uindex
  ON public.ip
  USING btree (id);

--
-- Name: mirrorstation_id_uindex; Type: INDEX; Schema: public; Owner: kaleido
--

CREATE UNIQUE INDEX mirrorstation_id_uindex
  ON public.mirrorstation
  USING btree (id);

--
-- Name: mirrorstation_url_uindex; Type: INDEX; Schema: public; Owner: kaleido
--

CREATE UNIQUE INDEX mirrorstation_url_uindex
  ON public.mirrorstation
  USING btree (url);

--
-- Name: area_mirrorstation area_mirrorstation_area_id_fk; Type: FK CONSTRAINT; Schema: public; Owner: kaleido
--

ALTER TABLE ONLY public.area_mirrorstation
  ADD CONSTRAINT area_mirrorstation_area_id_fk FOREIGN KEY (area_id) REFERENCES public.area (id) ON DELETE CASCADE;

--
-- Name: area_mirrorstation area_mirrorstation_mirrorstation_id_fk; Type: FK CONSTRAINT; Schema: public; Owner: kaleido
--

ALTER TABLE ONLY public.area_mirrorstation
  ADD CONSTRAINT area_mirrorstation_mirrorstation_id_fk FOREIGN KEY (mirrorstation_id) REFERENCES public.mirrorstation (id) ON DELETE CASCADE;

--
-- Name: ip_area ip_area_area_id_fk; Type: FK CONSTRAINT; Schema: public; Owner: kaleido
--

ALTER TABLE ONLY public.ip_area
  ADD CONSTRAINT ip_area_area_id_fk FOREIGN KEY (area_id) REFERENCES public.area (id);

--
-- Name: ip_area ip_area_ip_id_fk; Type: FK CONSTRAINT; Schema: public; Owner: kaleido
--

ALTER TABLE ONLY public.ip_area
  ADD CONSTRAINT ip_area_ip_id_fk FOREIGN KEY (ip_id) REFERENCES public.ip (id) ON DELETE CASCADE;

--
-- Name: SCHEMA public; Type: ACL; Schema: -; Owner: longfangsong
--

GRANT ALL ON SCHEMA public TO PUBLIC;

--
-- PostgreSQL database dump complete
--

