--
-- PostgreSQL database dump
--

-- Dumped from database version 10.4
-- Dumped by pg_dump version 10.4

SET statement_timeout = 0;
SET lock_timeout = 0;
SET idle_in_transaction_session_timeout = 0;
SET client_encoding = 'UTF8';
SET standard_conforming_strings = on;
SELECT pg_catalog.set_config('search_path', '', false);
SET check_function_bodies = false;
SET client_min_messages = warning;
SET row_security = off;

SET default_tablespace = '';

SET default_with_oids = false;

--
-- Name: area; Type: TABLE; Schema: public; Owner: mirrorRedirector
--

CREATE TABLE public.area (
    id bigint NOT NULL,
    country character varying(64) DEFAULT '中国'::character varying NOT NULL,
    province character varying(64) NOT NULL
);


ALTER TABLE public.area OWNER TO "mirrorRedirector";

--
-- Name: area_id_seq; Type: SEQUENCE; Schema: public; Owner: mirrorRedirector
--

CREATE SEQUENCE public.area_id_seq
    START WITH 1
    INCREMENT BY 1
    NO MINVALUE
    NO MAXVALUE
    CACHE 1;


ALTER TABLE public.area_id_seq OWNER TO "mirrorRedirector";

--
-- Name: area_id_seq; Type: SEQUENCE OWNED BY; Schema: public; Owner: mirrorRedirector
--

ALTER SEQUENCE public.area_id_seq OWNED BY public.area.id;


--
-- Name: area_mirror; Type: TABLE; Schema: public; Owner: mirrorRedirector
--

CREATE TABLE public.area_mirror (
    id bigint NOT NULL,
    mirror_id integer NOT NULL
);


ALTER TABLE public.area_mirror OWNER TO "mirrorRedirector";

--
-- Name: area_mirror_id_seq; Type: SEQUENCE; Schema: public; Owner: mirrorRedirector
--

CREATE SEQUENCE public.area_mirror_id_seq
    AS integer
    START WITH 1
    INCREMENT BY 1
    NO MINVALUE
    NO MAXVALUE
    CACHE 1;


ALTER TABLE public.area_mirror_id_seq OWNER TO "mirrorRedirector";

--
-- Name: area_mirror_id_seq; Type: SEQUENCE OWNED BY; Schema: public; Owner: mirrorRedirector
--

ALTER SEQUENCE public.area_mirror_id_seq OWNED BY public.area_mirror.id;


--
-- Name: area_mirror_mirror_id_seq; Type: SEQUENCE; Schema: public; Owner: mirrorRedirector
--

CREATE SEQUENCE public.area_mirror_mirror_id_seq
    AS integer
    START WITH 1
    INCREMENT BY 1
    NO MINVALUE
    NO MAXVALUE
    CACHE 1;


ALTER TABLE public.area_mirror_mirror_id_seq OWNER TO "mirrorRedirector";

--
-- Name: area_mirror_mirror_id_seq; Type: SEQUENCE OWNED BY; Schema: public; Owner: mirrorRedirector
--

ALTER SEQUENCE public.area_mirror_mirror_id_seq OWNED BY public.area_mirror.mirror_id;


--
-- Name: ipv4_area; Type: TABLE; Schema: public; Owner: mirrorRedirector
--

CREATE TABLE public.ipv4_area (
    id integer NOT NULL,
    area_id bigint NOT NULL
);


ALTER TABLE public.ipv4_area OWNER TO "mirrorRedirector";

--
-- Name: ipv4_area_area_id_seq; Type: SEQUENCE; Schema: public; Owner: mirrorRedirector
--

CREATE SEQUENCE public.ipv4_area_area_id_seq
    START WITH 1
    INCREMENT BY 1
    NO MINVALUE
    NO MAXVALUE
    CACHE 1;


ALTER TABLE public.ipv4_area_area_id_seq OWNER TO "mirrorRedirector";

--
-- Name: ipv4_area_area_id_seq; Type: SEQUENCE OWNED BY; Schema: public; Owner: mirrorRedirector
--

ALTER SEQUENCE public.ipv4_area_area_id_seq OWNED BY public.ipv4_area.area_id;


--
-- Name: ipv4_area_id_seq; Type: SEQUENCE; Schema: public; Owner: mirrorRedirector
--

CREATE SEQUENCE public.ipv4_area_id_seq
    AS integer
    START WITH 1
    INCREMENT BY 1
    NO MINVALUE
    NO MAXVALUE
    CACHE 1;


ALTER TABLE public.ipv4_area_id_seq OWNER TO "mirrorRedirector";

--
-- Name: ipv4_area_id_seq; Type: SEQUENCE OWNED BY; Schema: public; Owner: mirrorRedirector
--

ALTER SEQUENCE public.ipv4_area_id_seq OWNED BY public.ipv4_area.id;


--
-- Name: ipv4_ranges; Type: TABLE; Schema: public; Owner: mirrorRedirector
--

CREATE TABLE public.ipv4_ranges (
    id bigint NOT NULL,
    data numrange NOT NULL
);


ALTER TABLE public.ipv4_ranges OWNER TO "mirrorRedirector";

--
-- Name: ipv4_ranges_id_seq; Type: SEQUENCE; Schema: public; Owner: mirrorRedirector
--

CREATE SEQUENCE public.ipv4_ranges_id_seq
    START WITH 1
    INCREMENT BY 1
    NO MINVALUE
    NO MAXVALUE
    CACHE 1;


ALTER TABLE public.ipv4_ranges_id_seq OWNER TO "mirrorRedirector";

--
-- Name: ipv4_ranges_id_seq; Type: SEQUENCE OWNED BY; Schema: public; Owner: mirrorRedirector
--

ALTER SEQUENCE public.ipv4_ranges_id_seq OWNED BY public.ipv4_ranges.id;


--
-- Name: mirror; Type: TABLE; Schema: public; Owner: mirrorRedirector
--

CREATE TABLE public.mirror (
    id integer NOT NULL,
    url character varying(256) NOT NULL
);


ALTER TABLE public.mirror OWNER TO "mirrorRedirector";

--
-- Name: mirror_id_seq; Type: SEQUENCE; Schema: public; Owner: mirrorRedirector
--

CREATE SEQUENCE public.mirror_id_seq
    AS integer
    START WITH 1
    INCREMENT BY 1
    NO MINVALUE
    NO MAXVALUE
    CACHE 1;


ALTER TABLE public.mirror_id_seq OWNER TO "mirrorRedirector";

--
-- Name: mirror_id_seq; Type: SEQUENCE OWNED BY; Schema: public; Owner: mirrorRedirector
--

ALTER SEQUENCE public.mirror_id_seq OWNED BY public.mirror.id;


--
-- Name: area id; Type: DEFAULT; Schema: public; Owner: mirrorRedirector
--

ALTER TABLE ONLY public.area ALTER COLUMN id SET DEFAULT nextval('public.area_id_seq'::regclass);


--
-- Name: area_mirror id; Type: DEFAULT; Schema: public; Owner: mirrorRedirector
--

ALTER TABLE ONLY public.area_mirror ALTER COLUMN id SET DEFAULT nextval('public.area_mirror_id_seq'::regclass);


--
-- Name: area_mirror mirror_id; Type: DEFAULT; Schema: public; Owner: mirrorRedirector
--

ALTER TABLE ONLY public.area_mirror ALTER COLUMN mirror_id SET DEFAULT nextval('public.area_mirror_mirror_id_seq'::regclass);


--
-- Name: ipv4_area id; Type: DEFAULT; Schema: public; Owner: mirrorRedirector
--

ALTER TABLE ONLY public.ipv4_area ALTER COLUMN id SET DEFAULT nextval('public.ipv4_area_id_seq'::regclass);


--
-- Name: ipv4_area area_id; Type: DEFAULT; Schema: public; Owner: mirrorRedirector
--

ALTER TABLE ONLY public.ipv4_area ALTER COLUMN area_id SET DEFAULT nextval('public.ipv4_area_area_id_seq'::regclass);


--
-- Name: ipv4_ranges id; Type: DEFAULT; Schema: public; Owner: mirrorRedirector
--

ALTER TABLE ONLY public.ipv4_ranges ALTER COLUMN id SET DEFAULT nextval('public.ipv4_ranges_id_seq'::regclass);


--
-- Name: mirror id; Type: DEFAULT; Schema: public; Owner: mirrorRedirector
--

ALTER TABLE ONLY public.mirror ALTER COLUMN id SET DEFAULT nextval('public.mirror_id_seq'::regclass);


--
-- Data for Name: area; Type: TABLE DATA; Schema: public; Owner: mirrorRedirector
--

COPY public.area (id, country, province) FROM stdin;
1	中国	北京
2	中国	广东
3	中国	山东
4	中国	浙江
5	中国	江苏
6	中国	上海
7	中国	辽宁
8	中国	四川
9	中国	河南
10	中国	湖北
11	中国	福建
12	中国	湖南
13	中国	河北
14	中国	重庆
15	中国	山西
16	中国	江西
17	中国	陕西
18	中国	安徽
19	中国	黑龙江
20	中国	广西
21	中国	吉林
22	中国	云南
23	中国	天津
24	中国	内蒙古
25	中国	新疆
26	中国	甘肃
27	中国	贵州
28	中国	海南
29	中国	宁夏
30	中国	青海
31	中国	西藏
32	中国	香港
\.


--
-- Data for Name: area_mirror; Type: TABLE DATA; Schema: public; Owner: mirrorRedirector
--

COPY public.area_mirror (id, mirror_id) FROM stdin;
1	1
2	1
4	1
5	1
6	1
28	1
32	1
15	2
24	2
3	10
10	10
12	10
16	10
22	10
27	10
13	2
17	7
9	7
14	7
8	7
25	7
26	7
29	7
30	7
31	7
7	8
19	8
21	8
11	10
20	10
23	2
18	10
\.


--
-- Data for Name: ipv4_area; Type: TABLE DATA; Schema: public; Owner: mirrorRedirector
--

COPY public.ipv4_area (id, area_id) FROM stdin;
8	1
9	1
10	1
11	1
12	1
13	1
14	1
15	1
16	1
17	1
18	1
19	1
20	1
21	1
22	1
23	1
24	1
25	1
26	1
27	1
28	1
29	1
30	1
31	1
32	1
33	1
34	1
35	1
36	1
37	1
38	1
39	1
40	1
41	1
42	1
43	1
44	1
45	1
46	1
47	1
48	1
49	1
50	1
51	1
52	1
53	1
54	1
55	1
56	1
57	1
58	1
59	1
60	1
61	1
62	1
63	1
64	1
65	1
66	1
67	1
68	1
69	1
70	1
71	1
72	1
73	1
74	1
75	1
76	1
77	1
78	1
79	1
80	1
81	1
82	1
83	1
84	1
85	1
86	1
87	1
88	1
89	1
90	1
91	1
92	1
93	1
94	1
95	1
96	1
97	1
98	1
99	1
100	1
101	1
102	1
103	1
104	1
105	1
106	1
107	1
108	1
109	1
110	1
111	1
112	1
113	1
114	1
115	1
116	1
117	1
118	1
119	1
120	1
121	1
122	1
123	1
124	1
125	1
126	1
127	1
128	1
129	1
130	1
131	1
132	1
133	1
134	1
135	1
136	1
137	1
138	1
139	1
140	1
141	1
142	1
143	1
144	1
145	1
146	1
147	1
148	1
149	1
150	1
151	1
152	1
153	1
154	1
155	1
156	1
157	1
158	1
159	1
160	1
161	1
162	1
163	1
164	1
165	1
166	1
167	1
168	1
169	1
170	1
171	1
172	1
173	1
174	1
175	1
176	1
177	1
178	1
179	1
180	1
181	1
182	1
183	1
184	1
185	1
186	1
187	1
188	1
189	1
190	1
191	1
192	1
193	1
194	1
195	1
196	1
197	1
198	1
199	1
200	1
201	1
202	1
203	1
204	1
205	1
206	1
207	1
208	1
209	1
210	1
211	1
212	1
213	1
214	1
215	1
216	1
217	1
218	1
219	1
220	1
221	1
222	1
223	1
224	1
225	1
226	1
227	1
228	1
229	1
230	1
231	1
232	1
233	1
234	1
235	1
236	1
237	1
238	1
239	1
240	1
241	1
242	1
243	1
244	1
245	1
246	1
247	1
248	1
249	1
250	1
251	1
252	1
253	1
254	1
255	1
256	1
257	1
258	1
259	1
260	1
261	1
262	1
263	1
264	1
265	1
266	1
267	1
268	1
269	1
270	1
271	1
272	1
273	1
274	1
275	1
276	1
277	1
278	1
279	1
280	1
281	1
282	1
283	1
284	1
285	1
286	1
287	1
288	1
289	1
290	1
291	1
292	1
293	1
294	1
295	1
296	1
297	1
298	1
299	1
300	1
301	1
302	1
303	1
304	1
305	1
306	1
307	1
308	1
309	1
310	1
311	1
312	1
313	1
314	1
315	1
316	1
317	1
318	1
319	1
320	1
321	1
322	1
323	1
324	1
325	1
326	1
327	1
328	1
329	1
330	1
331	1
332	1
333	1
334	1
335	1
336	1
337	1
338	1
339	1
340	1
341	1
342	1
343	1
344	1
345	1
346	1
347	1
348	1
349	1
350	1
351	1
352	1
353	2
354	2
355	2
356	2
357	2
358	2
359	2
360	2
361	2
362	2
363	2
364	2
365	2
366	2
367	2
368	2
369	2
370	2
371	2
372	2
373	2
374	2
375	2
376	2
377	2
378	2
379	2
380	2
381	2
382	2
383	2
384	2
385	2
386	2
387	2
388	2
389	2
390	2
391	2
392	2
393	2
394	2
395	2
396	2
397	2
398	2
399	2
400	2
401	2
402	2
403	2
404	2
405	2
406	2
407	2
408	2
409	2
410	2
411	2
412	2
413	2
414	2
415	2
416	2
417	2
418	2
419	2
420	2
421	2
422	2
423	2
424	2
425	2
426	2
427	2
428	2
429	2
430	2
431	2
432	2
433	2
434	2
435	2
436	2
437	2
438	2
439	2
440	2
441	2
442	2
443	2
444	2
445	2
446	2
447	2
448	2
449	2
450	2
451	2
452	2
453	2
454	2
455	2
456	2
457	2
458	2
459	2
460	2
461	2
462	2
463	2
464	2
465	2
466	2
467	2
468	2
469	2
470	2
471	2
472	2
473	2
474	2
475	2
476	2
477	2
478	2
479	2
480	2
481	2
482	2
483	2
484	2
485	2
486	2
487	2
488	2
489	2
490	2
491	2
492	2
493	2
494	2
495	2
496	2
497	2
498	2
499	2
500	2
501	2
502	2
503	2
504	2
505	2
506	2
507	2
508	2
509	2
510	2
511	2
512	2
513	2
514	2
515	2
516	2
517	2
518	2
519	2
520	2
521	2
522	2
523	2
524	2
525	2
526	2
527	2
528	2
529	2
530	2
531	2
532	2
533	2
534	2
535	2
536	2
537	2
538	2
539	2
540	2
541	2
542	2
543	2
544	2
545	2
546	2
547	2
548	2
549	2
550	2
551	2
552	2
553	2
554	2
555	2
556	2
557	2
558	2
559	2
560	2
561	2
562	2
563	2
564	2
565	2
566	2
567	2
568	2
569	2
570	2
571	2
572	2
573	2
574	2
575	2
576	2
577	2
578	2
579	2
580	2
581	2
582	2
583	2
584	2
585	2
586	2
587	2
588	2
589	2
590	2
591	2
592	2
593	2
594	2
595	2
596	2
597	2
598	2
599	2
600	2
601	2
602	2
603	2
604	2
605	2
606	2
607	2
608	2
609	2
610	2
611	2
612	2
613	2
614	2
615	2
616	2
617	2
618	2
619	2
620	2
621	2
622	2
623	2
624	2
625	2
626	2
627	2
628	2
629	2
630	2
631	2
632	2
633	2
634	2
635	2
636	2
637	2
638	2
639	2
640	2
641	2
642	2
643	2
644	2
645	2
646	2
647	2
648	2
649	2
650	2
651	2
652	2
653	2
654	2
655	2
656	2
657	2
658	2
659	2
660	2
661	2
662	2
663	2
664	2
665	2
666	2
667	2
668	2
669	2
670	2
671	2
672	2
673	2
674	2
675	2
676	2
677	2
678	2
679	2
680	2
681	2
682	2
683	2
684	2
685	2
686	2
687	2
688	2
689	2
690	2
691	2
692	2
693	2
694	2
695	2
696	2
697	2
698	2
699	2
700	2
701	2
702	2
703	2
704	2
705	2
706	2
707	2
708	2
709	2
710	2
711	2
712	2
713	2
714	2
715	2
716	2
717	2
718	2
719	2
720	2
721	2
722	2
723	2
724	2
725	2
726	2
727	2
728	2
729	2
730	2
731	2
732	2
733	2
734	2
735	2
736	2
737	2
738	2
739	2
740	2
741	2
742	2
743	2
744	2
745	2
746	2
747	2
748	2
749	2
750	2
751	2
752	2
753	2
754	2
755	2
756	2
757	2
758	2
759	2
760	2
761	3
762	3
763	3
764	3
765	3
766	3
767	3
768	3
769	3
770	3
771	3
772	3
773	3
774	3
775	3
776	3
777	3
778	3
779	3
780	3
781	3
782	3
783	3
784	3
785	3
786	3
787	3
788	3
789	3
790	3
791	3
792	3
793	3
794	3
795	3
796	3
797	3
798	3
799	3
800	3
801	3
802	3
803	3
804	3
805	3
806	3
807	3
808	3
809	3
810	3
811	3
812	3
813	3
814	3
815	3
816	3
817	3
818	3
819	4
820	4
821	4
822	4
823	4
824	4
825	4
826	4
827	4
828	4
829	4
830	4
831	4
832	4
833	4
834	4
835	4
836	4
837	4
838	4
839	4
840	4
841	4
842	4
843	4
844	4
845	4
846	4
847	4
848	4
849	4
850	4
851	4
852	4
853	4
854	4
855	4
856	4
857	4
858	4
859	4
860	4
861	4
862	4
863	4
864	4
865	4
866	4
867	4
868	4
869	4
870	4
871	4
872	4
873	4
874	4
875	5
876	5
877	5
878	5
879	5
880	5
881	5
882	5
883	5
884	5
885	5
886	5
887	5
888	5
889	5
890	5
891	5
892	5
893	5
894	5
895	5
896	5
897	5
898	5
899	5
900	5
901	5
902	5
903	5
904	5
905	5
906	5
907	5
908	5
909	5
910	5
911	5
912	5
913	5
914	5
915	5
916	5
917	5
918	5
919	5
920	5
921	5
922	5
923	5
924	5
925	5
926	5
927	5
928	6
929	6
930	6
931	6
932	6
933	6
934	6
935	6
936	6
937	6
938	6
939	6
940	6
941	6
942	6
943	6
944	6
945	6
946	6
947	6
948	6
949	6
950	6
951	6
952	6
953	6
954	6
955	6
956	6
957	6
958	6
959	6
960	6
961	6
962	6
963	6
964	6
965	6
966	6
967	6
968	6
969	6
970	6
971	6
972	6
973	6
974	6
975	6
976	6
977	6
978	6
979	6
980	6
981	6
982	6
983	6
984	6
985	6
986	6
987	6
988	6
989	6
990	6
991	6
992	6
993	6
994	6
995	6
996	6
997	6
998	6
999	6
1000	6
1001	6
1002	6
1003	6
1004	6
1005	6
1006	6
1007	6
1008	6
1009	6
1010	6
1011	6
1012	6
1013	6
1014	6
1015	6
1016	6
1017	6
1018	6
1019	6
1020	6
1021	7
1022	7
1023	7
1024	7
1025	7
1026	7
1027	7
1028	7
1029	7
1030	7
1031	7
1032	7
1033	7
1034	7
1035	7
1036	7
1037	7
1038	7
1039	7
1040	7
1041	7
1042	7
1043	7
1044	7
1045	7
1046	7
1047	7
1048	7
1049	7
1050	7
1051	7
1052	7
1053	7
1054	7
1055	7
1056	7
1057	7
1058	7
1059	7
1060	7
1061	7
1062	7
1063	7
1064	7
1065	7
1066	7
1067	7
1068	7
1069	8
1070	8
1071	8
1072	8
1073	8
1074	8
1075	8
1076	8
1077	8
1078	8
1079	8
1080	8
1081	8
1082	8
1083	8
1084	8
1085	8
1086	8
1087	8
1088	8
1089	8
1090	8
1091	8
1092	8
1093	8
1094	8
1095	8
1096	8
1097	8
1098	8
1099	8
1100	8
1101	8
1102	8
1103	8
1104	8
1105	8
1106	8
1107	8
1108	8
1109	8
1110	8
1111	8
1112	9
1113	9
1114	9
1115	9
1116	9
1117	9
1118	9
1119	9
1120	9
1121	9
1122	9
1123	9
1124	9
1125	9
1126	9
1127	9
1128	9
1129	9
1130	9
1131	9
1132	9
1133	9
1134	9
1135	9
1136	9
1137	9
1138	9
1139	9
1140	9
1141	9
1142	9
1143	9
1144	9
1145	9
1146	9
1147	9
1148	9
1149	9
1150	9
1151	9
1152	9
1153	9
1154	9
1155	9
1156	9
1157	9
1158	9
1159	9
1160	9
1161	9
1162	10
1163	10
1164	10
1165	10
1166	10
1167	10
1168	10
1169	10
1170	10
1171	10
1172	10
1173	10
1174	10
1175	10
1176	10
1177	10
1178	10
1179	10
1180	10
1181	10
1182	10
1183	10
1184	10
1185	10
1186	10
1187	10
1188	10
1189	10
1190	10
1191	10
1192	10
1193	10
1194	10
1195	10
1196	10
1197	10
1198	10
1199	10
1200	10
1201	10
1202	10
1203	10
1204	10
1205	10
1206	10
1207	10
1208	10
1209	10
1210	10
1211	10
1212	10
1213	10
1214	10
1215	11
1216	11
1217	11
1218	11
1219	11
1220	11
1221	11
1222	11
1223	11
1224	11
1225	11
1226	11
1227	11
1228	11
1229	11
1230	11
1231	11
1232	11
1233	11
1234	11
1235	11
1236	11
1237	11
1238	11
1239	11
1240	11
1241	11
1242	11
1243	11
1244	11
1245	11
1246	11
1247	11
1248	11
1249	11
1250	11
1251	11
1252	11
1253	11
1254	11
1255	11
1256	11
1257	11
1258	11
1259	11
1260	11
1261	11
1262	11
1263	11
1264	11
1265	11
1266	11
1267	11
1268	11
1269	11
1270	11
1271	11
1272	11
1273	11
1274	11
1275	11
1276	11
1277	11
1278	11
1279	11
1280	11
1281	11
1282	11
1283	11
1284	11
1285	11
1286	11
1287	11
1288	11
1289	11
1290	11
1291	11
1292	11
1293	11
1294	11
1295	11
1296	11
1297	11
1298	11
1299	11
1300	11
1301	11
1302	11
1303	11
1304	11
1305	11
1306	11
1307	11
1308	11
1309	11
1310	11
1311	11
1312	11
1313	11
1314	11
1315	11
1316	11
1317	11
1318	11
1319	11
1320	11
1321	11
1322	11
1323	11
1324	11
1325	11
1326	11
1327	11
1328	11
1329	11
1330	11
1331	11
1332	11
1333	11
1334	11
1335	11
1336	11
1337	11
1338	11
1339	11
1340	11
1341	11
1342	11
1343	11
1344	11
1345	11
1346	11
1347	11
1348	11
1349	11
1350	11
1351	11
1352	11
1353	11
1354	11
1355	11
1356	11
1357	11
1358	11
1359	11
1360	11
1361	11
1362	11
1363	11
1364	11
1365	11
1366	11
1367	11
1368	11
1369	11
1370	11
1371	11
1372	11
1373	11
1374	11
1375	11
1376	11
1377	11
1378	11
1379	11
1380	11
1381	11
1382	11
1383	11
1384	11
1385	11
1386	11
1387	11
1388	11
1389	11
1390	11
1391	11
1392	11
1393	11
1394	11
1395	11
1396	11
1397	11
1398	11
1399	11
1400	11
1401	11
1402	11
1403	11
1404	11
1405	11
1406	11
1407	11
1408	11
1409	11
1410	11
1411	11
1412	11
1413	11
1414	11
1415	11
1416	11
1417	11
1418	11
1419	11
1420	11
1421	11
1422	11
1423	11
1424	11
1425	11
1426	11
1427	11
1428	11
1429	11
1430	11
1431	11
1432	11
1433	11
1434	11
1435	11
1436	11
1437	11
1438	11
1439	11
1440	11
1441	11
1442	11
1443	11
1444	11
1445	11
1446	11
1447	11
1448	11
1449	11
1450	11
1451	11
1452	11
1453	11
1454	11
1455	11
1456	11
1457	11
1458	11
1459	11
1460	11
1461	11
1462	11
1463	11
1464	11
1465	11
1466	11
1467	11
1468	11
1469	11
1470	11
1471	11
1472	11
1473	11
1474	11
1475	11
1476	11
1477	11
1478	11
1479	11
1480	11
1481	11
1482	11
1483	11
1484	11
1485	11
1486	11
1487	11
1488	11
1489	11
1490	11
1491	11
1492	11
1493	11
1494	11
1495	11
1496	11
1497	11
1498	11
1499	11
1500	11
1501	11
1502	11
1503	11
1504	11
1505	11
1506	11
1507	11
1508	11
1509	11
1510	11
1511	11
1512	11
1513	11
1514	11
1515	11
1516	11
1517	11
1518	11
1519	11
1520	11
1521	11
1522	11
1523	11
1524	11
1525	11
1526	11
1527	11
1528	11
1529	11
1530	11
1531	11
1532	11
1533	11
1534	11
1535	11
1536	11
1537	11
1538	11
1539	11
1540	11
1541	11
1542	11
1543	11
1544	11
1545	11
1546	11
1547	11
1548	11
1549	11
1550	11
1551	11
1552	11
1553	11
1554	11
1555	11
1556	11
1557	11
1558	11
1559	11
1560	11
1561	11
1562	11
1563	11
1564	11
1565	11
1566	11
1567	11
1568	11
1569	11
1570	11
1571	11
1572	11
1573	11
1574	11
1575	11
1576	11
1577	11
1578	11
1579	11
1580	11
1581	11
1582	11
1583	11
1584	11
1585	11
1586	11
1587	11
1588	11
1589	11
1590	11
1591	11
1592	11
1593	11
1594	11
1595	11
1596	11
1597	11
1598	11
1599	11
1600	11
1601	11
1602	11
1603	11
1604	11
1605	11
1606	11
1607	11
1608	11
1609	11
1610	11
1611	11
1612	11
1613	11
1614	11
1615	11
1616	11
1617	11
1618	11
1619	11
1620	11
1621	11
1622	11
1623	11
1624	11
1625	11
1626	11
1627	11
1628	11
1629	11
1630	11
1631	11
1632	11
1633	11
1634	11
1635	11
1636	11
1637	11
1638	11
1639	11
1640	11
1641	11
1642	11
1643	11
1644	11
1645	11
1646	11
1647	11
1648	11
1649	11
1650	11
1651	11
1652	11
1653	11
1654	11
1655	11
1656	11
1657	11
1658	11
1659	11
1660	11
1661	11
1662	11
1663	11
1664	11
1665	11
1666	11
1667	11
1668	11
1669	11
1670	11
1671	11
1672	11
1673	11
1674	11
1675	11
1676	11
1677	11
1678	11
1679	11
1680	11
1681	11
1682	11
1683	11
1684	11
1685	11
1686	11
1687	11
1688	11
1689	11
1690	11
1691	11
1692	11
1693	11
1694	11
1695	11
1696	11
1697	11
1698	11
1699	11
1700	11
1701	11
1702	11
1703	11
1704	11
1705	11
1706	11
1707	11
1708	11
1709	11
1710	11
1711	11
1712	11
1713	11
1714	11
1715	11
1716	11
1717	11
1718	11
1719	11
1720	11
1721	11
1722	11
1723	11
1724	11
1725	11
1726	11
1727	11
1728	11
1729	11
1730	11
1731	11
1732	11
1733	11
1734	11
1735	11
1736	11
1737	11
1738	11
1739	11
1740	11
1741	11
1742	11
1743	11
1744	11
1745	11
1746	11
1747	11
1748	11
1749	11
1750	11
1751	11
1752	11
1753	11
1754	11
1755	11
1756	11
1757	11
1758	11
1759	11
1760	11
1761	11
1762	11
1763	11
1764	11
1765	11
1766	11
1767	11
1768	11
1769	11
1770	11
1771	11
1772	11
1773	11
1774	11
1775	11
1776	11
1777	11
1778	11
1779	11
1780	11
1781	11
1782	11
1783	11
1784	11
1785	11
1786	11
1787	11
1788	11
1789	11
1790	11
1791	11
1792	11
1793	11
1794	11
1795	11
1796	11
1797	11
1798	11
1799	11
1800	11
1801	11
1802	11
1803	11
1804	11
1805	11
1806	11
1807	11
1808	11
1809	11
1810	11
1811	11
1812	11
1813	11
1814	11
1815	11
1816	11
1817	11
1818	11
1819	11
1820	11
1821	11
1822	11
1823	11
1824	11
1825	11
1826	11
1827	11
1828	11
1829	11
1830	11
1831	11
1832	11
1833	11
1834	11
1835	11
1836	11
1837	11
1838	11
1839	11
1840	11
1841	11
1842	11
1843	11
1844	11
1845	11
1846	11
1847	11
1848	11
1849	11
1850	11
1851	11
1852	11
1853	11
1854	11
1855	11
1856	11
1857	11
1858	11
1859	11
1860	11
1861	11
1862	11
1863	11
1864	11
1865	11
1866	11
1867	11
1868	11
1869	11
1870	11
1871	11
1872	11
1873	11
1874	11
1875	11
1876	11
1877	11
1878	11
1879	11
1880	11
1881	11
1882	11
1883	11
1884	11
1885	11
1886	11
1887	11
1888	11
1889	11
1890	11
1891	11
1892	11
1893	11
1894	11
1895	11
1896	11
1897	11
1898	11
1899	11
1900	11
1901	11
1902	11
1903	11
1904	11
1905	11
1906	11
1907	11
1908	11
1909	11
1910	11
1911	11
1912	11
1913	11
1914	11
1915	11
1916	11
1917	11
1918	11
1919	11
1920	11
1921	11
1922	11
1923	11
1924	11
1925	11
1926	11
1927	11
1928	11
1929	11
1930	11
1931	11
1932	11
1933	11
1934	11
1935	11
1936	11
1937	11
1938	11
1939	11
1940	11
1941	11
1942	11
1943	11
1944	11
1945	11
1946	11
1947	11
1948	11
1949	11
1950	11
1951	11
1952	11
1953	11
1954	11
1955	11
1956	11
1957	11
1958	11
1959	11
1960	11
1961	11
1962	11
1963	11
1964	11
1965	11
1966	11
1967	11
1968	11
1969	11
1970	11
1971	11
1972	11
1973	11
1974	11
1975	11
1976	11
1977	11
1978	11
1979	11
1980	11
1981	11
1982	11
1983	11
1984	11
1985	11
1986	11
1987	11
1988	11
1989	11
1990	11
1991	11
1992	11
1993	11
1994	11
1995	11
1996	11
1997	11
1998	11
1999	11
2000	11
2001	11
2002	11
2003	11
2004	11
2005	11
2006	11
2007	11
2008	11
2009	11
2010	11
2011	11
2012	11
2013	11
2014	11
2015	11
2016	11
2017	11
2018	11
2019	11
2020	11
2021	11
2022	11
2023	11
2024	11
2025	11
2026	11
2027	11
2028	11
2029	11
2030	11
2031	11
2032	11
2033	11
2034	11
2035	11
2036	11
2037	11
2038	11
2039	11
2040	11
2041	11
2042	11
2043	11
2044	11
2045	11
2046	11
2047	11
2048	11
2049	11
2050	11
2051	11
2052	11
2053	11
2054	11
2055	11
2056	11
2057	11
2058	11
2059	11
2060	11
2061	11
2062	11
2063	11
2064	11
2065	11
2066	11
2067	11
2068	11
2069	11
2070	11
2071	11
2072	11
2073	11
2074	11
2075	11
2076	11
2077	11
2078	11
2079	11
2080	11
2081	11
2082	11
2083	11
2084	11
2085	11
2086	11
2087	11
2088	11
2089	11
2090	11
2091	11
2092	11
2093	11
2094	11
2095	11
2096	11
2097	11
2098	11
2099	11
2100	11
2101	11
2102	11
2103	11
2104	11
2105	11
2106	11
2107	11
2108	11
2109	11
2110	11
2111	11
2112	11
2113	11
2114	11
2115	11
2116	11
2117	11
2118	11
2119	11
2120	11
2121	11
2122	11
2123	11
2124	11
2125	11
2126	11
2127	11
2128	11
2129	11
2130	11
2131	11
2132	11
2133	11
2134	11
2135	11
2136	11
2137	11
2138	11
2139	11
2140	11
2141	11
2142	11
2143	11
2144	11
2145	11
2146	11
2147	11
2148	11
2149	11
2150	11
2151	11
2152	11
2153	11
2154	11
2155	11
2156	11
2157	11
2158	11
2159	11
2160	11
2161	11
2162	11
2163	11
2164	11
2165	11
2166	11
2167	11
2168	11
2169	11
2170	11
2171	11
2172	11
2173	11
2174	11
2175	11
2176	11
2177	11
2178	11
2179	11
2180	11
2181	11
2182	11
2183	11
2184	11
2185	11
2186	11
2187	11
2188	11
2189	11
2190	11
2191	11
2192	11
2193	11
2194	11
2195	11
2196	11
2197	11
2198	11
2199	11
2200	11
2201	11
2202	11
2203	11
2204	11
2205	11
2206	11
2207	11
2208	11
2209	11
2210	11
2211	11
2212	11
2213	11
2214	11
2215	11
2216	11
2217	11
2218	11
2219	11
2220	11
2221	11
2222	11
2223	11
2224	11
2225	11
2226	11
2227	11
2228	11
2229	11
2230	11
2231	11
2232	11
2233	11
2234	11
2235	11
2236	11
2237	11
2238	11
2239	11
2240	11
2241	11
2242	11
2243	11
2244	11
2245	11
2246	11
2247	11
2248	11
2249	11
2250	11
2251	11
2252	11
2253	11
2254	11
2255	11
2256	11
2257	11
2258	11
2259	11
2260	11
2261	11
2262	11
2263	11
2264	11
2265	11
2266	11
2267	11
2268	11
2269	11
2270	11
2271	11
2272	11
2273	11
2274	11
2275	11
2276	11
2277	11
2278	11
2279	11
2280	11
2281	11
2282	11
2283	11
2284	11
2285	11
2286	11
2287	11
2288	11
2289	11
2290	11
2291	11
2292	11
2293	11
2294	11
2295	11
2296	11
2297	11
2298	11
2299	11
2300	11
2301	11
2302	11
2303	11
2304	11
2305	11
2306	11
2307	11
2308	11
2309	11
2310	11
2311	11
2312	11
2313	11
2314	11
2315	11
2316	11
2317	11
2318	11
2319	11
2320	11
2321	11
2322	11
2323	11
2324	11
2325	11
2326	11
2327	11
2328	11
2329	11
2330	11
2331	11
2332	11
2333	11
2334	11
2335	11
2336	11
2337	11
2338	11
2339	11
2340	11
2341	11
2342	11
2343	11
2344	11
2345	11
2346	11
2347	11
2348	11
2349	11
2350	11
2351	11
2352	11
2353	11
2354	11
2355	11
2356	11
2357	11
2358	11
2359	11
2360	11
2361	11
2362	11
2363	12
2364	12
2365	12
2366	12
2367	12
2368	12
2369	12
2370	12
2371	12
2372	12
2373	12
2374	12
2375	12
2376	12
2377	12
2378	12
2379	12
2380	12
2381	12
2382	12
2383	12
2384	12
2385	12
2386	12
2387	12
2388	12
2389	12
2390	13
2391	13
2392	13
2393	13
2394	13
2395	13
2396	13
2397	13
2398	13
2399	13
2400	13
2401	13
2402	13
2403	13
2404	13
2405	13
2406	13
2407	13
2408	13
2409	13
2410	13
2411	13
2412	13
2413	13
2414	13
2415	13
2416	13
2417	13
2418	13
2419	13
2420	13
2421	13
2422	13
2423	13
2424	13
2425	13
2426	14
2427	14
2428	14
2429	14
2430	14
2431	14
2432	14
2433	14
2434	14
2435	14
2436	14
2437	14
2438	14
2439	14
2440	14
2441	14
2442	14
2443	14
2444	14
2445	14
2446	14
2447	14
2448	14
2449	14
2450	14
2451	14
2452	14
2453	14
2454	14
2455	14
2456	14
2457	14
2458	14
2459	14
2460	14
2461	14
2462	14
2463	14
2464	15
2465	15
2466	15
2467	15
2468	15
2469	15
2470	15
2471	15
2472	15
2473	15
2474	15
2475	15
2476	15
2477	15
2478	15
2479	15
2480	15
2481	15
2482	15
2483	15
2484	15
2485	15
2486	15
2487	15
2488	15
2489	15
2490	15
2491	15
2492	15
2493	15
2494	16
2495	16
2496	16
2497	16
2498	16
2499	16
2500	16
2501	16
2502	16
2503	16
2504	16
2505	16
2506	16
2507	16
2508	16
2509	16
2510	16
2511	16
2512	16
2513	16
2514	16
2515	16
2516	16
2517	17
2518	17
2519	17
2520	17
2521	17
2522	17
2523	17
2524	17
2525	17
2526	17
2527	17
2528	17
2529	17
2530	17
2531	17
2532	17
2533	17
2534	17
2535	17
2536	17
2537	17
2538	17
2539	17
2540	17
2541	17
2542	17
2543	17
2544	17
2545	17
2546	17
2547	17
2548	17
2549	17
2550	17
2551	17
2552	17
2553	17
2554	17
2555	17
2556	17
2557	17
2558	18
2559	18
2560	18
2561	18
2562	18
2563	18
2564	18
2565	18
2566	18
2567	18
2568	18
2569	18
2570	18
2571	18
2572	18
2573	18
2574	18
2575	18
2576	18
2577	18
2578	18
2579	18
2580	18
2581	18
2582	18
2583	18
2584	18
2585	18
2586	18
2587	18
2588	19
2589	19
2590	19
2591	19
2592	19
2593	19
2594	19
2595	19
2596	19
2597	19
2598	19
2599	19
2600	19
2601	19
2602	19
2603	19
2604	19
2605	19
2606	19
2607	19
2608	19
2609	19
2610	19
2611	19
2612	19
2613	19
2614	19
2615	19
2616	19
2617	19
2618	19
2619	19
2620	19
2621	19
2622	19
2623	19
2624	19
2625	19
2626	19
2627	19
2628	19
2629	19
2630	19
2631	19
2632	20
2633	20
2634	20
2635	20
2636	20
2637	20
2638	20
2639	20
2640	20
2641	20
2642	20
2643	20
2644	20
2645	20
2646	20
2647	20
2648	20
2649	20
2650	20
2651	20
2652	20
2653	20
2654	20
2655	20
2656	20
2657	20
2658	20
2659	20
2660	20
2661	20
2662	20
2663	20
2664	21
2665	21
2666	21
2667	21
2668	21
2669	21
2670	21
2671	21
2672	21
2673	21
2674	21
2675	21
2676	21
2677	21
2678	21
2679	21
2680	21
2681	21
2682	21
2683	21
2684	21
2685	21
2686	21
2687	21
2688	21
2689	21
2690	21
2691	21
2692	21
2693	21
2694	21
2695	21
2696	21
2697	21
2698	21
2699	21
2700	21
2701	21
2702	21
2703	21
2704	21
2705	22
2706	22
2707	22
2708	22
2709	22
2710	22
2711	22
2712	22
2713	22
2714	22
2715	22
2716	22
2717	22
2718	22
2719	22
2720	22
2721	22
2722	22
2723	22
2724	22
2725	22
2726	22
2727	22
2728	22
2729	22
2730	22
2731	22
2732	23
2733	23
2734	23
2735	23
2736	23
2737	23
2738	23
2739	23
2740	23
2741	23
2742	23
2743	23
2744	23
2745	23
2746	23
2747	23
2748	23
2749	23
2750	23
2751	23
2752	23
2753	23
2754	23
2755	23
2756	23
2757	23
2758	23
2759	23
2760	23
2761	23
2762	23
2763	23
2764	23
2765	23
2766	23
2767	23
2768	23
2769	23
2770	23
2771	24
2772	24
2773	24
2774	24
2775	24
2776	24
2777	24
2778	24
2779	24
2780	24
2781	24
2782	24
2783	24
2784	24
2785	24
2786	24
2787	24
2788	24
2789	24
2790	24
2791	24
2792	24
2793	24
2794	24
2795	24
2796	24
2797	24
2798	25
2799	25
2800	25
2801	25
2802	25
2803	25
2804	25
2805	25
2806	25
2807	25
2808	25
2809	25
2810	25
2811	25
2812	25
2813	25
2814	25
2815	25
2816	25
2817	26
2818	26
2819	26
2820	26
2821	26
2822	26
2823	26
2824	26
2825	26
2826	26
2827	26
2828	26
2829	26
2830	26
2831	26
2832	26
2833	26
2834	26
2835	26
2836	26
2837	26
2838	27
2839	27
2840	27
2841	27
2842	27
2843	27
2844	27
2845	27
2846	27
2847	27
2848	27
2849	27
2850	27
2851	27
2852	27
2853	27
2854	27
2855	27
2856	27
2857	27
2858	27
2859	27
2860	27
2861	27
2862	27
2863	27
2864	27
2865	28
2866	28
2867	28
2868	28
2869	28
2870	28
2871	28
2872	28
2873	28
2874	28
2875	28
2876	28
2877	28
2878	28
2879	28
2880	28
2881	28
2882	28
2883	28
2884	28
2885	28
2886	29
2887	29
2888	29
2889	29
2890	29
2891	29
2892	29
2893	29
2894	29
2895	29
2896	29
2897	29
2898	29
2899	29
2900	29
2901	29
2902	29
2903	29
2904	30
2905	30
2906	30
2907	30
2908	30
2909	30
2910	30
2911	30
2912	30
2913	30
2914	31
2915	31
2916	31
2917	31
2918	31
2919	31
2920	31
2921	31
2922	31
2923	31
2924	31
2925	32
2926	32
2927	32
2928	32
2929	32
2930	32
2931	32
2932	32
2933	32
2934	1
\.


--
-- Data for Name: ipv4_ranges; Type: TABLE DATA; Schema: public; Owner: mirrorRedirector
--

COPY public.ipv4_ranges (id, data) FROM stdin;
7	[1851785216,1853882367]
8	[1870659584,1872756735]
9	[1703936000,1704984575]
10	[1928331264,1929379839]
11	[1970274304,1970798591]
12	[2093481984,2094006271]
13	[1707343872,1707606015]
14	[1702363136,1702625279]
15	[1875902464,1876164607]
16	[1848115200,1848377343]
17	[3726376960,3726639103]
18	[3550478336,3550740479]
19	[2034499584,2034761727]
20	[717488128,717750271]
21	[3402366976,3402629119]
22	[22544384,22806527]
23	[980680704,980942847]
24	[2948333568,2948595711]
25	[3673554944,3673686015]
26	[1969881088,1970012159]
27	[2042757120,2042888191]
28	[2084569088,2084700159]
29	[1994653696,1994784767]
30	[3528589312,3528720383]
31	[2013134848,2013265919]
32	[3741319168,3741450239]
33	[1707606016,1707737087]
34	[714997760,715128831]
35	[3025010688,3025141759]
36	[975044608,975175679]
37	[1851654144,1851785215]
38	[2067529728,2067660799]
39	[2035875840,2035941375]
40	[2000224256,2000289791]
41	[3396337664,3396403199]
42	[620625920,620691455]
43	[3024879616,3024945151]
44	[1950679040,1950744575]
45	[1781661696,1781727231]
46	[1909522432,1909587967]
47	[3024945152,3025010687]
48	[1967849472,1967915007]
49	[2070118400,2070151167]
50	[2101182464,2101215231]
51	[717389824,717422591]
52	[1909489664,1909522431]
53	[1700823040,1700855807]
54	[977567744,977600511]
55	[717815808,717848575]
56	[2007072768,2007105535]
57	[1970962432,1970995199]
58	[3401383936,3401400319]
59	[3740909568,3740925951]
60	[2035253248,2035269631]
61	[1909719040,1909735423]
62	[2110783488,2110799871]
63	[3389292544,3389300735]
64	[3411910656,3411918847]
65	[3056623616,3056631807]
66	[1934934016,1934942207]
67	[1856831488,1856839679]
68	[2033491968,2033500159]
69	[3396464640,3396468735]
70	[3397357568,3397361663]
71	[3755978752,3755982847]
72	[3740905472,3740909567]
73	[3411087360,3411091455]
74	[1997717504,1997721599]
75	[2033881088,2033885183]
76	[2070728704,2070732799]
77	[3026083840,3026087935]
78	[460345344,460349439]
79	[3056758784,3056762879]
80	[1958809600,1958813695]
81	[2087462912,2087464959]
82	[1870055424,1870057471]
83	[3397376000,3397378047]
84	[3416133632,3416135679]
85	[1876946944,1876947967]
86	[1744283648,1744284671]
87	[3395223552,3395224575]
88	[3413594112,3413595135]
89	[1728271360,1728272383]
90	[1729574912,1729575935]
91	[3397322240,3397322751]
92	[3397321728,3397321983]
93	[3397321472,3397321727]
94	[2067791872,2069889023]
95	[2940207104,2942304255]
96	[718274560,719323135]
97	[2939158528,2940207103]
98	[3721920512,3722444799]
99	[1709965312,1710227455]
100	[1710489600,1710751743]
101	[1701314560,1701576703]
102	[1887174656,1887436799]
103	[1781792768,1782054911]
104	[3732930560,3733192703]
105	[3741581312,3741843455]
106	[1992556544,1992818687]
107	[1995702272,1995964415]
108	[2014838784,2015100927]
109	[17563648,17825791]
110	[1989148672,1989410815]
111	[1694760960,1695023103]
112	[1969487872,1969618943]
113	[1992294400,1992425471]
114	[2022047744,2022178815]
115	[3064856576,3064987647]
116	[2076442624,2076573695]
117	[2067267584,2067398655]
118	[835846144,835977215]
119	[3742629888,3742760959]
120	[1702625280,1702756351]
121	[1020133376,1020264447]
122	[1781530624,1781661695]
123	[2103443456,2103574527]
124	[3701080064,3701211135]
125	[1032257536,1032323071]
126	[717422592,717488127]
127	[2021982208,2022047743]
128	[2013069312,2013134847]
129	[3396075520,3396141055]
130	[1992032256,1992097791]
131	[3524853760,3524919295]
132	[1926692864,1926758399]
133	[3550085120,3550150655]
134	[1779105792,1779171327]
135	[1698037760,1698103295]
136	[2096627712,2096660479]
137	[2081783808,2081816575]
138	[1960148992,1960181759]
139	[3679682560,3679715327]
140	[710967296,711000063]
141	[720404480,720437247]
142	[3757867008,3757899775]
143	[2021949440,2021982207]
144	[1970864128,1970896895]
145	[2059943936,2059960319]
146	[1856815104,1856831487]
147	[1960132608,1960148991]
148	[1970814976,1970831359]
149	[3418357760,3418365951]
150	[3397574656,3397582847]
151	[3411845120,3411853311]
152	[1959231488,1959239679]
153	[1868283904,1868292095]
154	[3527999488,3528007679]
155	[1699618816,1699627007]
156	[3412029440,3412033535]
157	[3399004160,3399008255]
158	[3414663168,3414667263]
159	[3412267008,3412271103]
160	[3400790016,3400794111]
161	[1999028224,1999032319]
162	[2036715520,2036719615]
163	[2081751040,2081755135]
164	[3394621440,3394625535]
165	[1856839680,1856843775]
166	[1904369664,1904373759]
167	[1952075776,1952079871]
168	[3395225600,3395227647]
169	[3411228672,3411230719]
170	[3411769344,3411771391]
171	[1728282624,1728283647]
172	[1728465920,1728466943]
173	[1729890304,1729891327]
174	[3389324288,3389325311]
175	[3413581824,3413582847]
176	[1728280576,1728281599]
177	[3389975552,3389976063]
178	[3391533056,3391533567]
179	[3389976064,3389976319]
180	[17040384,17040639]
181	[1858076672,1860173823]
182	[2051014656,2053111807]
183	[2070937600,2071986175]
184	[1874853888,1875902463]
185	[981467136,981991423]
186	[2874408960,2874671103]
187	[1960312832,1960574975]
188	[3754950656,3755212799]
189	[1898708992,1898971135]
190	[1931476992,1931739135]
191	[1937244160,1937506303]
192	[1950089216,1950351359]
193	[3031957504,3032219647]
194	[1926234112,1926496255]
195	[1026555904,1026818047]
196	[832045056,832307199]
197	[1038614528,1038876671]
198	[2042888192,2043150335]
199	[2030305280,2030436351]
200	[1967652864,1967783935]
201	[3753902080,3754033151]
202	[2081423360,2081554431]
203	[2001600512,2001731583]
204	[1962016768,1962147839]
205	[243400704,243531775]
206	[1711013888,1711144959]
207	[1033109504,1033240575]
208	[1019346944,1019478015]
209	[22806528,22937599]
210	[3690070016,3690201087]
211	[2096758784,2096889855]
212	[2067660800,2067726335]
213	[3025534976,3025600511]
214	[2019295232,2019360767]
215	[3395944448,3396009983]
216	[2033123328,2033188863]
217	[1951727616,1951793151]
218	[2103574528,2103640063]
219	[1917059072,1917124607]
220	[3549626368,3549691903]
221	[1991770112,1991835647]
222	[2081685504,2081751039]
223	[2099445760,2099478527]
224	[2076672000,2076704767]
225	[1950744576,1950777343]
226	[1022722048,1022754815]
227	[714899456,714932223]
228	[716931072,716963839]
229	[1966735360,1966768127]
230	[3546513408,3546546175]
231	[3546775552,3546808319]
232	[3524018176,3524034559]
233	[3697655808,3697672191]
234	[1970896896,1970913279]
235	[2081767424,2081783807]
236	[3397378048,3397386239]
237	[3414171648,3414179839]
238	[3398819840,3398828031]
239	[3526934528,3526942719]
240	[3527966720,3527974911]
241	[1999298560,1999306751]
242	[3029696512,3029704703]
243	[3397349376,3397353471]
244	[3399864320,3399868415]
245	[3414650880,3414654975]
246	[3412025344,3412029439]
247	[3397324800,3397328895]
248	[2001457152,2001461247]
249	[2053505024,2053509119]
250	[1966419968,1966424063]
251	[1967800320,1967804415]
252	[1848414208,1848418303]
253	[3397083136,3397087231]
254	[1950011392,1950015487]
255	[1904373760,1904375807]
256	[3391535104,3391537151]
257	[3414618112,3414620159]
258	[1909744640,1909745663]
259	[1728730112,1728731135]
260	[1729601536,1729602559]
261	[459983872,459984895]
262	[3413308416,3413309439]
263	[3075585024,3075586047]
264	[3391523840,3391524351]
265	[3389975296,3389975551]
266	[16908800,16909055]
267	[616562688,618659839]
268	[713031680,714080255]
269	[715128832,716177407]
270	[986185728,986710015]
271	[1849163776,1849688063]
272	[1710227456,1710489599]
273	[1703149568,1703411711]
274	[2084831232,2085093375]
275	[2094792704,2095054847]
276	[1936195584,1936457727]
277	[1941176320,1941438463]
278	[3689414656,3689676799]
279	[1993080832,1993342975]
280	[3081502720,3081764863]
281	[24379392,24641535]
282	[994050048,994312191]
283	[837287936,837550079]
284	[1916141568,1916272639]
285	[3549429760,3549560831]
286	[3688890368,3689021439]
287	[3544449024,3544580095]
288	[1992163328,1992294399]
289	[2092957696,2093088767]
290	[1931214848,1931345919]
291	[247726080,247857151]
292	[3754557440,3754688511]
293	[3075735552,3075866623]
294	[3033137152,3033268223]
295	[22937600,23068671]
296	[30015488,30146559]
297	[3689676800,3689807871]
298	[3545300992,3545366527]
299	[2047606784,2047672319]
300	[17301504,17367039]
301	[2001731584,2001797119]
302	[3546546176,3546611711]
303	[3754491904,3754557439]
304	[1932460032,1932525567]
305	[2099380224,2099445759]
306	[2099314688,2099380223]
307	[3528261632,3528327167]
308	[3758030848,3758063615]
309	[3054632960,3054665727]
310	[2083127296,2083160063]
311	[710115328,710148095]
312	[1710981120,1711013887]
313	[999751680,999784447]
314	[720371712,720404479]
315	[2021916672,2021949439]
316	[1997144064,1997176831]
317	[3684597760,3684630527]
318	[3546611712,3546628095]
319	[3395289088,3395305471]
320	[3546480640,3546497023]
321	[603996160,604012543]
322	[3397517312,3397525503]
323	[3391512576,3391520767]
324	[3419529216,3419537407]
325	[2081759232,2081767423]
326	[1856880640,1856888831]
327	[2017992704,2018000895]
328	[1860706304,1860714495]
329	[3755982848,3755986943]
330	[3523346432,3523350527]
331	[3414646784,3414650879]
332	[3411427328,3411431423]
333	[3391852544,3391856639]
334	[2033504256,2033508351]
335	[2053525504,2053529599]
336	[3389669376,3389673471]
337	[3395006464,3395010559]
338	[1866711040,1866715135]
339	[3395227648,3395231743]
340	[2081755136,2081759231]
341	[3026073600,3026075647]
342	[3413579776,3413581823]
343	[3400337408,3400339455]
344	[1876948992,1876950015]
345	[1729496064,1729497087]
346	[3395224576,3395225599]
347	[1728237568,1728238591]
348	[1728224256,1728225279]
349	[3395156992,3395158015]
350	[3397320704,3397321215]
351	[3397321984,3397322239]
352	[3397321216,3397321471]
353	[3070230528,3074424831]
354	[1902116864,1903165439]
355	[244318208,245366783]
356	[3525836800,3526361087]
357	[989331456,989855743]
358	[2004353024,2004877311]
359	[3025666048,3025928191]
360	[1785462784,1785724927]
361	[3737649152,3737911295]
362	[2111307776,2111438847]
363	[3706847232,3706978303]
364	[997064704,997195775]
365	[2091778048,2091909119]
366	[1849688064,1849819135]
367	[3658350592,3658481663]
368	[2032467968,2032533503]
369	[2079916032,2079981567]
370	[1876819968,1876885503]
371	[2108227584,2108293119]
372	[3070099456,3070164991]
373	[3689086976,3689152511]
374	[3732733952,3732799487]
375	[3740794880,3740860415]
376	[3524591616,3524624383]
377	[3418587136,3418619903]
378	[2096103424,2096136191]
379	[1999142912,1999175679]
380	[3732832256,3732865023]
381	[714883072,714899455]
382	[17055744,17072127]
383	[1999011840,1999028223]
384	[3395780608,3395796991]
385	[711131136,711147519]
386	[3528409088,3528425471]
387	[3664011264,3664019455]
388	[3664289792,3664297983]
389	[3411591168,3411599359]
390	[3398713344,3398721535]
391	[3399335936,3399344127]
392	[3400392704,3400400895]
393	[3411877888,3411886079]
394	[2066915328,2066923519]
395	[3418480640,3418488831]
396	[3416309760,3416317951]
397	[3414433792,3414441983]
398	[3400171520,3400179711]
399	[1707835392,1707843583]
400	[708739072,708747263]
401	[714866688,714874879]
402	[1025253376,1025261567]
403	[1710956544,1710964735]
404	[16916480,16924671]
405	[603987968,603996159]
406	[654319616,654327807]
407	[3394924544,3394928639]
408	[1025249280,1025253375]
409	[3398668288,3398672383]
410	[1026416640,1026420735]
411	[3397218304,3397222399]
412	[3397812224,3397816319]
413	[3400052736,3400056831]
414	[710963200,710967295]
415	[3419406336,3419410431]
416	[17436672,17440767]
417	[3398377472,3398381567]
418	[3401535488,3401539583]
419	[3407466496,3407470591]
420	[3411271680,3411275775]
421	[3389571072,3389575167]
422	[3392966656,3392970751]
423	[3392794624,3392798719]
424	[1701146624,1701150719]
425	[3393736704,3393740799]
426	[2006233088,2006237183]
427	[2033321984,2033324031]
428	[1909766144,1909768191]
429	[2055239680,2055241727]
430	[711161856,711163903]
431	[2063079424,2063081471]
432	[455272448,455274495]
433	[17432576,17434623]
434	[1999273984,1999276031]
435	[456271872,456273919]
436	[2019035136,2019037183]
437	[1946163200,1946165247]
438	[460933120,460935167]
439	[1698160640,1698162687]
440	[3392954368,3392956415]
441	[3394064384,3394066431]
442	[1701144576,1701146623]
443	[3394291712,3394293759]
444	[3393849344,3393851391]
445	[3395321856,3395323903]
446	[3055011840,3055013887]
447	[3401431040,3401433087]
448	[3405922304,3405924351]
449	[3406000128,3406002175]
450	[1709850624,1709852671]
451	[3029602304,3029604351]
452	[3400259584,3400261631]
453	[16911360,16912383]
454	[3411869696,3411870719]
455	[1900019712,1902116863]
456	[235929600,236978175]
457	[248512512,249561087]
458	[1884815360,1885339647]
459	[2102919168,2103443455]
460	[3401580544,3402104831]
461	[977010688,977272831]
462	[1032585216,1032847359]
463	[1946419200,1946681343]
464	[1949827072,1949958143]
465	[1959526400,1959657471]
466	[3725590528,3725721599]
467	[2091646976,2091778047]
468	[1932263424,1932394495]
469	[3659399168,3659530239]
470	[992608256,992673791]
471	[2015297536,2015363071]
472	[2111438848,2111504383]
473	[2746286080,2746351615]
474	[2743992320,2744057855]
475	[3670016000,3670081535]
476	[3658285056,3658350591]
477	[2090041344,2090074111]
478	[3664019456,3664052223]
479	[2070020096,2070052863]
480	[2033090560,2033123327]
481	[2000388096,2000420863]
482	[1960214528,1960247295]
483	[2033057792,2033074175]
484	[2083028992,2083045375]
485	[837795840,837812223]
486	[2099232768,2099249151]
487	[1025261568,1025277951]
488	[2036662272,2036678655]
489	[3412680704,3412688895]
490	[1999241216,1999249407]
491	[3396616192,3396624383]
492	[3398770688,3398778879]
493	[3411435520,3411443711]
494	[3399770112,3399778303]
495	[3393585152,3393593343]
496	[3418570752,3418578943]
497	[3418210304,3418218495]
498	[3415769088,3415777279]
499	[3414188032,3414196223]
500	[1701724160,1701732351]
501	[710950912,710959103]
502	[712704000,712712191]
503	[717365248,717373439]
504	[1709858816,1709867007]
505	[704708608,704716799]
506	[1960189952,1960198143]
507	[16785408,16793599]
508	[1988067328,1988075519]
509	[3400048640,3400052735]
510	[1025372160,1025376255]
511	[3398606848,3398610943]
512	[3395334144,3395338239]
513	[3397353472,3397357567]
514	[3395039232,3395043327]
515	[717361152,717365247]
516	[710098944,710103039]
517	[654315520,654319615]
518	[17043456,17047551]
519	[3400417280,3400421375]
520	[714878976,714883071]
521	[3409567744,3409571839]
522	[712716288,712720383]
523	[3393609728,3393613823]
524	[1701732352,1701736447]
525	[3391950848,3391954943]
526	[3393634304,3393638399]
527	[3393867776,3393871871]
528	[1707847680,1707851775]
529	[708753408,708755455]
530	[1921859584,1921861631]
531	[2087542784,2087544831]
532	[710959104,710961151]
533	[710105088,710107135]
534	[234881024,234883071]
535	[1969694720,1969696767]
536	[1969793024,1969795071]
537	[456542208,456544255]
538	[1946159104,1946161151]
539	[606414848,606416895]
540	[456562688,456564735]
541	[3393148928,3393150975]
542	[3397023744,3397025791]
543	[3398383616,3398385663]
544	[1700790272,1700792319]
545	[3394504704,3394506751]
546	[3395028992,3395031039]
547	[3395323904,3395325951]
548	[3055007744,3055009791]
549	[3401533440,3401535487]
550	[3405934592,3405936639]
551	[1701738496,1701740543]
552	[1023694848,1023696895]
553	[1701210112,1701212159]
554	[3033070592,3033071615]
555	[3419410432,3419411455]
556	[1729505280,1729506303]
557	[1947205632,1948254207]
558	[242221056,243269631]
559	[1903165440,1903689727]
560	[1786249216,1786773503]
561	[991952896,992477183]
562	[3658481664,3658743807]
563	[2032140288,2032402431]
564	[455344128,455606271]
565	[2005925888,2006188031]
566	[2011693056,2011824127]
567	[3395813376,3395944447]
568	[992477184,992608255]
569	[1951137792,1951268863]
570	[1885339648,1885470719]
571	[1020067840,1020133375]
572	[2032402432,2032467967]
573	[2047672320,2047737855]
574	[2734686208,2734751743]
575	[2746417152,2746482687]
576	[459735040,459800575]
577	[3708026880,3708092415]
578	[606339072,606404607]
579	[3419242496,3419275263]
580	[1876787200,1876819967]
581	[2083160064,2083192831]
582	[3706159104,3706191871]
583	[996900864,996933631]
584	[3396632576,3396665343]
585	[716898304,716914687]
586	[17448960,17465343]
587	[654327808,654344191]
588	[1778401280,1778417663]
589	[3391537152,3391553535]
590	[1917796352,1917812735]
591	[2022670336,2022678527]
592	[3415236608,3415244799]
593	[3396624384,3396632575]
594	[3398885376,3398893567]
595	[3400974336,3400982527]
596	[3400196096,3400204287]
597	[3412058112,3412066303]
598	[2083045376,2083053567]
599	[3417325568,3417333759]
600	[3415277568,3415285759]
601	[3413557248,3413565439]
602	[711147520,711155711]
603	[710107136,710115327]
604	[1851596800,1851604991]
605	[716914688,716922879]
606	[1025359872,1025368063]
607	[704651264,704659455]
608	[16850944,16859135]
609	[17047552,17055743]
610	[1940275200,1940283391]
611	[3398836224,3398840319]
612	[3394719744,3394723839]
613	[3396612096,3396616191]
614	[3394985984,3394990079]
615	[3397722112,3397726207]
616	[1025368064,1025372159]
617	[711155712,711159807]
618	[708747264,708751359]
619	[606416896,606420991]
620	[16912384,16916479]
621	[716922880,716926975]
622	[3406225408,3406229503]
623	[3410898944,3410903039]
624	[16846848,16850943]
625	[1702891520,1702895615]
626	[1949433856,1949437951]
627	[3391885312,3391889407]
628	[3391500288,3391504383]
629	[2001915904,2001919999]
630	[1967804416,1967808511]
631	[1888038912,1888040959]
632	[2033627136,2033629183]
633	[714876928,714878975]
634	[704720896,704722943]
635	[2063548416,2063550463]
636	[1958850560,1958852607]
637	[17041408,17043455]
638	[16844800,16846847]
639	[704645120,704647167]
640	[2007025664,2007027711]
641	[2013028352,2013030399]
642	[712714240,712716287]
643	[16779264,16781311]
644	[3397128192,3397130239]
645	[3398617088,3398619135]
646	[3393257472,3393259519]
647	[3394508800,3394510847]
648	[3393726464,3393728511]
649	[3395330048,3395332095]
650	[3400847360,3400849407]
651	[1707843584,1707845631]
652	[3405946880,3405948927]
653	[2033879040,2033881087]
654	[977397760,977399807]
655	[717357056,717359103]
656	[1728886784,1728887807]
657	[3394895872,3394896895]
658	[16910848,16911359]
659	[3682598912,3683647487]
660	[2004877312,2005925887]
661	[2030567424,2031091711]
662	[455606272,456130559]
663	[2018508800,2019033087]
664	[1032847360,1033109503]
665	[1998585856,1998847999]
666	[3698327552,3698589695]
667	[1940652032,1940914175]
668	[1709703168,1709834239]
669	[3755212800,3755343871]
670	[977403904,977534975]
671	[3688759296,3688890367]
672	[28835840,28966911]
673	[2748055552,2748121087]
674	[1997537280,1997602815]
675	[2108358656,2108424191]
676	[2742878208,2742943743]
677	[1883832320,1883897855]
678	[16973824,17039359]
679	[3658743808,3658809343]
680	[3528130560,3528196095]
681	[654344192,654376959]
682	[1959198720,1959231487]
683	[2082275328,2082308095]
684	[1996652544,1996685311]
685	[3708092416,3708125183]
686	[1025343488,1025359871]
687	[3528343552,3528359935]
688	[2006433792,2006450175]
689	[717373440,717389823]
690	[712720384,712736767]
691	[16924672,16941055]
692	[3535388672,3535405055]
693	[3524190208,3524198399]
694	[3396599808,3396607999]
695	[3411550208,3411558399]
696	[3398926336,3398934527]
697	[3400589312,3400597503]
698	[3399933952,3399942143]
699	[3419226112,3419234303]
700	[3411410944,3411419135]
701	[3416784896,3416793087]
702	[3415138304,3415146495]
703	[3412688896,3412697087]
704	[1856847872,1856856063]
705	[1856856064,1856864255]
706	[1701134336,1701142527]
707	[1702895616,1702903807]
708	[1701199872,1701208063]
709	[606404608,606412799]
710	[17440768,17448959]
711	[1701011456,1701019647]
712	[1998290944,1998299135]
713	[3398877184,3398881279]
714	[1025245184,1025249279]
715	[1700794368,1700798463]
716	[3395325952,3395330047]
717	[3396608000,3396612095]
718	[3398705152,3398709247]
719	[3413037056,3413041151]
720	[704716800,704720895]
721	[603983872,603987967]
722	[3412598784,3412602879]
723	[3400933376,3400937471]
724	[3406757888,3406761983]
725	[3411025920,3411030015]
726	[1933918208,1933922303]
727	[3389435904,3389439999]
728	[1709854720,1709858815]
729	[1701212160,1701216255]
730	[1710952448,1710956543]
731	[1778388992,1778393087]
732	[1710950400,1710952447]
733	[2043199488,2043201535]
734	[1925642240,1925644287]
735	[2033885184,2033887231]
736	[1778386944,1778388991]
737	[704647168,704649215]
738	[3664297984,3664300031]
739	[1969702912,1969704959]
740	[1986404352,1986406399]
741	[2030045184,2030047231]
742	[654313472,654315519]
743	[460945408,460947455]
744	[3394111488,3394113535]
745	[3392964608,3392966655]
746	[3392942080,3392944127]
747	[3076229120,3076231167]
748	[3394232320,3394234367]
749	[3394832384,3394834431]
750	[3395284992,3395287039]
751	[3395332096,3395334143]
752	[1702889472,1702891519]
753	[3405801472,3405803519]
754	[3405991936,3405993983]
755	[3029653504,3029655551]
756	[3029637120,3029639167]
757	[716926976,716929023]
758	[1728936960,1728937983]
759	[1729602560,1729603583]
760	[16910592,16910847]
761	[465567744,467664895]
762	[3055550464,3056599039]
763	[2071986176,2072510463]
764	[2007236608,2007498751]
765	[3733192704,3733454847]
766	[2574647296,2574778367]
767	[3688497152,3688628223]
768	[1020788736,1020919807]
769	[1022033920,1022099455]
770	[3735879680,3735945215]
771	[2524119040,2524184575]
772	[2531196928,2531262463]
773	[3663855616,3663888383]
774	[3397922816,3397926911]
775	[1729522688,1729523711]
776	[658505728,660602879]
777	[2088763392,2089287679]
778	[2047082496,2047344639]
779	[3544186880,3544449023]
780	[3735945216,3736076287]
781	[3721789440,3721920511]
782	[2007105536,2007236607]
783	[973996032,974127103]
784	[3707895808,3707961343]
785	[1033633792,1033699327]
786	[2524512256,2524577791]
787	[1034027008,1034092543]
788	[976945152,976977919]
789	[3395719168,3395723263]
790	[3411904512,3411905535]
791	[1893728256,1895825407]
792	[1020264448,1020788735]
793	[2078801920,2079064063]
794	[3661103104,3661365247]
795	[3707764736,3707895807]
796	[3738042368,3738173439]
797	[976748544,976879615]
798	[1783234560,1783365631]
799	[976879616,976945151]
800	[3033071616,3033137151]
801	[2524577792,2524643327]
802	[1032126464,1032159231]
803	[3396255744,3396272127]
804	[3395717120,3395719167]
805	[2008023040,2009071615]
806	[1903689728,1904214015]
807	[2074607616,2074869759]
808	[995098624,995360767]
809	[2525626368,2525757439]
810	[3545628672,3545759743]
811	[1021837312,1021968383]
812	[1904214016,1904345087]
813	[2516582400,2516647935]
814	[1926627328,1926692863]
815	[1035141120,1035206655]
816	[3707961344,3707994111]
817	[3663904768,3663912959]
818	[3395715072,3395717119]
819	[3078619136,3080716287]
820	[1944059904,1945108479]
821	[2073559040,2074083327]
822	[3525312512,3525574655]
823	[1909850112,1909981183]
824	[2090860544,2090926079]
825	[3059482624,3059548159]
826	[2047410176,2047475711]
827	[1998979072,1999011839]
828	[1962622976,1962639359]
829	[3524198400,3524206591]
830	[3393966080,3393970175]
831	[1999032320,1999036415]
832	[1728278528,1728279551]
833	[610271232,612368383]
834	[605028352,606076927]
835	[2103967744,2104492031]
836	[712507392,712638463]
837	[2069889024,2070020095]
838	[2072576000,2072641535]
839	[3716677632,3716743167]
840	[2042626048,2042691583]
841	[2086240256,2086273023]
842	[1850458112,1850474495]
843	[3395018752,3395026943]
844	[3395317760,3395321855]
845	[3395313664,3395315711]
846	[1744206848,1744207871]
847	[1941962752,1944059903]
848	[1018167296,1019215871]
849	[1698693120,1699217407]
850	[979632128,979763199]
851	[3549167616,3549298687]
852	[3679584256,3679649791]
853	[3664510976,3664576511]
854	[1010237440,1010302975]
855	[3708551168,3708583935]
856	[3417292800,3417309183]
857	[2033508352,2033516543]
858	[2030047232,2030051327]
859	[3395315712,3395317759]
860	[1729508352,1729509375]
861	[2104492032,2105540607]
862	[2062548992,2063073279]
863	[3662151680,3662413823]
864	[2086273024,2086404095]
865	[1017249792,1017380863]
866	[2110914560,2110980095]
867	[1034158080,1034223615]
868	[1850408960,1850441727]
869	[3708583936,3708600319]
870	[1998962688,1998979071]
871	[1850449920,1850458111]
872	[1937510400,1937514495]
873	[1728390144,1728391167]
874	[3411905536,3411905791]
875	[826277888,828375039]
876	[1968177152,1969225727]
877	[3736600576,3737124863]
878	[1966866432,1967128575]
879	[3730571264,3730833407]
880	[1926496256,1926627327]
881	[2569142272,2569273343]
882	[1699479552,1699610623]
883	[1035010048,1035075583]
884	[2573402112,2573467647]
885	[3396829184,3396861951]
886	[3396804608,3396812799]
887	[3396812800,3396816895]
888	[3391488512,3391489023]
889	[3026190336,3028287487]
890	[2044723200,2045771775]
891	[1926758400,1927282687]
892	[3525050368,3525312511]
893	[3657695232,3657826303]
894	[3033530368,3033661439]
895	[3689283584,3689414655]
896	[3716284416,3716415487]
897	[1033895936,1033961471]
898	[2573533184,2573598719]
899	[3395698688,3395715071]
900	[3396796416,3396804607]
901	[1728857088,1728858111]
902	[1927282688,1928331263]
903	[1884291072,1884815359]
904	[2046296064,2046558207]
905	[3737124864,3737387007]
906	[3657564160,3657695231]
907	[3544580096,3544711167]
908	[988807168,988938239]
909	[3741450240,3741581311]
910	[20119552,20185087]
911	[1032060928,1032126463]
912	[3395682304,3395690495]
913	[3395690496,3395698687]
914	[1729500160,1729501183]
915	[986710016,987758591]
916	[3722444800,3722969087]
917	[2059403264,2059665407]
918	[720633856,720895999]
919	[985661440,985792511]
920	[2569273344,2569404415]
921	[2053111808,2053242879]
922	[3708157952,3708223487]
923	[2567110656,2567176191]
924	[3396272128,3396304895]
925	[3396820992,3396829183]
926	[3396816896,3396820991]
927	[3397323776,3397324799]
928	[3030384640,3031433215]
929	[3728736256,3729260543]
930	[3707240448,3707502591]
931	[2085355520,2085617663]
932	[2019164160,2019295231]
933	[2948202496,2948333567]
934	[3729260544,3729391615]
935	[1874460672,1874591743]
936	[2000289792,2000355327]
937	[1034223616,1034289151]
938	[3396141056,3396206591]
939	[460521472,460554239]
940	[2022244352,2022277119]
941	[3524083712,3524100095]
942	[460423168,460439551]
943	[2022211584,2022227967]
944	[1870102528,1870110719]
945	[3523579904,3523583999]
946	[1023975424,1023979519]
947	[3395346432,3395348479]
948	[3412000768,3412002815]
949	[3397586944,3397588991]
950	[3411935232,3411936255]
951	[3391522304,3391522559]
952	[1699741696,1700790271]
953	[1709178880,1709703167]
954	[1034682368,1034944511]
955	[3662544896,3662675967]
956	[2085224448,2085355519]
957	[985923584,986054655]
958	[989200384,989331455]
959	[2067464192,2067529727]
960	[3545235456,3545300991]
961	[1958739968,1958805503]
962	[1987969024,1988034559]
963	[3723460608,3723493375]
964	[1967816704,1967849471]
965	[3396878336,3396894719]
966	[2096349184,2096365567]
967	[2011922432,2011938815]
968	[3524149248,3524157439]
969	[3397963776,3397967871]
970	[3395338240,3395340287]
971	[3395348480,3395350527]
972	[3411937280,3411939327]
973	[1728955392,1728956415]
974	[3390502912,3390503935]
975	[1917845504,1918894079]
976	[3029860352,3030384639]
977	[3662675968,3662938111]
978	[1883242496,1883373567]
979	[3752198144,3752329215]
980	[994967552,995098623]
981	[986054656,986185727]
982	[2948136960,2948202495]
983	[3657498624,3657564159]
984	[1033371648,1033437183]
985	[3396894720,3396927487]
986	[2056290304,2056323071]
987	[1998913536,1998946303]
988	[3412033536,3412049919]
989	[2111242240,2111258623]
990	[1998946304,1998962687]
991	[3029770240,3029778431]
992	[3395350528,3395354623]
993	[1997506560,1997508607]
994	[3417352192,3417354239]
995	[3400194048,3400196095]
996	[1729514496,1729515519]
997	[3390503936,3390504959]
998	[1960837120,1961885695]
999	[975175680,975699967]
1000	[825491456,825753599]
1001	[1962278912,1962409983]
1002	[3689152512,3689283583]
1003	[975699968,975831039]
1004	[1034551296,1034682367]
1005	[3396927488,3396993023]
1006	[1034485760,1034551295]
1007	[1000013824,1000079359]
1008	[2066841600,2066874367]
1009	[2046853120,2046885887]
1010	[3396861952,3396878335]
1011	[3395616768,3395633151]
1012	[1870086144,1870102527]
1013	[3416694784,3416702975]
1014	[1958813696,1958821887]
1015	[3395342336,3395346431]
1016	[3395340288,3395342335]
1017	[2087454720,2087456767]
1018	[3397021696,3397023743]
1019	[3411936256,3411937279]
1020	[3391521792,3391522303]
1021	[2946498560,2947547135]
1022	[3066560512,3067084799]
1023	[2945712128,2945974271]
1024	[704905216,705167359]
1025	[710148096,710410239]
1026	[2945581056,2945712127]
1027	[2003566592,2003697663]
1028	[983171072,983302143]
1029	[1033994240,1034027007]
1030	[3524034560,3524050943]
1031	[3396739072,3396747263]
1032	[3410952192,3410956287]
1033	[1910505472,1911554047]
1034	[2003828736,2004353023]
1035	[2075656192,2075918335]
1036	[708050944,708313087]
1037	[3720871936,3721134079]
1038	[3688366080,3688497151]
1039	[1992949760,1993080831]
1040	[2075197440,2075262975]
1041	[1032421376,1032454143]
1042	[3396747264,3396763647]
1043	[3396730880,3396739071]
1044	[3395305472,3395307519]
1045	[720896000,721420287]
1046	[716177408,716701695]
1047	[2075918336,2076180479]
1048	[992739328,993001471]
1049	[3659005952,3659137023]
1050	[3661365248,3661496319]
1051	[1946288128,1946419199]
1052	[1034944512,1035010047]
1053	[3683975168,3684007935]
1054	[2080784384,2080800767]
1055	[3412353024,3412361215]
1056	[3395307520,3395309567]
1057	[1007681536,1008205823]
1058	[2086404096,2086666239]
1059	[2079588352,2079850495]
1060	[708313088,708575231]
1061	[2111700992,2111832063]
1062	[3726245888,3726376959]
1063	[717881344,718012415]
1064	[3396009984,3396042751]
1065	[1035796480,1035829247]
1066	[3396206592,3396222975]
1067	[3395309568,3395313663]
1068	[1729521664,1729522687]
1069	[3061841920,3062890495]
1070	[3663200256,3663724543]
1071	[3738173440,3738697727]
1072	[1891631104,1891893247]
1073	[3025403904,3025534975]
1074	[3723231232,3723362303]
1075	[3670147072,3670212607]
1076	[2090926080,2090991615]
1077	[3396550656,3396567039]
1078	[3395448832,3395452927]
1079	[1728445440,1728446463]
1080	[2882535424,2883583999]
1081	[1987051520,1987575807]
1082	[1996750848,1997012991]
1083	[1707868160,1708130303]
1084	[3749707776,3749838847]
1085	[1987837952,1987969023]
1086	[2019426304,2019491839]
1087	[1023344640,1023410175]
1088	[3396542464,3396550655]
1089	[3395446784,3395448831]
1090	[1728277504,1728278527]
1091	[3062890496,3063414783]
1092	[2101346304,2101870591]
1093	[1987575808,1987837951]
1094	[1899364352,1899495423]
1095	[3725721600,3725852671]
1096	[3545432064,3545497599]
1097	[1033699328,1033764863]
1098	[1032519680,1032552447]
1099	[3396534272,3396542463]
1100	[3395444736,3395446783]
1101	[1729526784,1729527807]
1102	[1857552384,1858076671]
1103	[2874671104,2875195391]
1104	[2945974272,2946236415]
1105	[3737387008,3737518079]
1106	[2033188864,2033319935]
1107	[3708420096,3708485631]
1108	[1035730944,1035796479]
1109	[3396567040,3396599807]
1110	[3395452928,3395461119]
1111	[3664300032,3664302079]
1112	[1932525568,1933574143]
1113	[2064121856,2064646143]
1114	[2063859712,2064121855]
1115	[3708682240,3708813311]
1116	[3659268096,3659399167]
1117	[707985408,708050943]
1118	[2073362432,2073427967]
1119	[3708649472,3708682239]
1120	[1850540032,1850572799]
1121	[3684073472,3684106239]
1122	[1032339456,1032355839]
1123	[3684069376,3684073471]
1124	[1729517568,1729518591]
1125	[719323136,720371711]
1126	[2869428224,2869952511]
1127	[2067005440,2067267583]
1128	[3684302848,3684433919]
1129	[1026818048,1026949119]
1130	[1034420224,1034485759]
1131	[2070216704,2070282239]
1132	[1033797632,1033830399]
1133	[704741376,704774143]
1134	[3396222976,3396239359]
1135	[3528196096,3528204287]
1136	[3395743744,3395747839]
1137	[1729543168,1729544191]
1138	[3060793344,3061841919]
1139	[3733454848,3733979135]
1140	[2074083328,2074345471]
1141	[3730309120,3730440191]
1142	[1034092544,1034158079]
1143	[2111504384,2111569919]
1144	[1939734528,1939800063]
1145	[3549331456,3549364223]
1146	[3730112512,3730145279]
1147	[2096136192,2096152575]
1148	[3396304896,3396313087]
1149	[3395741696,3395743743]
1150	[29360128,29884415]
1151	[2099773440,2100297727]
1152	[3684433920,3684564991]
1153	[3545497600,3545628671]
1154	[3725983744,3726049279]
1155	[1026949120,1027014655]
1156	[3081371648,3081437183]
1157	[456294400,456327167]
1158	[2942992384,2943025151]
1159	[1850523648,1850540031]
1160	[1998569472,1998577663]
1161	[3395739648,3395741695]
1162	[454033408,455081983]
1163	[976224256,976748543]
1164	[2059141120,2059403263]
1165	[2874146816,2874408959]
1166	[3076259840,3076521983]
1167	[3081240576,3081371647]
1168	[1941831680,1941962751]
1169	[1035403264,1035468799]
1170	[3396501504,3396534271]
1171	[3396239360,3396255743]
1172	[3400826880,3400835071]
1173	[3395756032,3395764223]
1174	[3411906560,3411910655]
1175	[1729515520,1729516543]
1176	[2871525376,2872049663]
1177	[994312192,994574335]
1178	[829947904,830210047]
1179	[2876243968,2876506111]
1180	[1035468800,1035730943]
1181	[3725852672,3725983743]
1182	[1939603456,1939734527]
1183	[974323712,974389247]
1184	[1032355840,1032388607]
1185	[2046836736,2046853119]
1186	[3396476928,3396485119]
1187	[3412336640,3412340735]
1188	[3395749888,3395751935]
1189	[1873805312,1874329599]
1190	[2033975296,2034237439]
1191	[836501504,836763647]
1192	[2060189696,2060451839]
1193	[3722969088,3723231231]
1194	[1001127936,1001259007]
1195	[1899495424,1899626495]
1196	[1873412096,1873477631]
1197	[3396485120,3396501503]
1198	[3526623232,3526639615]
1199	[3396468736,3396476927]
1200	[3523575808,3523579903]
1201	[3395747840,3395749887]
1202	[2002780160,2003304447]
1203	[1959788544,1960050687]
1204	[1873543168,1873805311]
1205	[2937585664,2937847807]
1206	[2111569920,2111700991]
1207	[1001259008,1001390079]
1208	[1998848000,1998913535]
1209	[1959723008,1959788543]
1210	[3417309184,3417325567]
1211	[3393167360,3393175551]
1212	[3069116416,3069124607]
1213	[3395751936,3395756031]
1214	[1728276480,1728277503]
1215	[3701473280,3703570431]
1216	[2015363072,2015887359]
1217	[1851260928,1851523071]
1218	[974520320,974651391]
1219	[2102263808,2102394879]
1220	[1897005056,1897070591]
1221	[2947678208,2947743743]
1222	[3661758464,3661823999]
1223	[3032219648,3032252415]
1224	[3031613440,3031629823]
1225	[3035185152,3035193343]
1226	[3399036928,3399041023]
1227	[3406583808,3406585855]
1228	[3406786560,3406788607]
1229	[3407120384,3407122431]
1230	[3408052224,3408054271]
1231	[3411152896,3411154943]
1232	[3412340736,3412342783]
1233	[3416287232,3416289279]
1234	[3419924480,3419926527]
1235	[3664009216,3664011263]
1236	[17435648,17436671]
1237	[247483392,247484415]
1238	[704649216,704650239]
1239	[710962176,710963199]
1240	[716929024,716930047]
1241	[1694564352,1694565375]
1242	[1699610624,1699611647]
1243	[1707846656,1707847679]
1244	[1778385920,1778386943]
1245	[1899749376,1899750399]
1246	[3393089536,3393090559]
1247	[3393814528,3393815551]
1248	[3394238464,3394239487]
1249	[3394698240,3394699263]
1250	[3397130240,3397131263]
1251	[3398614016,3398615039]
1252	[3399024640,3399025663]
1253	[3401532416,3401533439]
1254	[3405865984,3405867007]
1255	[3406090240,3406091263]
1256	[3406451712,3406452735]
1257	[3406530560,3406531583]
1258	[3406622720,3406623743]
1259	[3406972928,3406973951]
1260	[3407305728,3407306751]
1261	[3408055296,3408056319]
1262	[3410867200,3410868223]
1263	[3411675136,3411676159]
1264	[3415563264,3415564287]
1265	[3418189824,3418190847]
1266	[16908288,16908799]
1267	[17434624,17435135]
1268	[1701144064,1701144575]
1269	[3389028864,3389029375]
1270	[3389409280,3389409791]
1271	[3389522432,3389522943]
1272	[3389600768,3389601279]
1273	[3389931520,3389932031]
1274	[3389942784,3389943295]
1275	[3389955584,3389956095]
1276	[3389971968,3389972479]
1277	[3390412288,3390412799]
1278	[3391521280,3391521791]
1279	[3391527424,3391527935]
1280	[3391655936,3391656447]
1281	[3391717888,3391718399]
1282	[3392016384,3392016895]
1283	[3393147392,3393147903]
1284	[3399872512,3399873023]
1285	[3405795840,3405796351]
1286	[3405808128,3405808639]
1287	[3405858304,3405858815]
1288	[3405945856,3405946367]
1289	[3405963776,3405964287]
1290	[3406081536,3406082047]
1291	[3406114304,3406114815]
1292	[3406148608,3406149119]
1293	[3406203392,3406203903]
1294	[3406272000,3406272511]
1295	[3406341632,3406342143]
1296	[3406352896,3406353407]
1297	[3406390272,3406390783]
1298	[3406586880,3406587391]
1299	[3406721536,3406722047]
1300	[3406791168,3406791679]
1301	[3406871040,3406871551]
1302	[3406955008,3406955519]
1303	[3406988288,3406988799]
1304	[3407083520,3407084031]
1305	[3407115776,3407116287]
1306	[3407223808,3407224319]
1307	[3407298048,3407298559]
1308	[3407368192,3407368703]
1309	[3407395328,3407395839]
1310	[3407452672,3407453183]
1311	[3407504896,3407505407]
1312	[3407549952,3407550463]
1313	[3407667712,3407668223]
1314	[3407745024,3407745535]
1315	[3407820288,3407820799]
1316	[3407884288,3407884799]
1317	[3407924224,3407924735]
1318	[3407992320,3407992831]
1319	[3408041984,3408042495]
1320	[3409416704,3409417215]
1321	[3409466368,3409466879]
1322	[3409528320,3409528831]
1323	[3411148800,3411149311]
1324	[3415496192,3415496703]
1325	[3418292224,3418292735]
1326	[16909568,16909823]
1327	[606414592,606414847]
1328	[1701209600,1701209855]
1329	[3389418496,3389418751]
1330	[3389528064,3389528319]
1331	[3389601280,3389601535]
1332	[3389788416,3389788671]
1333	[3389811200,3389811455]
1334	[3389933824,3389934079]
1335	[3389943552,3389943807]
1336	[3389949952,3389950207]
1337	[3389958400,3389958655]
1338	[3389971456,3389971711]
1339	[3389978112,3389978367]
1340	[3390330624,3390330879]
1341	[3390339072,3390339327]
1342	[3390407680,3390407935]
1343	[3390411776,3390412031]
1344	[3391527936,3391528191]
1345	[3391653632,3391653887]
1346	[3391657472,3391657727]
1347	[3391687424,3391687679]
1348	[3391900160,3391900415]
1349	[3392016896,3392017151]
1350	[3392798720,3392798975]
1351	[3393126144,3393126399]
1352	[3397026816,3397027071]
1353	[3399633664,3399633919]
1354	[3399875328,3399875583]
1355	[3405780992,3405781247]
1356	[3405807616,3405807871]
1357	[3405812224,3405812479]
1358	[3405832192,3405832447]
1359	[3405865216,3405865471]
1360	[3405924608,3405924863]
1361	[3405964544,3405964799]
1362	[3406002176,3406002431]
1363	[3406008064,3406008319]
1364	[3406084608,3406084863]
1365	[3406105344,3406105599]
1366	[3406132736,3406132991]
1367	[3406149888,3406150143]
1368	[3406201600,3406201855]
1369	[3406208768,3406209023]
1370	[3406284800,3406285055]
1371	[3406317056,3406317311]
1372	[3406342400,3406342655]
1373	[3406349568,3406349823]
1374	[3406355456,3406355711]
1375	[3406381312,3406381567]
1376	[3406405120,3406405375]
1377	[3406454528,3406454783]
1378	[3406523648,3406523903]
1379	[3406531840,3406532095]
1380	[3406575872,3406576127]
1381	[3406587648,3406587903]
1382	[3406596352,3406596607]
1383	[3406631424,3406631679]
1384	[3406686464,3406686719]
1385	[3406708224,3406708479]
1386	[3406741504,3406741759]
1387	[3406763520,3406763775]
1388	[3406796544,3406796799]
1389	[3406825984,3406826239]
1390	[3406838272,3406838527]
1391	[3406881792,3406882047]
1392	[3406889472,3406889727]
1393	[3406903296,3406903551]
1394	[3406948096,3406948351]
1395	[3406955520,3406955775]
1396	[3406967808,3406968063]
1397	[3406982656,3406982911]
1398	[3406993664,3406993919]
1399	[3407009536,3407009791]
1400	[3407030528,3407030783]
1401	[3407037440,3407037695]
1402	[3407053568,3407053823]
1403	[3407059968,3407060223]
1404	[3407081984,3407082239]
1405	[3407101184,3407101439]
1406	[3407115520,3407115775]
1407	[3407144448,3407144703]
1408	[3407153152,3407153407]
1409	[3407159808,3407160063]
1410	[3407172096,3407172351]
1411	[3407222784,3407223039]
1412	[3407236608,3407236863]
1413	[3407243776,3407244031]
1414	[3407260160,3407260415]
1415	[3407282176,3407282431]
1416	[3407303936,3407304191]
1417	[3407315456,3407315711]
1418	[3407332608,3407332863]
1419	[3407346432,3407346687]
1420	[3407358720,3407358975]
1421	[3407366656,3407366911]
1422	[3407376128,3407376383]
1423	[3407387904,3407388159]
1424	[3407399424,3407399679]
1425	[3407418112,3407418367]
1426	[3407438848,3407439103]
1427	[3407448576,3407448831]
1428	[3407455744,3407455999]
1429	[3407464192,3407464447]
1430	[3407473664,3407473919]
1431	[3407491328,3407491583]
1432	[3407495424,3407495679]
1433	[3407500288,3407500543]
1434	[3407511808,3407512063]
1435	[3407522304,3407522559]
1436	[3407532544,3407532799]
1437	[3407537152,3407537407]
1438	[3407548160,3407548415]
1439	[3407555840,3407556095]
1440	[3407565056,3407565311]
1441	[3407574272,3407574527]
1442	[3407596032,3407596287]
1443	[3407612416,3407612671]
1444	[3407621120,3407621375]
1445	[3407628800,3407629055]
1446	[3407638528,3407638783]
1447	[3407646976,3407647231]
1448	[3407657216,3407657471]
1449	[3407675904,3407676159]
1450	[3407687168,3407687423]
1451	[3407693056,3407693311]
1452	[3407699712,3407699967]
1453	[3407723264,3407723519]
1454	[3407729152,3407729407]
1455	[3407735040,3407735295]
1456	[3407747840,3407748095]
1457	[3407763200,3407763455]
1458	[3407779840,3407780095]
1459	[3407785728,3407785983]
1460	[3407797248,3407797503]
1461	[3407817984,3407818239]
1462	[3407824128,3407824383]
1463	[3407831296,3407831551]
1464	[3407847936,3407848191]
1465	[3407854336,3407854591]
1466	[3407864064,3407864319]
1467	[3407886336,3407886591]
1468	[3407892736,3407892991]
1469	[3407905280,3407905535]
1470	[3407921152,3407921407]
1471	[3407938560,3407938815]
1472	[3407945728,3407945983]
1473	[3407954944,3407955199]
1474	[3407968768,3407969023]
1475	[3407977472,3407977727]
1476	[3407989760,3407990015]
1477	[3408001536,3408001791]
1478	[3408013056,3408013311]
1479	[3408022528,3408022783]
1480	[3408040704,3408040959]
1481	[3408050944,3408051199]
1482	[3408065792,3408066047]
1483	[3409382656,3409382911]
1484	[3409405184,3409405439]
1485	[3409428480,3409428735]
1486	[3409445120,3409445375]
1487	[3409454592,3409454847]
1488	[3409473024,3409473279]
1489	[3409489664,3409489919]
1490	[3409494016,3409494271]
1491	[3409499648,3409499903]
1492	[3409504256,3409504511]
1493	[3409511680,3409511935]
1494	[3409522176,3409522431]
1495	[3409528064,3409528319]
1496	[3409538304,3409538559]
1497	[3409562112,3409562367]
1498	[3409575168,3409575423]
1499	[3409879296,3409879551]
1500	[3411032320,3411032575]
1501	[3413602560,3413602815]
1502	[462946304,463470591]
1503	[462684160,462946303]
1504	[2015887360,2016149503]
1505	[993787904,993918975]
1506	[2938765312,2938896383]
1507	[2085093376,2085158911]
1508	[3063742464,3063807999]
1509	[3670081536,3670147071]
1510	[3661824000,3661856767]
1511	[3035168768,3035185151]
1512	[3395641344,3395649535]
1513	[3418251264,3418255359]
1514	[3406612480,3406614527]
1515	[3406817280,3406819327]
1516	[3407261696,3407263743]
1517	[3409457152,3409459199]
1518	[3411609600,3411611647]
1519	[3413604352,3413606399]
1520	[3418519552,3418521599]
1521	[3420393472,3420395519]
1522	[3669618688,3669620735]
1523	[234884096,234885119]
1524	[603979776,603980799]
1525	[704722944,704723967]
1526	[711159808,711160831]
1527	[717359104,717360127]
1528	[1694673920,1694674943]
1529	[1700792320,1700793343]
1530	[1709853696,1709854719]
1531	[1850514432,1850515455]
1532	[3075388416,3075389439]
1533	[3393124352,3393125375]
1534	[3393977344,3393978367]
1535	[3394306048,3394307071]
1536	[3394961408,3394962431]
1537	[3397370880,3397371903]
1538	[3398616064,3398617087]
1539	[3399875584,3399876607]
1540	[3405775872,3405776895]
1541	[3405944832,3405945855]
1542	[3406115840,3406116863]
1543	[3406515200,3406516223]
1544	[3406541824,3406542847]
1545	[3406650368,3406651391]
1546	[3407078400,3407079423]
1547	[3407334400,3407335423]
1548	[3409896448,3409897471]
1549	[3411051520,3411052543]
1550	[3411804160,3411805183]
1551	[3415801856,3415802879]
1552	[3419073536,3419074559]
1553	[16909824,16910335]
1554	[606413824,606414335]
1555	[1701209088,1701209599]
1556	[3389227008,3389227519]
1557	[3389413376,3389413887]
1558	[3389522944,3389523455]
1559	[3389602304,3389602815]
1560	[3389934080,3389934591]
1561	[3389944320,3389944831]
1562	[3389958656,3389959167]
1563	[3389972992,3389973503]
1564	[3390412800,3390413311]
1565	[3391522816,3391523327]
1566	[3391528448,3391528959]
1567	[3391659520,3391660031]
1568	[3391915008,3391915519]
1569	[3392017408,3392017919]
1570	[3393259520,3393260031]
1571	[3405777408,3405777919]
1572	[3405797888,3405798399]
1573	[3405813248,3405813759]
1574	[3405859840,3405860351]
1575	[3405952000,3405952511]
1576	[3405966336,3405966847]
1577	[3406095872,3406096383]
1578	[3406116864,3406117375]
1579	[3406150656,3406151167]
1580	[3406206464,3406206975]
1581	[3406282752,3406283263]
1582	[3406346752,3406347263]
1583	[3406373888,3406374399]
1584	[3406449152,3406449663]
1585	[3406638080,3406638591]
1586	[3406742016,3406742527]
1587	[3406819328,3406819839]
1588	[3406907904,3406908415]
1589	[3406966784,3406967295]
1590	[3407031296,3407031807]
1591	[3407095808,3407096319]
1592	[3407117824,3407118335]
1593	[3407247872,3407248383]
1594	[3407318016,3407318527]
1595	[3407369216,3407369727]
1596	[3407401984,3407402495]
1597	[3407457792,3407458303]
1598	[3407516672,3407517183]
1599	[3407575552,3407576063]
1600	[3407677440,3407677951]
1601	[3407800320,3407800831]
1602	[3407834112,3407834623]
1603	[3407889408,3407889919]
1604	[3407977984,3407978495]
1605	[3407994880,3407995391]
1606	[3409379840,3409380351]
1607	[3409435136,3409435647]
1608	[3409488896,3409489407]
1609	[3409573376,3409573887]
1610	[3411475968,3411476479]
1611	[3416930816,3416931327]
1612	[3758095360,3758095871]
1613	[17039616,17039871]
1614	[654311424,654311679]
1615	[1778384896,1778385151]
1616	[3389420032,3389420287]
1617	[3389541632,3389541887]
1618	[3389602048,3389602303]
1619	[3389788672,3389788927]
1620	[3389812480,3389812735]
1621	[3389934592,3389934847]
1622	[3389947648,3389947903]
1623	[3389953280,3389953535]
1624	[3389960192,3389960447]
1625	[3389972736,3389972991]
1626	[3389979392,3389979647]
1627	[3390331392,3390331647]
1628	[3390340352,3390340607]
1629	[3390409984,3390410239]
1630	[3390413312,3390413567]
1631	[3391531520,3391531775]
1632	[3391653888,3391654143]
1633	[3391658752,3391659007]
1634	[3391717376,3391717631]
1635	[3391914240,3391914495]
1636	[3392045056,3392045311]
1637	[3392864256,3392864511]
1638	[3393147136,3393147391]
1639	[3397794304,3397794559]
1640	[3399872256,3399872511]
1641	[3400264448,3400264703]
1642	[3405786368,3405786623]
1643	[3405809920,3405810175]
1644	[3405812736,3405812991]
1645	[3405844992,3405845247]
1646	[3405868032,3405868287]
1647	[3405941760,3405942015]
1648	[3405988864,3405989119]
1649	[3406002944,3406003199]
1650	[3406071296,3406071551]
1651	[3406089472,3406089727]
1652	[3406107904,3406108159]
1653	[3406133248,3406133503]
1654	[3406150144,3406150399]
1655	[3406202880,3406203135]
1656	[3406266624,3406266879]
1657	[3406299136,3406299391]
1658	[3406320128,3406320383]
1659	[3406343424,3406343679]
1660	[3406351104,3406351359]
1661	[3406372864,3406373119]
1662	[3406383104,3406383359]
1663	[3406438912,3406439167]
1664	[3406462208,3406462463]
1665	[3406525696,3406525951]
1666	[3406565376,3406565631]
1667	[3406577920,3406578175]
1668	[3406590464,3406590719]
1669	[3406615296,3406615551]
1670	[3406632960,3406633215]
1671	[3406700800,3406701055]
1672	[3406718976,3406719231]
1673	[3406747136,3406747391]
1674	[3406780160,3406780415]
1675	[3406802432,3406802687]
1676	[3406830336,3406830591]
1677	[3406857472,3406857727]
1678	[3406884352,3406884607]
1679	[3406893568,3406893823]
1680	[3406923776,3406924031]
1681	[3406948608,3406948863]
1682	[3406956288,3406956543]
1683	[3406976768,3406977023]
1684	[3406987520,3406987775]
1685	[3407005440,3407005695]
1686	[3407024640,3407024895]
1687	[3407031808,3407032063]
1688	[3407038464,3407038719]
1689	[3407054080,3407054335]
1690	[3407065088,3407065343]
1691	[3407085312,3407085567]
1692	[3407102208,3407102463]
1693	[3407116800,3407117055]
1694	[3407144960,3407145215]
1695	[3407153664,3407153919]
1696	[3407161600,3407161855]
1697	[3407182848,3407183103]
1698	[3407224576,3407224831]
1699	[3407238144,3407238399]
1700	[3407250176,3407250431]
1701	[3407266304,3407266559]
1702	[3407294208,3407294463]
1703	[3407307264,3407307519]
1704	[3407326208,3407326463]
1705	[3407332864,3407333119]
1706	[3407351040,3407351295]
1707	[3407362048,3407362303]
1708	[3407367936,3407368191]
1709	[3407376384,3407376639]
1710	[3407388928,3407389183]
1711	[3407403264,3407403519]
1712	[3407425024,3407425279]
1713	[3407440384,3407440639]
1714	[3407450880,3407451135]
1715	[3407459328,3407459583]
1716	[3407464448,3407464703]
1717	[3407475200,3407475455]
1718	[3407491584,3407491839]
1719	[3407496192,3407496447]
1720	[3407503616,3407503871]
1721	[3407515392,3407515647]
1722	[3407523072,3407523327]
1723	[3407533568,3407533823]
1724	[3407538176,3407538431]
1725	[3407548416,3407548671]
1726	[3407557888,3407558143]
1727	[3407566848,3407567103]
1728	[3407575296,3407575551]
1729	[3407603968,3407604223]
1730	[3407612928,3407613183]
1731	[3407623680,3407623935]
1732	[3407629312,3407629567]
1733	[3407643392,3407643647]
1734	[3407652096,3407652351]
1735	[3407657728,3407657983]
1736	[3407678720,3407678975]
1737	[3407689984,3407690239]
1738	[3407694080,3407694335]
1739	[3407700992,3407701247]
1740	[3407723776,3407724031]
1741	[3407730944,3407731199]
1742	[3407735296,3407735551]
1743	[3407748352,3407748607]
1744	[3407769344,3407769599]
1745	[3407780864,3407781119]
1746	[3407788800,3407789055]
1747	[3407797760,3407798015]
1748	[3407818240,3407818495]
1749	[3407824896,3407825151]
1750	[3407833344,3407833599]
1751	[3407851008,3407851263]
1752	[3407854848,3407855103]
1753	[3407865088,3407865343]
1754	[3407887360,3407887615]
1755	[3407896320,3407896575]
1756	[3407906048,3407906303]
1757	[3407922176,3407922431]
1758	[3407939328,3407939583]
1759	[3407953664,3407953919]
1760	[3407956224,3407956479]
1761	[3407970560,3407970815]
1762	[3407982080,3407982335]
1763	[3407995392,3407995647]
1764	[3408004096,3408004351]
1765	[3408016896,3408017151]
1766	[3408026624,3408026879]
1767	[3408041472,3408041727]
1768	[3408062464,3408062719]
1769	[3408067328,3408067583]
1770	[3409384960,3409385215]
1771	[3409407232,3409407487]
1772	[3409429504,3409429759]
1773	[3409445888,3409446143]
1774	[3409455104,3409455359]
1775	[3409475840,3409476095]
1776	[3409491712,3409491967]
1777	[3409495552,3409495807]
1778	[3409500160,3409500415]
1779	[3409506304,3409506559]
1780	[3409511936,3409512191]
1781	[3409525248,3409525503]
1782	[3409529088,3409529343]
1783	[3409541888,3409542143]
1784	[3409563136,3409563391]
1785	[3409838592,3409838847]
1786	[3409888512,3409888767]
1787	[3412344576,3412344831]
1788	[3416293632,3416293887]
1789	[1850736640,1851260927]
1790	[620232704,620494847]
1791	[2043412480,2043674623]
1792	[1033502720,1033633791]
1793	[994902016,994967551]
1794	[2102198272,2102263807]
1795	[3545825280,3545890815]
1796	[1886224384,1886257151]
1797	[1998307328,1998323711]
1798	[3395649536,3395665919]
1799	[3524214784,3524222975]
1800	[3394289664,3394291711]
1801	[3406647296,3406649343]
1802	[3406827520,3406829567]
1803	[3407425536,3407427583]
1804	[3411052544,3411054591]
1805	[3411902464,3411904511]
1806	[3414220800,3414222847]
1807	[3418583040,3418585087]
1808	[3523557376,3523559423]
1809	[3707209728,3707211775]
1810	[234946560,234947583]
1811	[654312448,654313471]
1812	[708752384,708753407]
1813	[712713216,712714239]
1814	[1023693824,1023694847]
1815	[1697789952,1697790975]
1816	[1701737472,1701738495]
1817	[1710948352,1710949375]
1818	[1850521600,1850522623]
1819	[3392918528,3392919551]
1820	[3393147904,3393148927]
1821	[3394042880,3394043903]
1822	[3394501632,3394502655]
1823	[3395091456,3395092479]
1824	[3397374976,3397375999]
1825	[3398842368,3398843391]
1826	[3400269824,3400270847]
1827	[3405808640,3405809663]
1828	[3405996032,3405997055]
1829	[3406353408,3406354431]
1830	[3406517248,3406518271]
1831	[3406548992,3406550015]
1832	[3406698496,3406699519]
1833	[3407175680,3407176703]
1834	[3407340544,3407341567]
1835	[3410796544,3410797567]
1836	[3411214336,3411215359]
1837	[3413603328,3413604351]
1838	[3416326144,3416327167]
1839	[16777728,16778239]
1840	[17039872,17040383]
1841	[654311936,654312447]
1842	[1778385408,1778385919]
1843	[3389392384,3389392895]
1844	[3389414400,3389414911]
1845	[3389596160,3389596671]
1846	[3389805568,3389806079]
1847	[3389935104,3389935615]
1848	[3389945344,3389945855]
1849	[3389962240,3389962751]
1850	[3390330880,3390331391]
1851	[3390801920,3390802431]
1852	[3391524352,3391524863]
1853	[3391531008,3391531519]
1854	[3391686656,3391687167]
1855	[3391918592,3391919103]
1856	[3392098816,3392099327]
1857	[3393912320,3393912831]
1858	[3405785600,3405786111]
1859	[3405799424,3405799935]
1860	[3405847040,3405847551]
1861	[3405865472,3405865983]
1862	[3405956096,3405956607]
1863	[3405989888,3405990399]
1864	[3406103552,3406104063]
1865	[3406117888,3406118399]
1866	[3406157312,3406157823]
1867	[3406231552,3406232063]
1868	[3406321152,3406321663]
1869	[3406347776,3406348287]
1870	[3406382592,3406383103]
1871	[3406532096,3406532607]
1872	[3406649344,3406649855]
1873	[3406763008,3406763519]
1874	[3406826496,3406827007]
1875	[3406911488,3406911999]
1876	[3406974976,3406975487]
1877	[3407035392,3407035903]
1878	[3407107072,3407107583]
1879	[3407151104,3407151615]
1880	[3407278592,3407279103]
1881	[3407329792,3407330303]
1882	[3407378944,3407379455]
1883	[3407418368,3407418879]
1884	[3407464960,3407465471]
1885	[3407519232,3407519743]
1886	[3407618560,3407619071]
1887	[3407721984,3407722495]
1888	[3407802368,3407802879]
1889	[3407863296,3407863807]
1890	[3407893504,3407894015]
1891	[3407989248,3407989759]
1892	[3408015360,3408015871]
1893	[3409409024,3409409535]
1894	[3409462272,3409462783]
1895	[3409498112,3409498623]
1896	[3409575424,3409575935]
1897	[3413043200,3413043711]
1898	[3418161152,3418161663]
1899	[16777472,16777727]
1900	[17040640,17040895]
1901	[830472192,830472447]
1902	[3389413120,3389413375]
1903	[3389521920,3389522175]
1904	[3389595648,3389595903]
1905	[3389784320,3389784575]
1906	[3389802496,3389802751]
1907	[3389813760,3389814015]
1908	[3389937664,3389937919]
1909	[3389948160,3389948415]
1910	[3389953792,3389954047]
1911	[3389969664,3389969919]
1912	[3389974272,3389974527]
1913	[3390325248,3390325503]
1914	[3390337536,3390337791]
1915	[3390340864,3390341119]
1916	[3390410240,3390410495]
1917	[3390413824,3390414079]
1918	[3391620864,3391621119]
1919	[3391654912,3391655167]
1920	[3391659008,3391659263]
1921	[3391733760,3391734015]
1922	[3391947264,3391947519]
1923	[3392110080,3392110335]
1924	[3392924672,3392924927]
1925	[3394697472,3394697727]
1926	[3398035200,3398035455]
1927	[3399873280,3399873535]
1928	[3401515008,3401515263]
1929	[3405795584,3405795839]
1930	[3405811200,3405811455]
1931	[3405813760,3405814015]
1932	[3405857024,3405857279]
1933	[3405905152,3405905407]
1934	[3405944320,3405944575]
1935	[3405990656,3405990911]
1936	[3406006016,3406006271]
1937	[3406075648,3406075903]
1938	[3406095104,3406095359]
1939	[3406108160,3406108415]
1940	[3406146560,3406146815]
1941	[3406151168,3406151423]
1942	[3406204416,3406204671]
1943	[3406271232,3406271487]
1944	[3406301184,3406301439]
1945	[3406322432,3406322687]
1946	[3406346240,3406346495]
1947	[3406352640,3406352895]
1948	[3406379264,3406379519]
1949	[3406383872,3406384127]
1950	[3406444544,3406444799]
1951	[3406513664,3406513919]
1952	[3406526976,3406527231]
1953	[3406566144,3406566399]
1954	[3406578176,3406578431]
1955	[3406591488,3406591743]
1956	[3406617344,3406617599]
1957	[3406671104,3406671359]
1958	[3406706688,3406706943]
1959	[3406722560,3406722815]
1960	[3406751488,3406751743]
1961	[3406784768,3406785023]
1962	[3406816000,3406816255]
1963	[3406833152,3406833407]
1964	[3406864640,3406864895]
1965	[3406884864,3406885119]
1966	[3406896128,3406896383]
1967	[3406930944,3406931199]
1968	[3406952448,3406952703]
1969	[3406962432,3406962687]
1970	[3406981376,3406981631]
1971	[3406988032,3406988287]
1972	[3407007744,3407007999]
1973	[3407026176,3407026431]
1974	[3407034880,3407035135]
1975	[3407045888,3407046143]
1976	[3407056896,3407057151]
1977	[3407073280,3407073535]
1978	[3407089920,3407090175]
1979	[3407108352,3407108607]
1980	[3407120128,3407120383]
1981	[3407145984,3407146239]
1982	[3407155712,3407155967]
1983	[3407162368,3407162623]
1984	[3407188224,3407188479]
1985	[3407234048,3407234303]
1986	[3407238912,3407239167]
1987	[3407258368,3407258623]
1988	[3407279360,3407279615]
1989	[3407297792,3407298047]
1990	[3407309568,3407309823]
1991	[3407328768,3407329023]
1992	[3407339520,3407339775]
1993	[3407352320,3407352575]
1994	[3407362560,3407362815]
1995	[3407369728,3407369983]
1996	[3407377408,3407377663]
1997	[3407390464,3407390719]
1998	[3407403776,3407404031]
1999	[3407436544,3407436799]
2000	[3407446784,3407447039]
2001	[3407452416,3407452671]
2002	[3407459840,3407460095]
2003	[3407471872,3407472127]
2004	[3407481856,3407482111]
2005	[3407492864,3407493119]
2006	[3407498240,3407498495]
2007	[3407508224,3407508479]
2008	[3407515648,3407515903]
2009	[3407523840,3407524095]
2010	[3407535616,3407535871]
2011	[3407544320,3407544575]
2012	[3407549440,3407549695]
2013	[3407560960,3407561215]
2014	[3407570432,3407570687]
2015	[3407576320,3407576575]
2016	[3407606016,3407606271]
2017	[3407618304,3407618559]
2018	[3407624192,3407624447]
2019	[3407631872,3407632127]
2020	[3407644672,3407644927]
2021	[3407653120,3407653375]
2022	[3407660032,3407660287]
2023	[3407678976,3407679231]
2024	[3407691008,3407691263]
2025	[3407696128,3407696383]
2026	[3407701760,3407702015]
2027	[3407724032,3407724287]
2028	[3407733504,3407733759]
2029	[3407738880,3407739135]
2030	[3407757824,3407758079]
2031	[3407771904,3407772159]
2032	[3407782400,3407782655]
2033	[3407790592,3407790847]
2034	[3407801088,3407801343]
2035	[3407819008,3407819263]
2036	[3407826944,3407827199]
2037	[3407833600,3407833855]
2038	[3407851776,3407852031]
2039	[3407858688,3407858943]
2040	[3407871232,3407871487]
2041	[3407887872,3407888127]
2042	[3407898112,3407898367]
2043	[3407907840,3407908095]
2044	[3407923968,3407924223]
2045	[3407942912,3407943167]
2046	[3407953920,3407954175]
2047	[3407957760,3407958015]
2048	[3407971072,3407971327]
2049	[3407984896,3407985151]
2050	[3407997184,3407997439]
2051	[3408008448,3408008703]
2052	[3408020224,3408020479]
2053	[3408030208,3408030463]
2054	[3408044288,3408044543]
2055	[3408064512,3408064767]
2056	[3409380352,3409380607]
2057	[3409387008,3409387263]
2058	[3409407488,3409407743]
2059	[3409435904,3409436159]
2060	[3409447936,3409448191]
2061	[3409456640,3409456895]
2062	[3409486080,3409486335]
2063	[3409492224,3409492479]
2064	[3409496320,3409496575]
2065	[3409502976,3409503231]
2066	[3409509376,3409509631]
2067	[3409517568,3409517823]
2068	[3409526016,3409526271]
2069	[3409533440,3409533695]
2070	[3409550592,3409550847]
2071	[3409567232,3409567487]
2072	[3409871616,3409871871]
2073	[3409897984,3409898239]
2074	[3413043712,3413043967]
2075	[3417179136,3417179391]
2076	[1964507136,1965031423]
2077	[993525760,993787903]
2078	[3729522688,3729784831]
2079	[1860960256,1861091327]
2080	[1886322688,1886388223]
2081	[2938896384,2938961919]
2082	[3657826304,3657891839]
2083	[1970831360,1970864127]
2084	[2113847296,2113863679]
2085	[1998299136,1998307327]
2086	[3664281600,3664289791]
2087	[3406305280,3406307327]
2088	[3406739456,3406741503]
2089	[3407028224,3407030271]
2090	[3407939584,3407941631]
2091	[3411083264,3411085311]
2092	[3412264960,3412267007]
2093	[3414231040,3414233087]
2094	[3418621952,3418623999]
2095	[3526395904,3526397951]
2096	[16843776,16844799]
2097	[241598464,241599487]
2098	[704643072,704644095]
2099	[710103040,710104063]
2100	[714875904,714876927]
2101	[1694498816,1694499839]
2102	[1697997824,1697998847]
2103	[1702887424,1702888447]
2104	[1729503232,1729504255]
2105	[1877711872,1877712895]
2106	[3392963584,3392964607]
2107	[3393388544,3393389567]
2108	[3394067456,3394068479]
2109	[3394503680,3394504703]
2110	[3395181568,3395182591]
2111	[3398370304,3398371327]
2112	[3398893568,3398894591]
2113	[3400335360,3400336383]
2114	[3405841408,3405842431]
2115	[3406075904,3406076927]
2116	[3406389248,3406390271]
2117	[3406521344,3406522367]
2118	[3406611456,3406612479]
2119	[3406797824,3406798847]
2120	[3407240192,3407241215]
2121	[3407706112,3407707135]
2122	[3410798592,3410799615]
2123	[3411642368,3411643391]
2124	[3415494656,3415495679]
2125	[3416981504,3416982527]
2126	[16843264,16843775]
2127	[17040896,17041407]
2128	[830472704,830473215]
2129	[3389023232,3389023743]
2130	[3389407744,3389408255]
2131	[3389419008,3389419519]
2132	[3389599744,3389600255]
2133	[3389809152,3389809663]
2134	[3389941760,3389942271]
2135	[3389946880,3389947391]
2136	[3389968384,3389968895]
2137	[3390332416,3390332927]
2138	[3391488000,3391488511]
2139	[3391526400,3391526911]
2140	[3391620096,3391620607]
2141	[3391687680,3391688191]
2142	[3391946752,3391947263]
2143	[3392111104,3392111615]
2144	[3397370368,3397370879]
2145	[3405786624,3405787135]
2146	[3405804032,3405804543]
2147	[3405857280,3405857791]
2148	[3405938176,3405938687]
2149	[3405960704,3405961215]
2150	[3406070784,3406071295]
2151	[3406104576,3406105087]
2152	[3406131712,3406132223]
2153	[3406158336,3406158847]
2154	[3406268928,3406269439]
2155	[3406327296,3406327807]
2156	[3406349824,3406350335]
2157	[3406384128,3406384639]
2158	[3406579200,3406579711]
2159	[3406684160,3406684671]
2160	[3406780416,3406780927]
2161	[3406836224,3406836735]
2162	[3406937600,3406938111]
2163	[3406980096,3406980607]
2164	[3407065600,3407066111]
2165	[3407112704,3407113215]
2166	[3407185920,3407186431]
2167	[3407281152,3407281663]
2168	[3407340032,3407340543]
2169	[3407386624,3407387135]
2170	[3407429632,3407430143]
2171	[3407493120,3407493631]
2172	[3407530496,3407531007]
2173	[3407655424,3407655935]
2174	[3407740416,3407740927]
2175	[3407804928,3407805439]
2176	[3407869952,3407870463]
2177	[3407919616,3407920127]
2178	[3407990272,3407990783]
2179	[3408017408,3408017919]
2180	[3409412096,3409412607]
2181	[3409465856,3409466367]
2182	[3409513472,3409513983]
2183	[3411018752,3411019263]
2184	[3413602816,3413603327]
2185	[3418162688,3418163199]
2186	[16842752,16843007]
2187	[17435392,17435647]
2188	[1701143552,1701143807]
2189	[3389417216,3389417471]
2190	[3389524992,3389525247]
2191	[3389600512,3389600767]
2192	[3389784576,3389784831]
2193	[3389808640,3389808895]
2194	[3389932800,3389933055]
2195	[3389939968,3389940223]
2196	[3389949696,3389949951]
2197	[3389955328,3389955583]
2198	[3389971200,3389971455]
2199	[3389976320,3389976575]
2200	[3390328576,3390328831]
2201	[3390338304,3390338559]
2202	[3390407424,3390407679]
2203	[3390411520,3390411775]
2204	[3391526144,3391526399]
2205	[3391622912,3391623167]
2206	[3391655680,3391655935]
2207	[3391660544,3391660799]
2208	[3391898368,3391898623]
2209	[3391950592,3391950847]
2210	[3392110592,3392110847]
2211	[3393125376,3393125631]
2212	[3394946048,3394946303]
2213	[3399631616,3399631871]
2214	[3399873792,3399874047]
2215	[3405779456,3405779711]
2216	[3405806080,3405806335]
2217	[3405811712,3405811967]
2218	[3405820160,3405820415]
2219	[3405863424,3405863679]
2220	[3405905408,3405905663]
2221	[3405959424,3405959679]
2222	[3405998336,3405998591]
2223	[3406007040,3406007295]
2224	[3406083072,3406083327]
2225	[3406104320,3406104575]
2226	[3406113792,3406114047]
2227	[3406149120,3406149375]
2228	[3406152448,3406152703]
2229	[3406208256,3406208511]
2230	[3406274048,3406274303]
2231	[3406305024,3406305279]
2232	[3406328576,3406328831]
2233	[3406348288,3406348543]
2234	[3406354688,3406354943]
2235	[3406380800,3406381055]
2236	[3406392320,3406392575]
2237	[3406452736,3406452991]
2238	[3406516736,3406516991]
2239	[3406528000,3406528255]
2240	[3406567424,3406567679]
2241	[3406583552,3406583807]
2242	[3406594560,3406594815]
2243	[3406619136,3406619391]
2244	[3406684928,3406685183]
2245	[3406707968,3406708223]
2246	[3406733824,3406734079]
2247	[3406755328,3406755583]
2248	[3406796032,3406796287]
2249	[3406820864,3406821119]
2250	[3406835968,3406836223]
2251	[3406864896,3406865151]
2252	[3406886144,3406886399]
2253	[3406898944,3406899199]
2254	[3406936832,3406937087]
2255	[3406954240,3406954495]
2256	[3406963968,3406964223]
2257	[3406981888,3406982143]
2258	[3406991360,3406991615]
2259	[3407008512,3407008767]
2260	[3407027712,3407027967]
2261	[3407036416,3407036671]
2262	[3407048448,3407048703]
2263	[3407058176,3407058431]
2264	[3407079680,3407079935]
2265	[3407097856,3407098111]
2266	[3407115008,3407115263]
2267	[3407123968,3407124223]
2268	[3407151616,3407151871]
2269	[3407159552,3407159807]
2270	[3407168512,3407168767]
2271	[3407203840,3407204095]
2272	[3407236096,3407236351]
2273	[3407241984,3407242239]
2274	[3407259136,3407259391]
2275	[3407279616,3407279871]
2276	[3407300864,3407301119]
2277	[3407310848,3407311103]
2278	[3407331328,3407331583]
2279	[3407345920,3407346175]
2280	[3407354624,3407354879]
2281	[3407364864,3407365119]
2282	[3407370752,3407371007]
2283	[3407384832,3407385087]
2284	[3407398656,3407398911]
2285	[3407410176,3407410431]
2286	[3407438592,3407438847]
2287	[3407447808,3407448063]
2288	[3407455232,3407455487]
2289	[3407462144,3407462399]
2290	[3407473408,3407473663]
2291	[3407487488,3407487743]
2292	[3407494144,3407494399]
2293	[3407499264,3407499519]
2294	[3407508480,3407508735]
2295	[3407518208,3407518463]
2296	[3407526144,3407526399]
2297	[3407536128,3407536383]
2298	[3407546880,3407547135]
2299	[3407554560,3407554815]
2300	[3407561216,3407561471]
2301	[3407572224,3407572479]
2302	[3407595520,3407595775]
2303	[3407608320,3407608575]
2304	[3407620864,3407621119]
2305	[3407628544,3407628799]
2306	[3407632384,3407632639]
2307	[3407645696,3407645951]
2308	[3407653376,3407653631]
2309	[3407671040,3407671295]
2310	[3407682560,3407682815]
2311	[3407691520,3407691775]
2312	[3407698432,3407698687]
2313	[3407704064,3407704319]
2314	[3407727872,3407728127]
2315	[3407734528,3407734783]
2316	[3407747328,3407747583]
2317	[3407761664,3407761919]
2318	[3407772416,3407772671]
2319	[3407785216,3407785471]
2320	[3407796480,3407796735]
2321	[3407803904,3407804159]
2322	[3407819520,3407819775]
2323	[3407828224,3407828479]
2324	[3407838208,3407838463]
2325	[3407852800,3407853055]
2326	[3407862784,3407863039]
2327	[3407877120,3407877375]
2328	[3407891456,3407891711]
2329	[3407898880,3407899135]
2330	[3407910912,3407911167]
2331	[3407926272,3407926527]
2332	[3407944192,3407944447]
2333	[3407954688,3407954943]
2334	[3407963136,3407963391]
2335	[3407974656,3407974911]
2336	[3407988736,3407988991]
2337	[3407999744,3407999999]
2338	[3408009984,3408010239]
2339	[3408020736,3408020991]
2340	[3408032000,3408032255]
2341	[3408044544,3408044799]
2342	[3408065024,3408065279]
2343	[3409381888,3409382143]
2344	[3409403136,3409403391]
2345	[3409409792,3409410047]
2346	[3409436672,3409436927]
2347	[3409451008,3409451263]
2348	[3409469184,3409469439]
2349	[3409488128,3409488383]
2350	[3409492736,3409492991]
2351	[3409498624,3409498879]
2352	[3409503232,3409503487]
2353	[3409509888,3409510143]
2354	[3409520384,3409520639]
2355	[3409527296,3409527551]
2356	[3409536256,3409536511]
2357	[3409561600,3409561855]
2358	[3409574144,3409574399]
2359	[3409873664,3409873919]
2360	[3409901056,3409901311]
2361	[3413569792,3413570047]
2362	[3418290432,3418290687]
2363	[3750756352,3751804927]
2364	[3740270592,3740794879]
2365	[3670278144,3670540287]
2366	[707788800,707919871]
2367	[3549364224,3549429759]
2368	[1032388608,1032421375]
2369	[3395774464,3395776511]
2370	[2936012800,2937061375]
2371	[1995964416,1996488703]
2372	[1910243328,1910505471]
2373	[2095579136,2095710207]
2374	[974389248,974454783]
2375	[993198080,993230847]
2376	[3395772416,3395774463]
2377	[1780482048,1781530623]
2378	[1911554048,1912078335]
2379	[2095316992,2095579135]
2380	[1910112256,1910243327]
2381	[1995374592,1995440127]
2382	[3395764224,3395772415]
2383	[1729512448,1729513471]
2384	[1779433472,1780482047]
2385	[975962112,976224255]
2386	[3662413824,3662544895]
2387	[1848901632,1849032703]
2388	[1999044608,1999110143]
2389	[3395776512,3395780607]
2390	[2013265920,2014314495]
2391	[1785724928,1786249215]
2392	[2031616000,2031878143]
2393	[461373440,461504511]
2394	[1007157248,1007288319]
2395	[3683909632,3683975167]
2396	[1007288320,1007353855]
2397	[1033830400,1033846783]
2398	[3395526656,3395528703]
2399	[1861222400,1862270975]
2400	[2031091712,2031615999]
2401	[2075394048,2075656191]
2402	[2031878144,2032009215]
2403	[3739090944,3739222015]
2404	[3720478720,3720544255]
2405	[1027014656,1027080191]
2406	[3395518464,3395526655]
2407	[1729516544,1729517567]
2408	[465043456,465567743]
2409	[1876951040,1877213183]
2410	[2095841280,2096103423]
2411	[3720347648,3720478719]
2412	[3658219520,3658285055]
2413	[3720544256,3720609791]
2414	[1035337728,1035403263]
2415	[3395530752,3395534847]
2416	[1728289792,1728290815]
2417	[1006632960,1007157247]
2418	[2012741632,2013003775]
2419	[1860435968,1860698111]
2420	[1778909184,1779040255]
2421	[3658153984,3658219519]
2422	[3056795648,3056861183]
2423	[1032224768,1032241151]
2424	[3395528704,3395530751]
2425	[1728161792,1728162815]
2426	[1783627776,1784676351]
2427	[2102394880,2102919167]
2428	[1912078336,1912340479]
2429	[3670933504,3671064575]
2430	[2090991616,2091057151]
2431	[975896576,975962111]
2432	[974225408,974258175]
2433	[3708239872,3708248063]
2434	[3395432448,3395436543]
2435	[1729498112,1729499135]
2436	[241696768,242221055]
2437	[453509120,454033407]
2438	[1909194752,1909456895]
2439	[3662020608,3662151679]
2440	[1966800896,1966866431]
2441	[3737518080,3737583615]
2442	[712736768,712769535]
2443	[3708641280,3708649471]
2444	[3395430400,3395432447]
2445	[3411906048,3411906559]
2446	[3736076288,3736600575]
2447	[2073034752,2073296895]
2448	[3684171776,3684302847]
2449	[707919872,707985407]
2450	[3688693760,3688759295]
2451	[3684139008,3684171775]
2452	[2101215232,2101231615]
2453	[3708248064,3708256255]
2454	[3395428352,3395430399]
2455	[3074424832,3074949119]
2456	[2001993728,2002255871]
2457	[3673423872,3673554943]
2458	[462422016,462487551]
2459	[982515712,982581247]
2460	[3708125184,3708157951]
2461	[1033977856,1033994239]
2462	[3416375296,3416383487]
2463	[1728287744,1728288767]
2464	[3741843456,3742367743]
2465	[1984430080,1984954367]
2466	[1930952704,1931214847]
2467	[2075000832,2075131903]
2468	[3659137024,3659202559]
2469	[3737583616,3737649151]
2470	[3395387392,3395403775]
2471	[3395536896,3395538943]
2472	[3082289152,3082813439]
2473	[3670540288,3670802431]
2474	[1897398272,1897660415]
2475	[3721134080,3721265151]
2476	[993001472,993067007]
2477	[2091057152,2091122687]
2478	[1032241152,1032257535]
2479	[1729513472,1729514495]
2480	[2876768256,2877292543]
2481	[2876506112,2876768255]
2482	[21233664,21495807]
2483	[1984954368,1985085439]
2484	[3545366528,3545432063]
2485	[993067008,993099775]
2486	[3395538944,3395543039]
2487	[1857028096,1857552383]
2488	[2091122688,2091384831]
2489	[1021050880,1021313023]
2490	[2032009216,2032074751]
2491	[2019491840,2019557375]
2492	[3684007936,3684024319]
2493	[3395534848,3395536895]
2494	[1793064960,1794113535]
2495	[1939079168,1939341311]
2496	[993263616,993525759]
2497	[3737911296,3738042367]
2498	[1964310528,1964376063]
2499	[974192640,974225407]
2500	[3059744768,3060793343]
2501	[1778647040,1778909183]
2502	[3661627392,3661758463]
2503	[1939341312,1939472383]
2504	[1993605120,1993670655]
2505	[3395674112,3395676159]
2506	[1866989568,1867513855]
2507	[3058958336,3059220479]
2508	[2871132160,2871263231]
2509	[1908539392,1908670463]
2510	[3688628224,3688693759]
2511	[1729495040,1729496063]
2512	[1965555712,1965817855]
2513	[1019740160,1020002303]
2514	[1965817856,1965948927]
2515	[993918976,994050047]
2516	[1035206656,1035239423]
2517	[22020096,22544383]
2518	[3402104832,3402366975]
2519	[3690201088,3690463231]
2520	[3730440192,3730571263]
2521	[1964376064,1964507135]
2522	[3670212608,3670278143]
2523	[2086207488,2086240255]
2524	[3396681728,3396698111]
2525	[3415752704,3415760895]
2526	[3395555328,3395559423]
2527	[1728283648,1728284671]
2528	[606601216,607125503]
2529	[3058696192,3058958335]
2530	[1869742080,1869873151]
2531	[2081816576,2081947647]
2532	[1939472384,1939603455]
2533	[2087976960,2088042495]
2534	[3549298688,3549331455]
2535	[3396665344,3396681727]
2536	[3395559424,3395567615]
2537	[3528949760,3528953855]
2538	[1965031424,1965555711]
2539	[1904476160,1904738303]
2540	[2087845888,2087976959]
2541	[2072641536,2072772607]
2542	[3726114816,3726245887]
2543	[3708485632,3708518399]
2544	[3396698112,3396730879]
2545	[1032192000,1032208383]
2546	[3528953856,3528957951]
2547	[3395551232,3395553279]
2548	[1904738304,1905262591]
2549	[3683647488,3683909631]
2550	[835715072,835846143]
2551	[994705408,994836479]
2552	[1033240576,1033371647]
2553	[2102165504,2102198271]
2554	[2083454976,2083471359]
2555	[3528957952,3528966143]
2556	[3398832128,3398836223]
2557	[1729504256,1729505279]
2558	[3757047808,3757572095]
2559	[1017643008,1018167295]
2560	[606076928,606339071]
2561	[1035862016,1035993087]
2562	[1966669824,1966735359]
2563	[3396321280,3396337663]
2564	[3395733504,3395735551]
2565	[1729499136,1729500159]
2566	[3080716288,3081240575]
2567	[1918894080,1919418367]
2568	[3755343872,3755474943]
2569	[2087714816,2087845887]
2570	[2085158912,2085224447]
2571	[3391504384,3391512575]
2572	[3397371904,3397373951]
2573	[1729032192,1729033215]
2574	[607649792,608174079]
2575	[604241920,604504063]
2576	[3658874880,3659005951]
2577	[1017511936,1017643007]
2578	[1887698944,1887764479]
2579	[3395735552,3395739647]
2580	[3411870720,3411871743]
2581	[1967128576,1967652863]
2582	[1919418368,1919680511]
2583	[1887043584,1887174655]
2584	[988938240,989069311]
2585	[1032159232,1032191999]
2586	[3395731456,3395733503]
2587	[1729940480,1729941503]
2588	[20447232,20971519]
2589	[2074345472,2074607615]
2590	[1007550464,1007681535]
2591	[985792512,985923583]
2592	[1020919808,1021050879]
2593	[3658088448,3658153983]
2594	[1023148032,1023213567]
2595	[1035239424,1035272191]
2596	[1026523136,1026539519]
2597	[3411722240,3411730431]
2598	[3395411968,3395414015]
2599	[1895825408,1896349695]
2600	[3721396224,3721658367]
2601	[2939027456,2939158527]
2602	[1885470720,1885601791]
2603	[716701696,716832767]
2604	[3721658368,3721723903]
2605	[1034354688,1034420223]
2606	[3735814144,3735846911]
2607	[1032454144,1032470527]
2608	[3395403776,3395411967]
2609	[1729986560,1729987583]
2610	[1885601792,1885863935]
2611	[711196672,711458815]
2612	[3657957376,3658088447]
2613	[1925447680,1925578751]
2614	[2110980096,2111045631]
2615	[3721265152,3721330687]
2616	[3721363456,3721396223]
2617	[3396763648,3396796415]
2618	[3721347072,3721363455]
2619	[3411714048,3411722239]
2620	[1728238592,1728239615]
2621	[2057043968,2057306111]
2622	[29097984,29360127]
2623	[1896349696,1896480767]
2624	[3735683072,3735814143]
2625	[3657891840,3657957375]
2626	[1007353856,1007419391]
2627	[1033764864,1033797631]
2628	[2100985856,2101018623]
2629	[3411705856,3411714047]
2630	[3395416064,3395420159]
2631	[1728275456,1728276479]
2632	[2875719680,2876243967]
2633	[3525574656,3525836799]
2634	[3738697728,3738828799]
2635	[3670802432,3670933503]
2636	[1932394496,1932460031]
2637	[2032074752,2032140287]
2638	[3684663296,3684696063]
2639	[3395809280,3395813375]
2640	[3028811776,3029336063]
2641	[2871263232,2871525375]
2642	[1896873984,1897005055]
2643	[3738828800,3738894335]
2644	[1946222592,1946288127]
2645	[976977920,977010687]
2646	[1032568832,1032585215]
2647	[3395807232,3395809279]
2648	[3059220480,3059482623]
2649	[1896611840,1896873983]
2650	[1962672128,1962803199]
2651	[3730046976,3730112511]
2652	[1981480960,1981546495]
2653	[3730014208,3730046975]
2654	[3684646912,3684663295]
2655	[3395805184,3395807231]
2656	[1946681344,1946943487]
2657	[2095185920,2095316991]
2658	[1850212352,1850343423]
2659	[2101936128,2102001663]
2660	[1981677568,1981743103]
2661	[3708256256,3708289023]
2662	[3395796992,3395805183]
2663	[1729510400,1729511423]
2664	[2055733248,2056257535]
2665	[2095710208,2095841279]
2666	[3735552000,3735683071]
2667	[3735027712,3735158783]
2668	[3659202560,3659268095]
2669	[1909784576,1909817343]
2670	[3684024320,3684040703]
2671	[1919827968,1919844351]
2672	[3684040704,3684048895]
2673	[2063085568,2063089663]
2674	[1729523712,1729524735]
2675	[1999634432,2000158719]
2676	[1869873152,1870004223]
2677	[3708289024,3708420095]
2678	[831258624,831389695]
2679	[974454784,974520319]
2680	[3735257088,3735289855]
2681	[1032552448,1032568831]
2682	[3396313088,3396321279]
2683	[3735232512,3735240703]
2684	[3395424256,3395428351]
2685	[2937061376,2937585663]
2686	[2937978880,2938109951]
2687	[994574336,994705407]
2688	[2099249152,2099314687]
2689	[711000064,711065599]
2690	[3735240704,3735257087]
2691	[1033961472,1033977855]
2692	[1985486848,1985495039]
2693	[3735224320,3735232511]
2694	[3395420160,3395422207]
2695	[2074869760,2075000831]
2696	[607125504,607256575]
2697	[989069312,989200383]
2698	[3735158784,3735224319]
2699	[3661496320,3661529087]
2700	[1032486912,1032503295]
2701	[3524050944,3524067327]
2702	[1919877120,1919885311]
2703	[3400888320,3400892415]
2704	[3395422208,3395424255]
2705	[3069181952,3069706239]
2706	[248250368,248381439]
2707	[720502784,720633855]
2708	[3661561856,3661627391]
2709	[3661529088,3661561855]
2710	[1032503296,1032519679]
2711	[3395461120,3395463167]
2712	[1782054912,1782579199]
2713	[3738959872,3739090943]
2714	[1017118720,1017249791]
2715	[2000551936,2000617471]
2716	[3735846912,3735879679]
2717	[3395436544,3395444735]
2718	[1728279552,1728280575]
2719	[1949564928,1949827071]
2720	[1962409984,1962541055]
2721	[3738894336,3738959871]
2722	[3028418560,3028484095]
2723	[3028385792,3028418559]
2724	[3395465216,3395469311]
2725	[1729502208,1729503231]
2726	[1886388224,1886650367]
2727	[1886650368,1886781439]
2728	[1034289152,1034354687]
2729	[3721723904,3721789439]
2730	[3707994112,3708026879]
2731	[3395463168,3395465215]
2732	[1963458560,1963982847]
2733	[3720609792,3720740863]
2734	[709885952,710017023]
2735	[3720740864,3720806399]
2736	[712638464,712703999]
2737	[3396435968,3396452351]
2738	[3396452352,3396460543]
2739	[3684065280,3684069375]
2740	[3396407296,3396411391]
2741	[1729525760,1729526783]
2742	[1008205824,1008467967]
2743	[3033792512,3033923583]
2744	[3069050880,3069116415]
2745	[1035272192,1035337727]
2746	[3661856768,3661889535]
2747	[1032323072,1032339455]
2748	[3395502080,3395510271]
2749	[3395514368,3395518463]
2750	[3396403200,3396407295]
2751	[1728274432,1728275455]
2752	[2099511296,2099773439]
2753	[1008467968,1008599039]
2754	[3689021440,3689086975]
2755	[3723362304,3723427839]
2756	[3723427840,3723460607]
2757	[3396419584,3396435967]
2758	[3396411392,3396419583]
2759	[3399745536,3399749631]
2760	[3395510272,3395512319]
2761	[1728123904,1728124927]
2762	[2073427968,2073559039]
2763	[3661889536,3662020607]
2764	[3716218880,3716284415]
2765	[1008599040,1008664575]
2766	[2099478528,2099511295]
2767	[3684057088,3684065279]
2768	[3684048896,3684057087]
2769	[3396460544,3396464639]
2770	[3395512320,3395514367]
2771	[18350080,18874367]
2772	[2075262976,2075394047]
2773	[1845886976,1846018047]
2774	[2042691584,2042757119]
2775	[3658842112,3658874879]
2776	[1032216576,1032224767]
2777	[3395543040,3395545087]
2778	[28573696,28835839]
2779	[2033713152,2033844223]
2780	[3729391616,3729457151]
2781	[1008664576,1008730111]
2782	[1032470528,1032486911]
2783	[3720855552,3720859647]
2784	[1728285696,1728286719]
2785	[1953497088,1953759231]
2786	[1953759232,1953890303]
2787	[2084765696,2084831231]
2788	[1994784768,1994850303]
2789	[3720839168,3720855551]
2790	[3395547136,3395551231]
2791	[1729497088,1729498111]
2792	[1846542336,1846804479]
2793	[1870528512,1870659583]
2794	[974258176,974323711]
2795	[1952382976,1952448511]
2796	[3684630528,3684646911]
2797	[3395545088,3395547135]
2798	[829423616,829947903]
2799	[3729784832,3729915903]
2800	[2088042496,2088108031]
2801	[3729981440,3730014207]
2802	[3395592192,3395594239]
2803	[3662938112,3663200255]
2804	[2088108032,2088239103]
2805	[3729915904,3729981439]
2806	[3708223488,3708231679]
2807	[1728284672,1728285695]
2808	[1855455232,1855717375]
2809	[1855717376,1855848447]
2810	[1007517696,1007550463]
2811	[3395596288,3395600383]
2812	[1729524736,1729525759]
2813	[2017722368,2017984511]
2814	[2086141952,2086207487]
2815	[3396042752,3396075519]
2816	[3395594240,3395596287]
2817	[710410240,710934527]
2818	[1017380864,1017511935]
2819	[994836480,994902015]
2820	[1934999552,1935015935]
2821	[3708231680,3708239871]
2822	[1729509376,1729510399]
2823	[467664896,467927039]
2824	[3524919296,3525050367]
2825	[1035075584,1035141119]
2826	[1007484928,1007501311]
2827	[3395571712,3395575807]
2828	[1991507968,1991770111]
2829	[3726049280,3726114815]
2830	[3026157568,3026190335]
2831	[1033846784,1033863167]
2832	[3395569664,3395571711]
2833	[2102001664,2102132735]
2834	[2090336256,2090401791]
2835	[2102132736,2102165503]
2836	[1032208384,1032216575]
2837	[3395567616,3395569663]
2838	[30146560,30408703]
2839	[1921646592,1921777663]
2840	[2015232000,2015297535]
2841	[975831040,975896575]
2842	[1035829248,1035862015]
2843	[3395633152,3395641343]
2844	[3395469312,3395471359]
2845	[1870135296,1870397439]
2846	[3730178048,3730309119]
2847	[716832768,716898303]
2848	[1867841536,1867907071]
2849	[1033863168,1033895935]
2850	[3684106240,3684114431]
2851	[1729501184,1729502207]
2852	[19922944,20054015]
2853	[1778515968,1778647039]
2854	[974127104,974192639]
2855	[993230848,993263615]
2856	[2056830976,2056847359]
2857	[3395473408,3395477503]
2858	[1728288768,1728289791]
2859	[1996488704,1996619775]
2860	[1870397440,1870462975]
2861	[1921449984,1921515519]
2862	[3730145280,3730178047]
2863	[3708616704,3708633087]
2864	[3395471360,3395473407]
2865	[3754295296,3754426367]
2866	[2095120384,2095185919]
2867	[993132544,993198079]
2868	[1899692032,1899724799]
2869	[3708534784,3708542975]
2870	[1729507328,1729508351]
2871	[1883373568,1883504639]
2872	[1899626496,1899692031]
2873	[2084700160,2084732927]
2874	[1007501312,1007517695]
2875	[3720863744,3720871935]
2876	[1999175680,1999241215]
2877	[2533294080,2533359615]
2878	[2033844224,2033876991]
2879	[3708518400,3708534783]
2880	[3395604480,3395608575]
2881	[1947009024,1947074559]
2882	[2566914048,2566979583]
2883	[993099776,993132543]
2884	[3395608576,3395616767]
2885	[3395600384,3395602431]
2886	[243662848,243793919]
2887	[2095054848,2095120383]
2888	[3658809344,3658842111]
2889	[3395579904,3395583999]
2890	[3395575808,3395577855]
2891	[1869611008,1869742079]
2892	[2000420864,2000486399]
2893	[3720822784,3720839167]
2894	[3720818688,3720822783]
2895	[1729511424,1729512447]
2896	[20054016,20119551]
2897	[708771840,708837375]
2898	[3708542976,3708551167]
2899	[3720814592,3720818687]
2900	[3729457152,3729522687]
2901	[3056992256,3057025023]
2902	[3720806400,3720814591]
2903	[3395577856,3395579903]
2904	[3755737088,3755868159]
2905	[2948104192,2948120575]
2906	[3395584000,3395586047]
2907	[1856372736,1856503807]
2908	[3721330688,3721347071]
2909	[1729520640,1729521663]
2910	[1993670656,1993736191]
2911	[3395588096,3395592191]
2912	[2101870592,2101936127]
2913	[3395586048,3395588095]
2914	[1710751744,1710882815]
2915	[459464704,459472895]
2916	[3395479552,3395481599]
2917	[1899888640,1900019711]
2918	[3708633088,3708641279]
2919	[1729506304,1729507327]
2920	[2082406400,2082471935]
2921	[3395481600,3395485695]
2922	[1728281600,1728282623]
2923	[3684114432,3684122623]
2924	[3395477504,3395479551]
2925	[838262784,838270975]
2926	[3395379200,3395383295]
2927	[3523350528,3523354623]
2928	[1856315392,1856323583]
2929	[3395383296,3395387391]
2930	[3082158080,3082166271]
2931	[3397595136,3397599231]
2932	[2070708224,2070712319]
2933	[3418296320,3418300415]
2934	[2885681153,2902458367]
\.


--
-- Data for Name: mirror; Type: TABLE DATA; Schema: public; Owner: mirrorRedirector
--

COPY public.mirror (id, url) FROM stdin;
1	https://mirrors.shu.edu.cn
2	https://mirrors.tuna.tsinghua.edu.cn
3	https://ftp.sjtu.edu.cn
4	https://mirrors.geekpie.org
5	https://mirrors.zju.edu.cn
6	https://mirror.lzu.edu.cn
7	http://mirrors.hust.edu.cn
8	https://mirrors.neusoft.edu.cn
10	https://mirrors.ustc.edu.cn
9	http://mirror.bit.edu.cn
\.


--
-- Name: area_id_seq; Type: SEQUENCE SET; Schema: public; Owner: mirrorRedirector
--

SELECT pg_catalog.setval('public.area_id_seq', 32, true);


--
-- Name: area_mirror_id_seq; Type: SEQUENCE SET; Schema: public; Owner: mirrorRedirector
--

SELECT pg_catalog.setval('public.area_mirror_id_seq', 1, false);


--
-- Name: area_mirror_mirror_id_seq; Type: SEQUENCE SET; Schema: public; Owner: mirrorRedirector
--

SELECT pg_catalog.setval('public.area_mirror_mirror_id_seq', 1, false);


--
-- Name: ipv4_area_area_id_seq; Type: SEQUENCE SET; Schema: public; Owner: mirrorRedirector
--

SELECT pg_catalog.setval('public.ipv4_area_area_id_seq', 1, false);


--
-- Name: ipv4_area_id_seq; Type: SEQUENCE SET; Schema: public; Owner: mirrorRedirector
--

SELECT pg_catalog.setval('public.ipv4_area_id_seq', 1, false);


--
-- Name: ipv4_ranges_id_seq; Type: SEQUENCE SET; Schema: public; Owner: mirrorRedirector
--

SELECT pg_catalog.setval('public.ipv4_ranges_id_seq', 1, false);


--
-- Name: mirror_id_seq; Type: SEQUENCE SET; Schema: public; Owner: mirrorRedirector
--

SELECT pg_catalog.setval('public.mirror_id_seq', 10, true);


--
-- Name: area_mirror area_mirror_pkey; Type: CONSTRAINT; Schema: public; Owner: mirrorRedirector
--

ALTER TABLE ONLY public.area_mirror
    ADD CONSTRAINT area_mirror_pkey PRIMARY KEY (id);


--
-- Name: area area_pkey; Type: CONSTRAINT; Schema: public; Owner: mirrorRedirector
--

ALTER TABLE ONLY public.area
    ADD CONSTRAINT area_pkey PRIMARY KEY (id);


--
-- Name: ipv4_area ipv4_area_pkey; Type: CONSTRAINT; Schema: public; Owner: mirrorRedirector
--

ALTER TABLE ONLY public.ipv4_area
    ADD CONSTRAINT ipv4_area_pkey PRIMARY KEY (id);


--
-- Name: ipv4_ranges ipv4_ranges_data_excl; Type: CONSTRAINT; Schema: public; Owner: mirrorRedirector
--

ALTER TABLE ONLY public.ipv4_ranges
    ADD CONSTRAINT ipv4_ranges_data_excl EXCLUDE USING gist (data WITH &&);


--
-- Name: ipv4_ranges ipv4_ranges_pkey; Type: CONSTRAINT; Schema: public; Owner: mirrorRedirector
--

ALTER TABLE ONLY public.ipv4_ranges
    ADD CONSTRAINT ipv4_ranges_pkey PRIMARY KEY (id);


--
-- Name: mirror mirror_pkey; Type: CONSTRAINT; Schema: public; Owner: mirrorRedirector
--

ALTER TABLE ONLY public.mirror
    ADD CONSTRAINT mirror_pkey PRIMARY KEY (id);


--
-- Name: area_id_uindex; Type: INDEX; Schema: public; Owner: mirrorRedirector
--

CREATE UNIQUE INDEX area_id_uindex ON public.area USING btree (id);


--
-- Name: area_mirror_id_uindex; Type: INDEX; Schema: public; Owner: mirrorRedirector
--

CREATE UNIQUE INDEX area_mirror_id_uindex ON public.area_mirror USING btree (id);


--
-- Name: ipv4_area_id_uindex; Type: INDEX; Schema: public; Owner: mirrorRedirector
--

CREATE UNIQUE INDEX ipv4_area_id_uindex ON public.ipv4_area USING btree (id);


--
-- Name: ipv4_ranges_data_index; Type: INDEX; Schema: public; Owner: mirrorRedirector
--

CREATE INDEX ipv4_ranges_data_index ON public.ipv4_ranges USING gist (data);


--
-- Name: ipv4_ranges_data_uindex; Type: INDEX; Schema: public; Owner: mirrorRedirector
--

CREATE UNIQUE INDEX ipv4_ranges_data_uindex ON public.ipv4_ranges USING btree (data);


--
-- Name: ipv4_ranges_id_uindex; Type: INDEX; Schema: public; Owner: mirrorRedirector
--

CREATE UNIQUE INDEX ipv4_ranges_id_uindex ON public.ipv4_ranges USING btree (id);


--
-- Name: mirror_id_uindex; Type: INDEX; Schema: public; Owner: mirrorRedirector
--

CREATE UNIQUE INDEX mirror_id_uindex ON public.mirror USING btree (id);


--
-- Name: mirror_url_uindex; Type: INDEX; Schema: public; Owner: mirrorRedirector
--

CREATE UNIQUE INDEX mirror_url_uindex ON public.mirror USING btree (url);


--
-- Name: area_mirror area_mirror_area_id_fk; Type: FK CONSTRAINT; Schema: public; Owner: mirrorRedirector
--

ALTER TABLE ONLY public.area_mirror
    ADD CONSTRAINT area_mirror_area_id_fk FOREIGN KEY (id) REFERENCES public.area(id) ON DELETE CASCADE;


--
-- Name: area_mirror area_mirror_mirror_id_fk; Type: FK CONSTRAINT; Schema: public; Owner: mirrorRedirector
--

ALTER TABLE ONLY public.area_mirror
    ADD CONSTRAINT area_mirror_mirror_id_fk FOREIGN KEY (mirror_id) REFERENCES public.mirror(id) ON DELETE SET NULL;


--
-- Name: ipv4_area ipv4_area_area_id_fk; Type: FK CONSTRAINT; Schema: public; Owner: mirrorRedirector
--

ALTER TABLE ONLY public.ipv4_area
    ADD CONSTRAINT ipv4_area_area_id_fk FOREIGN KEY (area_id) REFERENCES public.area(id) ON DELETE CASCADE;


--
-- PostgreSQL database dump complete
--

